{"type":"FeatureCollection","name":"geology-gaps","description":"Terrain DEM bbox [10.3, 45.8, 12.7, 47.2] minus the union of all geology source coverage in geology-dolomites.pmtiles (bz-geology-carg, pat-geology-carta-geologica, veneto-litologia-250k, swisstopo-geocover, ispra-geologia-100k-inspire, geosphere-geologicunits-500k): areas with no open vector geology, one feature per part, largest first, with area_km2 and mean_width_m (2 x area / perimeter in EPSG:25832) so a viewer can tell thin seams along sheet and source borders from real gaps. Display geometry: opening with radius 0.0001 deg (drops slivers narrower than about 15-20 m), simplified 0.0001 deg, parts under 1e-07 deg2 omitted, coordinates rounded to 5 decimals and repaired. Geology is not extended into the gaps.","features":[{"type":"Feature","properties":{"kind":"no_open_geology","area_km2":25.9703,"mean_width_m":830},"geometry":{"type":"Polygon","coordinates":[[[10.48637,46.15061],[10.48677,46.15153],[10.48639,46.15285],[10.48652,46.15354],[10.48695,46.15376],[10.48895,46.15382],[10.48911,46.15342],[10.48858,46.15245],[10.48856,46.15212],[10.48939,46.15157],[10.48878,46.15146],[10.4887,46.15071],[10.48797,46.15041],[10.48772,46.15005],[10.48868,46.149],[10.48945,46.14923],[10.49014,46.15068],[10.49132,46.15152],[10.49162,46.15197],[10.49167,46.15235],[10.49109,46.15472],[10.49356,46.15631],[10.49508,46.15762],[10.49616,46.15833],[10.49638,46.15827],[10.49637,46.15771],[10.49698,46.1565],[10.4969,46.15552],[10.49591,46.15418],[10.49589,46.1537],[10.49626,46.15361],[10.4969,46.1539],[10.49799,46.15546],[10.49802,46.15577],[10.49734,46.15855],[10.49738,46.15957],[10.49832,46.16069],[10.4995,46.16165],[10.49993,46.1618],[10.50103,46.16193],[10.50209,46.16178],[10.50257,46.16149],[10.50284,46.16054],[10.50335,46.16033],[10.5038,46.16067],[10.50414,46.16182],[10.50485,46.1621],[10.50741,46.16236],[10.50866,46.16264],[10.51462,46.16295],[10.5155,46.16263],[10.51674,46.16079],[10.51722,46.16065],[10.51754,46.16105],[10.5167,46.16387],[10.51574,46.16468],[10.51427,46.16493],[10.51227,46.16472],[10.51165,46.16444],[10.51047,46.16357],[10.50947,46.16345],[10.50886,46.1639],[10.50838,46.16573],[10.50795,46.1661],[10.50767,46.16578],[10.5078,46.16391],[10.50749,46.16374],[10.50689,46.16408],[10.50662,46.16564],[10.50569,46.16667],[10.50363,46.16779],[10.50281,46.16854],[10.50168,46.16887],[10.50101,46.16885],[10.50049,46.16859],[10.50019,46.16809],[10.50024,46.16762],[10.50092,46.16714],[10.50252,46.16647],[10.50394,46.1646],[10.50465,46.16391],[10.50464,46.16351],[10.50425,46.16351],[10.50373,46.16386],[10.50338,46.16454],[10.50263,46.16524],[10.50187,46.16626],[10.50074,46.16637],[10.50017,46.16711],[10.49971,46.1672],[10.49919,46.16695],[10.49935,46.16619],[10.49978,46.16558],[10.50002,46.1648],[10.49987,46.16427],[10.4995,46.16417],[10.49849,46.16452],[10.49768,46.16371],[10.49669,46.16371],[10.4963,46.16354],[10.49608,46.16315],[10.496,46.1622],[10.49576,46.16201],[10.49512,46.16207],[10.49466,46.1623],[10.49444,46.16271],[10.4944,46.16348],[10.4937,46.1642],[10.49367,46.16494],[10.49335,46.16556],[10.49205,46.16607],[10.49236,46.1676],[10.49144,46.16874],[10.49135,46.17004],[10.49108,46.17104],[10.49205,46.17054],[10.49268,46.17062],[10.49291,46.17077],[10.49296,46.17108],[10.49297,46.17152],[10.49226,46.17414],[10.49145,46.17546],[10.4885,46.17725],[10.48738,46.17743],[10.48733,46.17764],[10.48704,46.17774],[10.48601,46.17764],[10.4867,46.17893],[10.48742,46.17898],[10.48774,46.17943],[10.48807,46.17959],[10.49019,46.17985],[10.49009,46.17934],[10.49061,46.17877],[10.49184,46.17853],[10.49503,46.17639],[10.49667,46.17555],[10.49819,46.1739],[10.49872,46.1728],[10.49933,46.17264],[10.49952,46.17416],[10.49968,46.17427],[10.50146,46.17432],[10.50354,46.17381],[10.50481,46.17455],[10.50454,46.17618],[10.50385,46.1781],[10.50393,46.17923],[10.50408,46.1795],[10.50698,46.18096],[10.50774,46.18216],[10.50913,46.18279],[10.50986,46.18349],[10.51053,46.18434],[10.51073,46.18486],[10.51329,46.18386],[10.51385,46.1833],[10.51379,46.18257],[10.51259,46.18129],[10.51236,46.18023],[10.51111,46.1797],[10.50985,46.17767],[10.51216,46.17715],[10.5123,46.17698],[10.51224,46.17679],[10.51147,46.17638],[10.50996,46.1764],[10.50966,46.176],[10.51042,46.17543],[10.51214,46.17499],[10.5124,46.17464],[10.51234,46.17441],[10.51197,46.17416],[10.5099,46.17411],[10.50964,46.17339],[10.50967,46.17266],[10.50918,46.17213],[10.50888,46.17106],[10.50946,46.16815],[10.50981,46.16738],[10.51012,46.16596],[10.51082,46.16558],[10.51229,46.1655],[10.51378,46.16561],[10.51449,46.16588],[10.51317,46.16776],[10.51309,46.17163],[10.51333,46.17366],[10.51321,46.17453],[10.5147,46.1762],[10.51496,46.17984],[10.5155,46.18158],[10.51603,46.18488],[10.51624,46.18512],[10.51655,46.18514],[10.51761,46.18437],[10.51855,46.18434],[10.51917,46.18462],[10.51947,46.18532],[10.52007,46.1854],[10.52042,46.18569],[10.51987,46.18605],[10.51853,46.18595],[10.51763,46.18622],[10.51731,46.18661],[10.51752,46.18721],[10.51738,46.18747],[10.51647,46.18792],[10.51561,46.18814],[10.51548,46.18842],[10.51421,46.1893],[10.51404,46.19009],[10.51423,46.19322],[10.51291,46.19447],[10.51282,46.19475],[10.51289,46.19548],[10.51423,46.19755],[10.51423,46.19835],[10.5138,46.19912],[10.51394,46.20055],[10.51567,46.20257],[10.51676,46.20336],[10.51761,46.20389],[10.51907,46.20423],[10.52108,46.20625],[10.52415,46.20743],[10.52524,46.20836],[10.52887,46.213],[10.5298,46.21398],[10.53093,46.2146],[10.53313,46.21536],[10.53464,46.21551],[10.53643,46.21601],[10.53594,46.21445],[10.53505,46.21281],[10.53384,46.21129],[10.53225,46.20793],[10.53214,46.20702],[10.53259,46.20651],[10.53441,46.20567],[10.53542,46.20495],[10.53824,46.2035],[10.53765,46.20266],[10.53754,46.20127],[10.53778,46.20023],[10.53812,46.2],[10.53845,46.20008],[10.53947,46.20117],[10.53999,46.20221],[10.54016,46.20319],[10.54002,46.2043],[10.54165,46.20566],[10.54179,46.20611],[10.54255,46.20642],[10.5431,46.2074],[10.54314,46.20797],[10.54251,46.21185],[10.54254,46.2146],[10.5427,46.21516],[10.54386,46.21691],[10.5439,46.21819],[10.54425,46.21897],[10.54422,46.21962],[10.54519,46.22015],[10.54606,46.21988],[10.54715,46.2184],[10.54761,46.21691],[10.54828,46.21589],[10.54942,46.21334],[10.54952,46.21254],[10.54934,46.21071],[10.54829,46.20784],[10.54809,46.20638],[10.54801,46.20295],[10.54745,46.20112],[10.54688,46.19997],[10.54426,46.19688],[10.54292,46.19611],[10.54209,46.19631],[10.54069,46.19628],[10.53994,46.19658],[10.53958,46.19729],[10.53956,46.19822],[10.53858,46.19932],[10.53812,46.19946],[10.53761,46.19932],[10.53743,46.19879],[10.53771,46.19752],[10.53917,46.19559],[10.54136,46.19486],[10.54173,46.19451],[10.54171,46.19373],[10.54048,46.19214],[10.53979,46.19087],[10.5398,46.19014],[10.54018,46.18986],[10.54134,46.19011],[10.54148,46.18866],[10.54252,46.18795],[10.5437,46.1875],[10.54431,46.18693],[10.54682,46.18545],[10.5457,46.18529],[10.54465,46.18574],[10.54363,46.18557],[10.54271,46.18451],[10.54198,46.18322],[10.54077,46.18167],[10.54017,46.18114],[10.53972,46.18097],[10.53669,46.18305],[10.53633,46.18389],[10.53677,46.18538],[10.53738,46.18625],[10.53725,46.18662],[10.53681,46.18676],[10.53572,46.18664],[10.53459,46.18583],[10.53366,46.18574],[10.53289,46.18591],[10.53253,46.18636],[10.5316,46.18642],[10.53136,46.18678],[10.53088,46.18692],[10.52954,46.18695],[10.52902,46.18684],[10.52898,46.18659],[10.52979,46.18557],[10.53225,46.18473],[10.53463,46.18333],[10.53536,46.18136],[10.53694,46.18015],[10.53807,46.17847],[10.53892,46.1781],[10.54271,46.17813],[10.54667,46.17886],[10.55042,46.17998],[10.55161,46.18058],[10.55883,46.17051],[10.5585,46.17042],[10.55808,46.17003],[10.5581,46.16953],[10.55861,46.1688],[10.56001,46.16794],[10.56035,46.1675],[10.56052,46.16701],[10.56048,46.16594],[10.55922,46.16474],[10.5578,46.16419],[10.55581,46.16473],[10.55394,46.16588],[10.55322,46.16599],[10.55227,46.16589],[10.55228,46.16549],[10.55256,46.16528],[10.55514,46.16425],[10.55678,46.16338],[10.55572,46.16225],[10.55672,46.16088],[10.5577,46.16006],[10.55724,46.1596],[10.55728,46.15846],[10.55704,46.15818],[10.55724,46.15807],[10.55722,46.1569],[10.55542,46.15542],[10.55555,46.15463],[10.5554,46.154],[10.55477,46.15268],[10.55385,46.15136],[10.55336,46.1513],[10.55136,46.15157],[10.55083,46.15155],[10.55046,46.15135],[10.55062,46.15109],[10.55214,46.1507],[10.55273,46.1504],[10.55267,46.15007],[10.55244,46.14992],[10.55131,46.14954],[10.54867,46.14946],[10.5443,46.14961],[10.54343,46.14941],[10.54676,46.14783],[10.54692,46.14762],[10.54697,46.14698],[10.54622,46.14529],[10.54559,46.14442],[10.54198,46.14278],[10.54025,46.14266],[10.53996,46.14251],[10.53944,46.14165],[10.53947,46.14132],[10.53995,46.14073],[10.53984,46.13968],[10.54039,46.13854],[10.54037,46.13685],[10.5407,46.13615],[10.54046,46.13501],[10.54004,46.13459],[10.53931,46.13467],[10.5389,46.13501],[10.53902,46.13572],[10.53886,46.13625],[10.53796,46.13658],[10.53712,46.13656],[10.53616,46.13606],[10.53466,46.13583],[10.53382,46.13521],[10.53345,46.13529],[10.53323,46.13568],[10.53282,46.13589],[10.53237,46.13593],[10.53192,46.13574],[10.5312,46.13503],[10.53004,46.13519],[10.52976,46.13509],[10.53032,46.13371],[10.53136,46.13318],[10.53126,46.13299],[10.53098,46.13295],[10.53086,46.13256],[10.53041,46.13255],[10.52938,46.13294],[10.52808,46.13374],[10.52689,46.13544],[10.52627,46.13661],[10.52607,46.13738],[10.52543,46.13824],[10.52419,46.13857],[10.52402,46.1389],[10.52421,46.13956],[10.52366,46.1401],[10.52055,46.14133],[10.51966,46.14129],[10.51852,46.14177],[10.51664,46.14215],[10.51589,46.14258],[10.51536,46.14353],[10.51475,46.14367],[10.51419,46.14346],[10.51389,46.14271],[10.51295,46.142],[10.51232,46.14172],[10.51059,46.14138],[10.50974,46.14079],[10.50845,46.14071],[10.5065,46.14092],[10.50547,46.14058],[10.50328,46.14038],[10.50292,46.13966],[10.50313,46.13874],[10.50398,46.13753],[10.50323,46.13773],[10.50068,46.13859],[10.5015,46.139],[10.50172,46.13951],[10.50166,46.13991],[10.50121,46.14063],[10.50122,46.14122],[10.50189,46.14129],[10.5021,46.14088],[10.50239,46.14078],[10.50342,46.14082],[10.50383,46.14101],[10.50553,46.14264],[10.50756,46.14347],[10.50776,46.14394],[10.50863,46.14437],[10.50901,46.14501],[10.50858,46.1454],[10.50787,46.14666],[10.50759,46.14776],[10.50727,46.14821],[10.50663,46.14843],[10.50096,46.1448],[10.50041,46.14477],[10.49963,46.14506],[10.4973,46.14505],[10.49638,46.1447],[10.49546,46.14507],[10.49372,46.14531],[10.49305,46.14611],[10.49298,46.14743],[10.49281,46.14771],[10.49242,46.14789],[10.48962,46.14837],[10.48902,46.14814],[10.48914,46.14771],[10.4889,46.14755],[10.48603,46.14827],[10.48591,46.1486],[10.48603,46.14884],[10.4869,46.14907],[10.48714,46.14936],[10.48668,46.1499],[10.48675,46.15039],[10.48637,46.15061]],[[10.52971,46.17598],[10.5299,46.17626],[10.52981,46.17642],[10.52841,46.17638],[10.52788,46.17607],[10.52761,46.17557],[10.52778,46.17543],[10.52874,46.1755],[10.52971,46.17598]],[[10.52252,46.1876],[10.52211,46.18717],[10.52207,46.18672],[10.52268,46.18625],[10.52385,46.18625],[10.52583,46.18695],[10.52631,46.18729],[10.52639,46.18777],[10.52615,46.1881],[10.52567,46.18813],[10.52409,46.18777],[10.523,46.18782],[10.52252,46.1876]],[[10.52028,46.15536],[10.52069,46.15496],[10.5216,46.15486],[10.5217,46.15499],[10.52158,46.15559],[10.5222,46.15572],[10.52288,46.1554],[10.52312,46.15545],[10.52366,46.15605],[10.52436,46.15617],[10.52462,46.15642],[10.52417,46.15681],[10.52133,46.15814],[10.51839,46.16019],[10.51774,46.16022],[10.5176,46.15978],[10.51865,46.1577],[10.51865,46.1555],[10.51905,46.15507],[10.51935,46.155],[10.51962,46.15504],[10.51997,46.15537],[10.52028,46.15536]],[[10.48802,46.17781],[10.48891,46.17808],[10.48926,46.17853],[10.48846,46.17867],[10.48723,46.17824],[10.48732,46.17791],[10.48802,46.17781]]]}},{"type":"Feature","properties":{"kind":"no_open_geology","area_km2":24.8256,"mean_width_m":625},"geometry":{"type":"Polygon","coordinates":[[[10.72381,46.83778],[10.7271,46.83811],[10.7321,46.83803],[10.73353,46.83751],[10.73365,46.83656],[10.73424,46.83566],[10.73642,46.83492],[10.74255,46.83373],[10.7459,46.83338],[10.74883,46.83364],[10.75392,46.83307],[10.75575,46.83259],[10.75696,46.83123],[10.75786,46.82751],[10.76284,46.82457],[10.76384,46.82332],[10.76399,46.82279],[10.76324,46.82129],[10.76176,46.82074],[10.76023,46.81954],[10.7596,46.81819],[10.75809,46.8177],[10.75678,46.81629],[10.75423,46.81527],[10.75216,46.81477],[10.7529,46.81694],[10.75179,46.81672],[10.75001,46.81757],[10.74685,46.81873],[10.74502,46.82044],[10.74413,46.82099],[10.74362,46.82111],[10.74219,46.82101],[10.74204,46.82067],[10.74219,46.8201],[10.74255,46.81972],[10.74592,46.81738],[10.74841,46.81652],[10.74887,46.81613],[10.74902,46.81575],[10.74902,46.81489],[10.74921,46.81437],[10.74946,46.81415],[10.75022,46.81381],[10.75122,46.81379],[10.7508,46.81301],[10.74994,46.81266],[10.74885,46.81113],[10.74642,46.80851],[10.74611,46.80748],[10.74594,46.80812],[10.74512,46.80939],[10.74558,46.81079],[10.74558,46.81144],[10.74532,46.81189],[10.74367,46.81111],[10.74258,46.80888],[10.74145,46.80743],[10.74146,46.8066],[10.74179,46.80607],[10.74285,46.80594],[10.74505,46.80617],[10.74595,46.80722],[10.74592,46.80464],[10.7375,46.80022],[10.73429,46.79901],[10.73316,46.79877],[10.73211,46.79877],[10.73141,46.79849],[10.72869,46.79862],[10.72784,46.79835],[10.72754,46.79901],[10.72754,46.79997],[10.72872,46.80011],[10.72884,46.80057],[10.7309,46.80332],[10.73097,46.80378],[10.7305,46.80417],[10.72938,46.80386],[10.72796,46.80208],[10.72674,46.80131],[10.72608,46.8012],[10.72269,46.80128],[10.72217,46.8011],[10.72208,46.80088],[10.72225,46.8002],[10.72436,46.7988],[10.7255,46.79783],[10.72563,46.79698],[10.72492,46.79603],[10.72491,46.79535],[10.72569,46.79496],[10.72714,46.79463],[10.72811,46.7939],[10.7283,46.79264],[10.72773,46.79062],[10.72995,46.78892],[10.73024,46.78885],[10.73128,46.78791],[10.73226,46.78485],[10.7325,46.78436],[10.73275,46.7842],[10.73387,46.78457],[10.73431,46.78708],[10.73428,46.78819],[10.73528,46.78843],[10.73646,46.78817],[10.73811,46.78718],[10.74017,46.78712],[10.74237,46.78682],[10.74418,46.78758],[10.74586,46.78755],[10.74659,46.78691],[10.74914,46.78555],[10.7509,46.78482],[10.75252,46.7847],[10.75335,46.78439],[10.75484,46.7834],[10.7574,46.78247],[10.75898,46.78169],[10.7618,46.77977],[10.76226,46.77922],[10.76185,46.77865],[10.76054,46.77801],[10.75773,46.77775],[10.7555,46.7773],[10.75509,46.777],[10.7554,46.77607],[10.75528,46.77571],[10.75454,46.7754],[10.75311,46.77569],[10.75014,46.77714],[10.74887,46.77744],[10.74568,46.77753],[10.74333,46.77796],[10.7367,46.77802],[10.73298,46.77905],[10.7331,46.77998],[10.73237,46.78095],[10.73306,46.78181],[10.73318,46.78227],[10.73309,46.78284],[10.73283,46.78317],[10.73255,46.78321],[10.73154,46.78279],[10.73012,46.78178],[10.72764,46.78119],[10.72649,46.78139],[10.72541,46.78131],[10.72425,46.78145],[10.72176,46.78231],[10.72117,46.78227],[10.72041,46.78195],[10.71746,46.78215],[10.71657,46.78173],[10.71723,46.78052],[10.71717,46.77974],[10.71653,46.77931],[10.71562,46.77922],[10.71083,46.77931],[10.70917,46.77981],[10.70824,46.7805],[10.70712,46.78218],[10.70637,46.78264],[10.70549,46.78271],[10.70464,46.78257],[10.70325,46.782],[10.70203,46.78199],[10.7008,46.7813],[10.69905,46.78124],[10.69868,46.78107],[10.69832,46.78065],[10.6982,46.78024],[10.69829,46.7771],[10.69881,46.7762],[10.69877,46.77579],[10.69816,46.77555],[10.69637,46.77565],[10.69559,46.77591],[10.69421,46.77692],[10.69347,46.77787],[10.69341,46.77863],[10.69494,46.78031],[10.69866,46.78252],[10.70166,46.78457],[10.70228,46.78523],[10.70282,46.78619],[10.70442,46.78757],[10.70445,46.78849],[10.7018,46.79224],[10.70153,46.79367],[10.70207,46.79519],[10.7029,46.79625],[10.70401,46.79708],[10.70571,46.79795],[10.70622,46.79861],[10.70651,46.79952],[10.70643,46.79991],[10.70604,46.80033],[10.70321,46.80006],[10.70102,46.79841],[10.70018,46.79799],[10.69929,46.79774],[10.69721,46.79775],[10.69485,46.79717],[10.69432,46.79681],[10.69341,46.79578],[10.68999,46.7937],[10.69036,46.7935],[10.69208,46.79354],[10.69518,46.79398],[10.69569,46.79417],[10.69773,46.79383],[10.6978,46.79345],[10.69877,46.79221],[10.69848,46.79136],[10.69904,46.79015],[10.69904,46.78913],[10.69822,46.78905],[10.69592,46.78928],[10.69281,46.79115],[10.69207,46.79129],[10.68873,46.79138],[10.68623,46.79033],[10.68319,46.78992],[10.68254,46.78769],[10.68208,46.78722],[10.68088,46.78669],[10.6805,46.78624],[10.68123,46.78469],[10.68133,46.78391],[10.68087,46.78326],[10.68035,46.78289],[10.67903,46.78257],[10.67804,46.78257],[10.67689,46.78267],[10.67633,46.78297],[10.67482,46.7848],[10.67318,46.786],[10.67172,46.78779],[10.67117,46.78808],[10.67106,46.78869],[10.67226,46.78951],[10.67249,46.78997],[10.67201,46.79108],[10.67133,46.79163],[10.66969,46.79216],[10.6677,46.7922],[10.66618,46.79202],[10.66407,46.79132],[10.66184,46.78985],[10.66053,46.78968],[10.66003,46.78991],[10.65967,46.79234],[10.65991,46.79265],[10.66054,46.79289],[10.66088,46.79324],[10.66104,46.79363],[10.66082,46.79418],[10.66101,46.7944],[10.66236,46.79521],[10.66316,46.79522],[10.666,46.79467],[10.66924,46.79494],[10.67027,46.79516],[10.67395,46.79658],[10.67569,46.79673],[10.67625,46.79709],[10.67649,46.79762],[10.67649,46.79812],[10.67632,46.79832],[10.67499,46.79868],[10.67146,46.79914],[10.67017,46.79952],[10.6702,46.79972],[10.67104,46.8005],[10.67135,46.80143],[10.67111,46.80263],[10.67046,46.80342],[10.66821,46.8048],[10.66347,46.80592],[10.66104,46.80552],[10.66019,46.80501],[10.65974,46.80429],[10.65993,46.80293],[10.65986,46.80205],[10.65674,46.80302],[10.65579,46.80311],[10.65504,46.80299],[10.65428,46.80257],[10.65238,46.80241],[10.64916,46.80315],[10.64817,46.80381],[10.64816,46.80414],[10.64837,46.80443],[10.6512,46.80654],[10.65234,46.80815],[10.65375,46.80809],[10.65459,46.80603],[10.65484,46.80577],[10.65539,46.80564],[10.65668,46.80555],[10.6582,46.80647],[10.66033,46.80691],[10.66069,46.80747],[10.66074,46.80871],[10.66134,46.80933],[10.66135,46.81165],[10.6619,46.8136],[10.66223,46.81385],[10.6633,46.81406],[10.66388,46.81399],[10.66433,46.81368],[10.66447,46.81327],[10.66426,46.81057],[10.66443,46.80998],[10.66469,46.8099],[10.66629,46.81019],[10.668,46.81139],[10.66893,46.81254],[10.66963,46.81297],[10.67274,46.81177],[10.67275,46.81149],[10.67202,46.81042],[10.67009,46.80883],[10.66916,46.80785],[10.6691,46.80743],[10.66927,46.80709],[10.67047,46.80643],[10.67049,46.80599],[10.66988,46.80511],[10.66981,46.80469],[10.6699,46.80438],[10.67074,46.80403],[10.67172,46.80418],[10.67251,46.80482],[10.67346,46.80717],[10.67451,46.80866],[10.67554,46.80946],[10.67641,46.80982],[10.67734,46.81123],[10.67795,46.81184],[10.67862,46.81224],[10.67927,46.81237],[10.68006,46.81222],[10.68072,46.81099],[10.68191,46.80971],[10.68214,46.8088],[10.68187,46.80712],[10.68123,46.80606],[10.68106,46.80471],[10.68081,46.80413],[10.6807,46.80251],[10.68076,46.80228],[10.68117,46.80206],[10.68213,46.80212],[10.68327,46.80269],[10.68417,46.80347],[10.68481,46.80458],[10.68525,46.80659],[10.6852,46.80772],[10.6856,46.81059],[10.68607,46.81196],[10.68688,46.81306],[10.6883,46.81434],[10.68957,46.815],[10.69045,46.81507],[10.69119,46.81497],[10.69163,46.81453],[10.69304,46.81108],[10.69402,46.80953],[10.69526,46.80866],[10.6962,46.80837],[10.69686,46.80854],[10.69732,46.80892],[10.69766,46.80951],[10.69965,46.81431],[10.7003,46.81491],[10.70087,46.81493],[10.70158,46.81418],[10.70208,46.81306],[10.7031,46.81183],[10.70345,46.8112],[10.70351,46.81006],[10.70452,46.80871],[10.70463,46.8084],[10.70423,46.80543],[10.70438,46.80486],[10.70457,46.80474],[10.70483,46.80483],[10.70594,46.80603],[10.70696,46.8108],[10.70997,46.81609],[10.71027,46.81731],[10.7099,46.81802],[10.70868,46.81901],[10.70646,46.82005],[10.7031,46.82048],[10.69851,46.82061],[10.69717,46.82098],[10.69112,46.82148],[10.68886,46.82188],[10.68713,46.82199],[10.68608,46.82253],[10.68588,46.82297],[10.6859,46.82347],[10.68559,46.82385],[10.6857,46.82429],[10.68626,46.8246],[10.6873,46.82467],[10.69837,46.82353],[10.69919,46.82356],[10.70044,46.82376],[10.70741,46.82623],[10.71229,46.82771],[10.71345,46.82842],[10.71374,46.82872],[10.71363,46.83079],[10.71535,46.83263],[10.71554,46.83371],[10.71527,46.83538],[10.71334,46.83745],[10.71285,46.83777],[10.71173,46.84002],[10.7118,46.84082],[10.71243,46.84088],[10.71288,46.84115],[10.71295,46.84147],[10.71328,46.84153],[10.714,46.8414],[10.71441,46.84114],[10.71525,46.83947],[10.71573,46.83902],[10.71611,46.83881],[10.71773,46.83859],[10.71847,46.83831],[10.71896,46.83792],[10.71938,46.83741],[10.71997,46.83542],[10.72303,46.83182],[10.72475,46.83051],[10.72651,46.82963],[10.72907,46.82884],[10.73185,46.82835],[10.73202,46.82786],[10.73176,46.82743],[10.7318,46.82713],[10.73297,46.82652],[10.73406,46.82556],[10.73466,46.82528],[10.73573,46.82529],[10.74126,46.82634],[10.74116,46.82679],[10.74077,46.82706],[10.74029,46.82774],[10.73809,46.82967],[10.72623,46.83563],[10.72381,46.83778]],[[10.73248,46.81385],[10.73351,46.81352],[10.73425,46.8136],[10.7354,46.81461],[10.73538,46.8151],[10.73491,46.81568],[10.73408,46.81594],[10.73337,46.81652],[10.73276,46.8165],[10.73213,46.81584],[10.7318,46.81505],[10.73194,46.81432],[10.73248,46.81385]],[[10.73274,46.80908],[10.73095,46.8093],[10.7306,46.80909],[10.73058,46.8089],[10.73096,46.80826],[10.73113,46.80743],[10.73195,46.80702],[10.73312,46.80719],[10.7344,46.80886],[10.73448,46.80927],[10.73438,46.80948],[10.73406,46.80953],[10.73274,46.80908]],[[10.72171,46.82919],[10.72005,46.83114],[10.71847,46.83209],[10.71749,46.83221],[10.7166,46.83179],[10.71607,46.83126],[10.71608,46.8305],[10.71697,46.82978],[10.71923,46.82907],[10.72085,46.82821],[10.72404,46.82696],[10.72633,46.8263],[10.72703,46.82655],[10.72728,46.82682],[10.7272,46.82713],[10.72689,46.82728],[10.72466,46.82785],[10.72171,46.82919]],[[10.72025,46.81334],[10.72123,46.8108],[10.72178,46.8085],[10.72221,46.80752],[10.72342,46.80659],[10.7237,46.8061],[10.72431,46.80617],[10.72459,46.80688],[10.72611,46.80812],[10.72609,46.80854],[10.72547,46.80928],[10.72199,46.8123],[10.72157,46.8134],[10.72236,46.81424],[10.72237,46.81449],[10.72132,46.81588],[10.72283,46.81753],[10.72433,46.81808],[10.72469,46.81882],[10.72468,46.81936],[10.72346,46.82034],[10.72242,46.82037],[10.71916,46.82183],[10.71805,46.82194],[10.71778,46.82156],[10.71834,46.82036],[10.71956,46.81913],[10.71991,46.81853],[10.71996,46.81474],[10.72025,46.81334]],[[10.71619,46.7918],[10.7131,46.7899],[10.71256,46.78871],[10.71254,46.7881],[10.71299,46.78753],[10.71439,46.78711],[10.71562,46.7865],[10.71669,46.7865],[10.71944,46.7869],[10.72108,46.78813],[10.72163,46.78974],[10.7217,46.79202],[10.72111,46.7923],[10.72039,46.79239],[10.71948,46.79233],[10.7184,46.79193],[10.7175,46.79204],[10.71619,46.7918]],[[10.70685,46.79696],[10.70581,46.79678],[10.70466,46.7961],[10.70444,46.79572],[10.70447,46.79517],[10.70517,46.79508],[10.70783,46.79565],[10.708,46.79649],[10.70781,46.79686],[10.70685,46.79696]],[[10.68019,46.79725],[10.68084,46.79497],[10.68082,46.79428],[10.68053,46.79332],[10.68068,46.79305],[10.6817,46.79232],[10.68237,46.79216],[10.68317,46.79371],[10.68413,46.79437],[10.68441,46.79477],[10.68335,46.79554],[10.68301,46.79625],[10.6811,46.79742],[10.68054,46.79747],[10.68019,46.79725]]]}},{"type":"Feature","properties":{"kind":"no_open_geology","area_km2":14.9746,"mean_width_m":461},"geometry":{"type":"Polygon","coordinates":[[[10.51983,46.36887],[10.52111,46.36872],[10.52341,46.3692],[10.52344,46.3688],[10.52265,46.36864],[10.52236,46.36825],[10.5251,46.36817],[10.52864,46.36869],[10.53618,46.36939],[10.5365,46.36863],[10.53793,46.36807],[10.53837,46.36816],[10.53859,46.36858],[10.53843,46.36909],[10.5377,46.36974],[10.53773,46.37007],[10.53977,46.37029],[10.54049,46.37063],[10.54024,46.37194],[10.53805,46.37287],[10.53557,46.37196],[10.53457,46.37178],[10.5335,46.37171],[10.53192,46.37196],[10.53402,46.37454],[10.53435,46.37393],[10.53461,46.37376],[10.53592,46.37383],[10.53752,46.37496],[10.53965,46.37609],[10.54047,46.37675],[10.54057,46.37724],[10.54115,46.37834],[10.54109,46.37855],[10.54079,46.37877],[10.54017,46.37885],[10.53831,46.37833],[10.53716,46.37835],[10.53645,46.37903],[10.53607,46.37973],[10.53587,46.38113],[10.53616,46.38182],[10.53733,46.38274],[10.53776,46.38341],[10.53983,46.38552],[10.54304,46.38829],[10.54379,46.38915],[10.54462,46.38934],[10.5453,46.38921],[10.54571,46.38896],[10.54657,46.38773],[10.54721,46.38753],[10.54761,46.38786],[10.54781,46.38829],[10.54776,46.38911],[10.54753,46.38948],[10.54619,46.39005],[10.54212,46.39027],[10.54194,46.39047],[10.54184,46.39133],[10.54119,46.39177],[10.54025,46.39168],[10.53923,46.39128],[10.53902,46.39114],[10.539,46.39092],[10.54058,46.39084],[10.5412,46.39047],[10.54175,46.3895],[10.54178,46.38895],[10.54163,46.38859],[10.53965,46.38678],[10.53638,46.38323],[10.53367,46.38114],[10.53285,46.38026],[10.53217,46.37997],[10.52956,46.37992],[10.52814,46.37959],[10.52662,46.38023],[10.52712,46.38096],[10.5274,46.38214],[10.52965,46.38461],[10.52968,46.38505],[10.52952,46.38533],[10.52885,46.38584],[10.527,46.38565],[10.52517,46.38465],[10.52485,46.38464],[10.52466,46.38486],[10.52551,46.38587],[10.52532,46.38704],[10.52542,46.38777],[10.52568,46.38803],[10.52755,46.38797],[10.52805,46.38845],[10.53019,46.38973],[10.53175,46.38996],[10.53255,46.38977],[10.53336,46.38933],[10.53384,46.38883],[10.53441,46.38889],[10.53499,46.38921],[10.53551,46.38987],[10.53698,46.39032],[10.53938,46.39198],[10.54197,46.3933],[10.54204,46.39349],[10.54188,46.39369],[10.54133,46.39394],[10.5415,46.39436],[10.54288,46.39566],[10.54301,46.39597],[10.54291,46.39626],[10.54142,46.39669],[10.54077,46.39611],[10.54031,46.39538],[10.53999,46.39529],[10.53838,46.39571],[10.53834,46.39598],[10.53801,46.39606],[10.5379,46.39702],[10.53902,46.39735],[10.53935,46.39758],[10.53937,46.39776],[10.53907,46.39806],[10.53819,46.39834],[10.53679,46.39827],[10.53665,46.39851],[10.53696,46.39894],[10.53654,46.3992],[10.55655,46.3992],[10.556,46.39865],[10.55348,46.39745],[10.55322,46.39708],[10.55341,46.39651],[10.55372,46.39624],[10.55416,46.39615],[10.55483,46.39634],[10.5554,46.39671],[10.55609,46.39662],[10.55649,46.39613],[10.56053,46.39392],[10.56213,46.39357],[10.56304,46.39384],[10.56366,46.39445],[10.56361,46.39545],[10.56303,46.39655],[10.56326,46.39695],[10.56478,46.39705],[10.56611,46.39781],[10.56746,46.39896],[10.56806,46.39895],[10.56885,46.3992],[10.60892,46.3992],[10.61005,46.39724],[10.61009,46.39641],[10.61142,46.39542],[10.6111,46.39494],[10.61116,46.3948],[10.61415,46.39353],[10.61449,46.3935],[10.61476,46.39367],[10.61467,46.39387],[10.6129,46.3955],[10.60964,46.3992],[10.62496,46.3992],[10.62487,46.39885],[10.62418,46.39846],[10.62201,46.39864],[10.62132,46.3985],[10.6212,46.39829],[10.62143,46.3979],[10.62258,46.39753],[10.62179,46.39586],[10.62094,46.39599],[10.6209,46.39688],[10.62073,46.39733],[10.61952,46.39752],[10.61929,46.39736],[10.61906,46.39632],[10.61731,46.39414],[10.61574,46.39331],[10.6155,46.39277],[10.61567,46.3907],[10.61524,46.38964],[10.61525,46.38897],[10.61547,46.38832],[10.6146,46.38816],[10.61445,46.38944],[10.61401,46.38964],[10.61307,46.38937],[10.60888,46.38753],[10.60733,46.38709],[10.60702,46.38646],[10.60708,46.38582],[10.60828,46.3828],[10.60875,46.38243],[10.60916,46.38241],[10.60914,46.38207],[10.60848,46.38099],[10.60844,46.38157],[10.60814,46.38189],[10.6072,46.38191],[10.60664,46.38168],[10.60521,46.38055],[10.60479,46.38035],[10.60419,46.38033],[10.60328,46.37991],[10.60308,46.37964],[10.60318,46.37923],[10.60101,46.37918],[10.60072,46.37907],[10.6004,46.37861],[10.59815,46.37852],[10.59647,46.37868],[10.59269,46.37807],[10.59084,46.37814],[10.58938,46.37845],[10.58674,46.37789],[10.58721,46.3774],[10.5843,46.37792],[10.58103,46.37785],[10.58033,46.37772],[10.5789,46.37695],[10.5789,46.37747],[10.57933,46.37825],[10.58121,46.3792],[10.58144,46.37935],[10.58145,46.37956],[10.58074,46.37978],[10.57954,46.37963],[10.5772,46.37763],[10.57611,46.37728],[10.57504,46.3774],[10.57124,46.37835],[10.57044,46.37835],[10.56935,46.37887],[10.5681,46.37879],[10.56731,46.37908],[10.56645,46.37974],[10.56576,46.37978],[10.56537,46.3796],[10.56537,46.37936],[10.56611,46.37881],[10.5662,46.37828],[10.56609,46.3779],[10.5649,46.37725],[10.56335,46.37585],[10.56243,46.37553],[10.56162,46.37483],[10.55821,46.37358],[10.55682,46.37361],[10.55638,46.37349],[10.55613,46.37291],[10.55638,46.37172],[10.5545,46.37003],[10.55414,46.37004],[10.55455,46.37122],[10.55447,46.37161],[10.55409,46.37184],[10.55317,46.37158],[10.55243,46.371],[10.55156,46.37066],[10.55143,46.37043],[10.55153,46.37],[10.55268,46.36931],[10.55285,46.36875],[10.55233,46.36847],[10.55135,46.36848],[10.55053,46.36932],[10.55033,46.37022],[10.55064,46.37122],[10.5505,46.37136],[10.55221,46.3731],[10.55194,46.37325],[10.55129,46.37317],[10.55016,46.3723],[10.54887,46.37023],[10.54884,46.36922],[10.54929,46.36879],[10.55015,46.36835],[10.55015,46.36804],[10.54877,46.36791],[10.54828,46.36838],[10.5481,46.36922],[10.54788,46.36932],[10.54663,46.3681],[10.5455,46.36745],[10.54436,46.36708],[10.54412,46.36728],[10.54423,46.36799],[10.54402,46.36842],[10.54611,46.36969],[10.54824,46.37175],[10.55087,46.37551],[10.55097,46.37657],[10.55056,46.37709],[10.55005,46.37739],[10.54942,46.37747],[10.5478,46.37722],[10.54749,46.37623],[10.54713,46.37366],[10.54663,46.37206],[10.54492,46.37095],[10.54384,46.36999],[10.54144,46.36851],[10.54102,46.36781],[10.54078,46.36696],[10.54032,46.36683],[10.53981,46.36695],[10.53924,46.36677],[10.53857,46.36587],[10.5378,46.36567],[10.5373,46.36522],[10.53606,46.36533],[10.53533,46.36492],[10.53364,46.36516],[10.53323,46.36488],[10.5321,46.36491],[10.53189,46.36445],[10.53096,46.36404],[10.53122,46.36361],[10.53224,46.36355],[10.534,46.36308],[10.53637,46.36296],[10.5376,46.36246],[10.53793,46.3622],[10.53771,46.36191],[10.53822,46.36099],[10.53813,46.36013],[10.53772,46.35921],[10.53843,46.3592],[10.5395,46.35978],[10.54065,46.36005],[10.54198,46.35967],[10.54156,46.35892],[10.54219,46.3583],[10.54216,46.3575],[10.54191,46.35719],[10.54115,46.35676],[10.54011,46.35681],[10.53969,46.35655],[10.5397,46.35627],[10.54061,46.35601],[10.54077,46.35567],[10.54018,46.35511],[10.53941,46.35483],[10.53863,46.35486],[10.53721,46.35532],[10.53571,46.35536],[10.53315,46.35656],[10.53289,46.35689],[10.53315,46.35812],[10.53299,46.35833],[10.53234,46.35858],[10.53194,46.35848],[10.53074,46.35765],[10.52956,46.3577],[10.52926,46.35802],[10.5293,46.35871],[10.52863,46.36],[10.52878,46.36104],[10.52959,46.36172],[10.52987,46.3623],[10.52972,46.36382],[10.52933,46.36425],[10.52859,46.36437],[10.52732,46.36399],[10.52547,46.36413],[10.52479,46.36393],[10.52379,46.36324],[10.52303,46.36339],[10.52274,46.36391],[10.52224,46.364],[10.52179,46.36371],[10.52158,46.36316],[10.52119,46.363],[10.52083,46.36314],[10.52079,46.36385],[10.52043,46.36423],[10.5198,46.36435],[10.51915,46.36393],[10.51882,46.36399],[10.51862,46.36429],[10.51785,46.36477],[10.5179,46.36489],[10.51925,46.36499],[10.51987,46.36537],[10.51971,46.36609],[10.51897,46.36687],[10.51921,46.3671],[10.51999,46.36716],[10.52028,46.36738],[10.52037,46.36801],[10.51983,46.36887]],[[10.60121,46.38784],[10.60143,46.38741],[10.60238,46.38763],[10.60271,46.38753],[10.60343,46.38677],[10.60377,46.38663],[10.60624,46.38706],[10.60694,46.38748],[10.60673,46.38789],[10.60576,46.38838],[10.60472,46.38919],[10.60423,46.38985],[10.60368,46.39026],[10.60348,46.39084],[10.60303,46.39134],[10.60221,46.39194],[10.60143,46.39227],[10.60119,46.39302],[10.60036,46.39328],[10.59962,46.39242],[10.5996,46.39201],[10.59996,46.39176],[10.60112,46.39163],[10.60165,46.39132],[10.60183,46.391],[10.60127,46.39037],[10.60089,46.38907],[10.60002,46.38868],[10.59983,46.38825],[10.60014,46.38791],[10.60121,46.38784]],[[10.59371,46.39464],[10.59663,46.38909],[10.5969,46.38897],[10.5974,46.38905],[10.59878,46.3905],[10.59916,46.39124],[10.59892,46.39244],[10.59892,46.39645],[10.59631,46.39704],[10.59258,46.39637],[10.59264,46.39571],[10.59371,46.39464]],[[10.59638,46.38158],[10.59571,46.3803],[10.59593,46.38007],[10.59656,46.38009],[10.59756,46.38054],[10.5986,46.38019],[10.59911,46.38027],[10.59919,46.38041],[10.59885,46.38097],[10.59787,46.38172],[10.59738,46.38181],[10.59638,46.38158]],[[10.57575,46.38467],[10.57616,46.38428],[10.57684,46.38432],[10.57776,46.38519],[10.57831,46.38651],[10.5785,46.38814],[10.57841,46.38913],[10.57797,46.38989],[10.57774,46.38981],[10.57623,46.38706],[10.5757,46.385],[10.57575,46.38467]],[[10.56891,46.39718],[10.56853,46.39714],[10.56797,46.39677],[10.56786,46.39622],[10.56811,46.39549],[10.56843,46.39544],[10.56935,46.39576],[10.56984,46.39613],[10.56991,46.39656],[10.56971,46.39689],[10.56891,46.39718]],[[10.56419,46.38204],[10.56479,46.38207],[10.56522,46.3819],[10.5658,46.38077],[10.56627,46.38061],[10.56676,46.38086],[10.5674,46.38221],[10.56652,46.38304],[10.56623,46.38432],[10.56557,46.38456],[10.56506,46.38445],[10.56409,46.38376],[10.56387,46.3827],[10.56396,46.38226],[10.56419,46.38204]],[[10.56435,46.38124],[10.56379,46.38138],[10.56315,46.38126],[10.56291,46.38099],[10.56292,46.38047],[10.5635,46.38012],[10.56432,46.38017],[10.56459,46.38043],[10.56464,46.38076],[10.56435,46.38124]],[[10.56271,46.38677],[10.56194,46.38665],[10.56113,46.38622],[10.56073,46.3856],[10.56086,46.38509],[10.56137,46.38498],[10.56259,46.38573],[10.56303,46.38647],[10.56271,46.38677]],[[10.55831,46.38746],[10.55828,46.38686],[10.55856,46.38634],[10.55915,46.38597],[10.55974,46.38591],[10.55998,46.38613],[10.56,46.38664],[10.56022,46.38716],[10.5613,46.38814],[10.56088,46.38831],[10.55975,46.38819],[10.55877,46.38789],[10.55831,46.38746]],[[10.55878,46.37971],[10.5578,46.37993],[10.55718,46.3797],[10.55712,46.3793],[10.55881,46.37828],[10.55923,46.37827],[10.55946,46.37876],[10.55878,46.37971]],[[10.55876,46.38143],[10.55881,46.38189],[10.55848,46.3831],[10.55823,46.38332],[10.55774,46.38317],[10.55744,46.38288],[10.55748,46.38222],[10.55824,46.3815],[10.55876,46.38143]],[[10.55572,46.38657],[10.55476,46.38584],[10.55435,46.38518],[10.55237,46.38527],[10.55221,46.38512],[10.55311,46.38386],[10.55338,46.38375],[10.55672,46.3835],[10.55687,46.38375],[10.55683,46.38421],[10.55598,46.38511],[10.55572,46.38657]],[[10.54984,46.38946],[10.54913,46.38932],[10.54872,46.38872],[10.54927,46.38813],[10.55016,46.38786],[10.55196,46.38784],[10.55284,46.38809],[10.55443,46.38883],[10.55413,46.38907],[10.55182,46.38905],[10.54984,46.38946]],[[10.55395,46.39525],[10.55359,46.39561],[10.5531,46.3953],[10.55309,46.39445],[10.55341,46.39391],[10.55377,46.3939],[10.55422,46.3943],[10.55395,46.39525]],[[10.54793,46.39682],[10.54741,46.39618],[10.54735,46.39489],[10.54772,46.39435],[10.54808,46.39431],[10.54871,46.39463],[10.55004,46.39585],[10.55095,46.39626],[10.55095,46.39663],[10.55158,46.39685],[10.55147,46.39699],[10.54997,46.39713],[10.54928,46.39753],[10.54879,46.39744],[10.54793,46.39682]],[[10.55119,46.38621],[10.54977,46.38746],[10.54952,46.38733],[10.54904,46.3866],[10.549,46.38604],[10.54951,46.38576],[10.55116,46.3859],[10.55119,46.38621]],[[10.54666,46.38637],[10.54385,46.38445],[10.54384,46.38389],[10.54412,46.38337],[10.54414,46.38203],[10.54508,46.37994],[10.54574,46.37895],[10.54594,46.37846],[10.54578,46.37794],[10.54603,46.37727],[10.54623,46.37714],[10.54715,46.37744],[10.54872,46.3788],[10.54889,46.37934],[10.54859,46.38041],[10.54762,46.38127],[10.54787,46.38271],[10.54713,46.3834],[10.5473,46.38592],[10.547,46.38627],[10.54666,46.38637]],[[10.54404,46.39603],[10.54378,46.3951],[10.54377,46.39437],[10.54343,46.39357],[10.54364,46.39318],[10.54391,46.3931],[10.54425,46.39328],[10.54581,46.3949],[10.54633,46.39557],[10.54639,46.3959],[10.54602,46.39694],[10.54572,46.39708],[10.54404,46.39603]]]}},{"type":"Feature","properties":{"kind":"no_open_geology","area_km2":8.1938,"mean_width_m":1034},"geometry":{"type":"Polygon","coordinates":[[[10.78508,45.8],[10.78608,45.80082],[10.78787,45.80301],[10.78826,45.80407],[10.78835,45.80534],[10.78855,45.80565],[10.7909,45.80731],[10.7923,45.80808],[10.79403,45.80985],[10.79418,45.81115],[10.79389,45.81189],[10.79393,45.81317],[10.79359,45.81422],[10.79332,45.81642],[10.79355,45.8169],[10.79414,45.81751],[10.79522,45.81807],[10.79741,45.81875],[10.79789,45.81906],[10.79896,45.82079],[10.80181,45.82124],[10.80292,45.82178],[10.80353,45.8219],[10.80498,45.822],[10.80663,45.82328],[10.81299,45.82475],[10.81428,45.82529],[10.8155,45.8263],[10.81612,45.82656],[10.81798,45.82675],[10.81862,45.82696],[10.82203,45.82867],[10.82281,45.82927],[10.82351,45.8308],[10.82349,45.83139],[10.82384,45.83194],[10.82509,45.8328],[10.82523,45.8334],[10.82592,45.8341],[10.82628,45.83617],[10.82751,45.83717],[10.85609,45.82757],[10.8557,45.82737],[10.8427,45.83181],[10.8365,45.82311],[10.83405,45.82047],[10.81057,45.8],[10.78508,45.8]]]}},{"type":"Feature","properties":{"kind":"no_open_geology","area_km2":5.3989,"mean_width_m":400},"geometry":{"type":"Polygon","coordinates":[[[11.76752,46.97408],[11.76796,46.97489],[11.76775,46.97664],[11.76791,46.97743],[11.76828,46.97807],[11.76842,46.97976],[11.77004,46.98041],[11.77108,46.9815],[11.77271,46.98396],[11.77315,46.98425],[11.77408,46.98434],[11.77441,46.98452],[11.77515,46.98545],[11.7766,46.98611],[11.7769,46.98645],[11.77708,46.98707],[11.77787,46.98785],[11.77843,46.98821],[11.78038,46.98847],[11.78165,46.99244],[11.78221,46.99236],[11.78192,46.99119],[11.78244,46.99075],[11.78295,46.99079],[11.78389,46.99211],[11.78789,46.99085],[11.78935,46.98996],[11.79252,46.99012],[11.79521,46.99095],[11.7979,46.9913],[11.80035,46.99065],[11.80278,46.9916],[11.80506,46.99101],[11.80956,46.99041],[11.80958,46.98958],[11.8099,46.98902],[11.81032,46.98873],[11.81113,46.98866],[11.8117,46.98891],[11.81188,46.99003],[11.81345,46.98978],[11.81576,46.99],[11.81734,46.98946],[11.82069,46.99095],[11.82233,46.99106],[11.82292,46.99096],[11.82406,46.98999],[11.82575,46.98932],[11.82661,46.9892],[11.82691,46.98952],[11.82677,46.98987],[11.82473,46.991],[11.82446,46.99138],[11.82445,46.99193],[11.82521,46.99217],[11.82673,46.99128],[11.82765,46.99109],[11.82783,46.99112],[11.82799,46.9914],[11.82783,46.99271],[11.83026,46.99254],[11.83051,46.99241],[11.8313,46.99254],[11.83317,46.99247],[11.8346,46.99309],[11.83581,46.99314],[11.83617,46.99331],[11.83681,46.99297],[11.83712,46.99254],[11.83706,46.99169],[11.83683,46.99127],[11.83569,46.99018],[11.83535,46.98946],[11.83542,46.9888],[11.8359,46.98807],[11.83721,46.98718],[11.83674,46.98672],[11.83612,46.98676],[11.83464,46.98619],[11.83366,46.9862],[11.83267,46.98593],[11.83277,46.98691],[11.83262,46.98761],[11.83212,46.98795],[11.83184,46.98794],[11.82924,46.98674],[11.8261,46.98683],[11.8251,46.98591],[11.82479,46.98611],[11.82466,46.98644],[11.82445,46.988],[11.82394,46.98827],[11.82299,46.98769],[11.82208,46.98685],[11.82069,46.98632],[11.81994,46.98582],[11.81977,46.98524],[11.81988,46.98448],[11.81974,46.98403],[11.81922,46.9835],[11.81794,46.98267],[11.8179,46.98241],[11.8183,46.98233],[11.82022,46.98326],[11.82068,46.98311],[11.82081,46.98276],[11.82071,46.98253],[11.81975,46.98173],[11.81801,46.98065],[11.81712,46.9807],[11.81671,46.98173],[11.81613,46.98228],[11.81483,46.98427],[11.81435,46.98463],[11.81392,46.9846],[11.81366,46.98417],[11.81363,46.98348],[11.81429,46.98269],[11.81456,46.98177],[11.8141,46.98064],[11.81396,46.97961],[11.81355,46.97886],[11.81362,46.97854],[11.81295,46.97822],[11.80949,46.97746],[11.80774,46.97748],[11.80761,46.97806],[11.80783,46.97864],[11.80773,46.97912],[11.80691,46.97951],[11.80656,46.97998],[11.80599,46.98004],[11.80577,46.97983],[11.80554,46.97846],[11.80482,46.97763],[11.80485,46.97706],[11.80432,46.97682],[11.80393,46.97624],[11.80361,46.97392],[11.80288,46.97305],[11.80138,46.97199],[11.80123,46.97074],[11.80082,46.97013],[11.80027,46.97008],[11.79997,46.96983],[11.79937,46.97015],[11.79859,46.96999],[11.79765,46.97034],[11.79678,46.97044],[11.79751,46.97108],[11.79745,46.97179],[11.79721,46.9721],[11.79695,46.97215],[11.79605,46.97144],[11.79573,46.97191],[11.7954,46.97308],[11.79473,46.97409],[11.79564,46.97491],[11.7959,46.97565],[11.79563,46.97841],[11.79466,46.97993],[11.79446,46.98054],[11.79491,46.98146],[11.79455,46.98233],[11.79542,46.98373],[11.79524,46.98412],[11.79493,46.98435],[11.79431,46.98471],[11.79334,46.98497],[11.79301,46.98539],[11.79323,46.98569],[11.79446,46.98601],[11.79467,46.98619],[11.79467,46.98684],[11.79446,46.98717],[11.79365,46.98789],[11.79176,46.98828],[11.79007,46.98798],[11.78944,46.98748],[11.78924,46.98692],[11.78942,46.98642],[11.79066,46.98575],[11.79096,46.9854],[11.79087,46.98477],[11.79009,46.98297],[11.79013,46.98254],[11.79057,46.9822],[11.7916,46.98183],[11.79191,46.98123],[11.79105,46.98142],[11.79049,46.98134],[11.78898,46.98004],[11.78715,46.97923],[11.78761,46.98016],[11.78765,46.98105],[11.78692,46.98239],[11.78562,46.98611],[11.78473,46.98739],[11.78323,46.98913],[11.78207,46.99015],[11.7818,46.99014],[11.78155,46.98988],[11.78164,46.98922],[11.78255,46.988],[11.78409,46.98683],[11.7843,46.98625],[11.78431,46.9853],[11.78488,46.98427],[11.78549,46.9823],[11.78553,46.98185],[11.78533,46.98126],[11.78384,46.98047],[11.78344,46.97994],[11.7835,46.97924],[11.78374,46.97883],[11.78445,46.97858],[11.78436,46.97795],[11.78378,46.97688],[11.7822,46.97659],[11.77993,46.97505],[11.77966,46.97576],[11.77959,46.97799],[11.77998,46.97932],[11.7811,46.9811],[11.78112,46.98161],[11.78063,46.9818],[11.77968,46.98041],[11.77869,46.97947],[11.77529,46.97793],[11.77435,46.97733],[11.77387,46.97664],[11.77358,46.97478],[11.77324,46.97408],[11.77169,46.97312],[11.77047,46.97285],[11.76845,46.97299],[11.76777,46.97329],[11.76752,46.97358],[11.76752,46.97408]],[[11.82135,46.98853],[11.82168,46.98887],[11.82152,46.9892],[11.82119,46.98938],[11.81987,46.98959],[11.81931,46.98943],[11.81932,46.98918],[11.81976,46.98879],[11.82062,46.98853],[11.82135,46.98853]],[[11.81227,46.98735],[11.81148,46.98814],[11.81112,46.98809],[11.81111,46.98757],[11.8113,46.98711],[11.81197,46.98646],[11.81252,46.98562],[11.81337,46.98523],[11.81348,46.98545],[11.8133,46.98603],[11.81242,46.98698],[11.81227,46.98735]]]}},{"type":"Feature","properties":{"kind":"no_open_geology","area_km2":3.1468,"mean_width_m":386},"geometry":{"type":"Polygon","coordinates":[[[11.69479,46.96234],[11.69692,46.96289],[11.69823,46.96275],[11.69866,46.96296],[11.69881,46.96325],[11.70043,46.96293],[11.70426,46.96144],[11.70562,46.96125],[11.70844,46.96125],[11.7103,46.96139],[11.71547,46.96272],[11.72048,46.96353],[11.7211,46.96381],[11.72387,46.96638],[11.7256,46.96719],[11.72656,46.96788],[11.72792,46.96954],[11.72818,46.96962],[11.72849,46.96948],[11.7284,46.96877],[11.72871,46.96859],[11.73006,46.96868],[11.73154,46.96925],[11.73143,46.96949],[11.72998,46.96949],[11.72897,46.96972],[11.72853,46.9702],[11.72852,46.97053],[11.72874,46.97096],[11.73013,46.97208],[11.73254,46.97223],[11.73562,46.9718],[11.73642,46.97112],[11.73624,46.9709],[11.73629,46.97072],[11.7369,46.9707],[11.73726,46.97087],[11.73763,46.97037],[11.74275,46.96987],[11.7469,46.96907],[11.74779,46.96935],[11.74859,46.96874],[11.74857,46.96834],[11.74839,46.96813],[11.74806,46.9679],[11.74732,46.96779],[11.74658,46.96803],[11.74568,46.96866],[11.74498,46.96866],[11.74474,46.96851],[11.74475,46.9681],[11.74563,46.96753],[11.74587,46.96715],[11.7455,46.96677],[11.74418,46.9665],[11.74189,46.96476],[11.74127,46.96447],[11.74009,46.96426],[11.73839,46.96441],[11.73858,46.96365],[11.73795,46.96316],[11.73775,46.96258],[11.73653,46.9628],[11.73574,46.96273],[11.73386,46.96161],[11.73042,46.96024],[11.73047,46.95996],[11.73111,46.95992],[11.73304,46.96082],[11.73686,46.96179],[11.7373,46.96182],[11.73778,46.96161],[11.73768,46.96129],[11.73702,46.96079],[11.73604,46.96031],[11.73504,46.96012],[11.735,46.95929],[11.73404,46.95873],[11.73331,46.95851],[11.73127,46.95846],[11.72881,46.95727],[11.72722,46.95744],[11.72652,46.95677],[11.72543,46.95645],[11.72444,46.95578],[11.72345,46.95572],[11.72076,46.9565],[11.72023,46.95645],[11.72027,46.95608],[11.72083,46.9557],[11.72259,46.95535],[11.72323,46.95468],[11.72321,46.95435],[11.72107,46.95386],[11.72096,46.95341],[11.72109,46.95299],[11.7209,46.95278],[11.71796,46.95205],[11.71554,46.95188],[11.7148,46.95209],[11.71349,46.95328],[11.70955,46.95608],[11.71011,46.95621],[11.71636,46.95581],[11.71654,46.95592],[11.71613,46.95641],[11.71629,46.95666],[11.71838,46.95663],[11.72074,46.95744],[11.72086,46.95757],[11.72078,46.9577],[11.71747,46.95776],[11.71464,46.95714],[11.71295,46.95705],[11.7108,46.95761],[11.70888,46.95747],[11.70679,46.95797],[11.70309,46.9584],[11.70126,46.95927],[11.69675,46.95988],[11.69529,46.9603],[11.69434,46.96028],[11.69399,46.96088],[11.694,46.96112],[11.69474,46.96205],[11.69479,46.96234]],[[11.73386,46.96352],[11.73403,46.96332],[11.73459,46.96335],[11.73552,46.96374],[11.73575,46.96407],[11.73552,46.96423],[11.73496,46.96414],[11.73398,46.96371],[11.73386,46.96352]],[[11.72892,46.96048],[11.7247,46.95928],[11.72451,46.95904],[11.72502,46.95885],[11.72622,46.959],[11.72909,46.96009],[11.72928,46.96037],[11.72892,46.96048]]]}},{"type":"Feature","properties":{"kind":"no_open_geology","area_km2":2.5472,"mean_width_m":477},"geometry":{"type":"Polygon","coordinates":[[[10.87681,46.75964],[10.87721,46.75993],[10.87888,46.76044],[10.88146,46.76189],[10.88402,46.76147],[10.88459,46.76155],[10.88481,46.76175],[10.88489,46.76288],[10.88501,46.76309],[10.88538,46.7632],[10.88639,46.76316],[10.88958,46.76234],[10.89089,46.76238],[10.89101,46.7627],[10.89052,46.7632],[10.88838,46.76384],[10.88955,46.7642],[10.89197,46.76598],[10.893,46.76783],[10.8948,46.76984],[10.89642,46.77003],[10.89734,46.76997],[10.8986,46.76894],[10.90045,46.76851],[10.90344,46.76816],[10.90569,46.76815],[10.90717,46.76849],[10.90808,46.76949],[10.90877,46.76966],[10.90889,46.76991],[10.90877,46.77016],[10.91003,46.77112],[10.91023,46.77116],[10.91059,46.77007],[10.91064,46.76954],[10.9105,46.76915],[10.90993,46.76851],[10.90916,46.76817],[10.90431,46.76783],[10.90349,46.76758],[10.90198,46.76624],[10.90125,46.76508],[10.90002,46.76399],[10.89993,46.76117],[10.8997,46.76103],[10.89951,46.76052],[10.89958,46.75929],[10.89905,46.75895],[10.89838,46.75817],[10.89799,46.75716],[10.89811,46.75609],[10.89885,46.75553],[10.89895,46.75467],[10.89823,46.75149],[10.89728,46.75046],[10.895,46.74978],[10.89388,46.74897],[10.89275,46.74648],[10.89281,46.74561],[10.89326,46.74479],[10.89195,46.74309],[10.89101,46.74317],[10.8898,46.74369],[10.88855,46.74494],[10.88853,46.74578],[10.88913,46.74654],[10.88939,46.74759],[10.88872,46.74863],[10.88745,46.7499],[10.88634,46.75173],[10.88488,46.75268],[10.88273,46.75375],[10.88279,46.75637],[10.88337,46.75667],[10.88441,46.75648],[10.88518,46.75654],[10.88549,46.757],[10.88518,46.75784],[10.88465,46.75818],[10.88319,46.75853],[10.88069,46.75819],[10.87896,46.7591],[10.87681,46.75964]]]}},{"type":"Feature","properties":{"kind":"no_open_geology","area_km2":2.3133,"mean_width_m":345},"geometry":{"type":"Polygon","coordinates":[[[10.7397,46.74173],[10.7383,46.74368],[10.7377,46.74397],[10.73657,46.74381],[10.73527,46.74264],[10.73478,46.74117],[10.73453,46.73982],[10.73414,46.73926],[10.7324,46.73772],[10.73217,46.73714],[10.73189,46.73709],[10.73091,46.73799],[10.73039,46.7392],[10.73045,46.74143],[10.73021,46.74245],[10.72932,46.74327],[10.72659,46.74447],[10.72555,46.74513],[10.72365,46.74724],[10.72326,46.74728],[10.72265,46.7467],[10.72159,46.74745],[10.72124,46.74895],[10.72004,46.75058],[10.72011,46.7511],[10.72101,46.75154],[10.72358,46.75136],[10.72406,46.75144],[10.72432,46.75177],[10.72344,46.75261],[10.72339,46.75297],[10.72354,46.75313],[10.72463,46.75336],[10.72604,46.7532],[10.72824,46.75329],[10.73401,46.75657],[10.73912,46.758],[10.74426,46.76008],[10.7469,46.7603],[10.74839,46.76008],[10.74831,46.75984],[10.74748,46.75946],[10.74491,46.759],[10.74354,46.75843],[10.74315,46.75802],[10.74332,46.75725],[10.74388,46.75687],[10.74488,46.75683],[10.75026,46.75737],[10.75072,46.75708],[10.75071,46.75681],[10.75058,46.75649],[10.75017,46.75624],[10.74521,46.75419],[10.74284,46.75357],[10.74037,46.75216],[10.73731,46.7501],[10.73554,46.75021],[10.73449,46.75006],[10.73378,46.74969],[10.73317,46.74883],[10.73275,46.74853],[10.73224,46.74842],[10.73002,46.74897],[10.72833,46.74893],[10.72779,46.74873],[10.72723,46.7481],[10.72726,46.74767],[10.7277,46.74711],[10.72875,46.74636],[10.72978,46.74618],[10.73068,46.7464],[10.73322,46.74595],[10.73407,46.7461],[10.7355,46.74714],[10.73676,46.74757],[10.73831,46.74768],[10.73889,46.74788],[10.74127,46.7493],[10.74235,46.74934],[10.74308,46.74897],[10.74338,46.74847],[10.74312,46.74762],[10.74159,46.74596],[10.74131,46.74542],[10.74158,46.74494],[10.74233,46.74473],[10.74437,46.74533],[10.74599,46.74727],[10.74665,46.74768],[10.74803,46.74805],[10.74876,46.74793],[10.74907,46.74769],[10.7493,46.74732],[10.7493,46.74657],[10.74848,46.74538],[10.74843,46.74502],[10.74951,46.74398],[10.74948,46.74354],[10.74667,46.74341],[10.74222,46.7417],[10.74058,46.74153],[10.73998,46.74155],[10.7397,46.74173]]]}},{"type":"Feature","properties":{"kind":"no_open_geology","area_km2":2.2518,"mean_width_m":227},"geometry":{"type":"Polygon","coordinates":[[[11.68988,46.96587],[11.69077,46.96625],[11.69131,46.96752],[11.69233,46.96793],[11.69317,46.96855],[11.69475,46.96927],[11.69717,46.96981],[11.69791,46.97028],[11.69889,46.97034],[11.69964,46.97058],[11.70034,46.97119],[11.70102,46.97138],[11.7017,46.97194],[11.70205,46.97188],[11.70177,46.97133],[11.70194,46.97101],[11.7034,46.97096],[11.70404,46.97118],[11.70438,46.97159],[11.70456,46.97237],[11.70548,46.97308],[11.7055,46.97447],[11.70578,46.97554],[11.70597,46.97571],[11.70651,46.97577],[11.70757,46.97517],[11.70795,46.97521],[11.70937,46.97637],[11.71028,46.97689],[11.71143,46.97825],[11.71136,46.97858],[11.71075,46.97851],[11.70835,46.9773],[11.70679,46.97692],[11.70619,46.9764],[11.70541,46.97611],[11.70339,46.97616],[11.70178,46.97502],[11.70123,46.97478],[11.70053,46.97471],[11.6995,46.9751],[11.69672,46.97773],[11.69611,46.97865],[11.69616,46.97929],[11.69646,46.97968],[11.69707,46.97975],[11.698,46.97941],[11.69841,46.97916],[11.69929,46.97815],[11.701,46.9773],[11.70119,46.97754],[11.701,46.97788],[11.70119,46.97858],[11.70021,46.97998],[11.70004,46.98073],[11.70028,46.98135],[11.70137,46.98133],[11.70256,46.98055],[11.70312,46.97899],[11.70349,46.97853],[11.70509,46.97793],[11.70752,46.9778],[11.7078,46.97815],[11.7079,46.98031],[11.70855,46.98052],[11.71028,46.98012],[11.71079,46.98027],[11.71092,46.98051],[11.71017,46.98212],[11.70968,46.98279],[11.70791,46.98397],[11.70741,46.9846],[11.70719,46.98503],[11.70719,46.98548],[11.70747,46.98575],[11.70773,46.98577],[11.70841,46.98565],[11.7097,46.98491],[11.71227,46.98389],[11.71261,46.98343],[11.71207,46.98318],[11.71202,46.98291],[11.71215,46.98274],[11.71498,46.9815],[11.71482,46.98121],[11.7136,46.98128],[11.71345,46.98105],[11.71367,46.98074],[11.71427,46.98056],[11.71499,46.98057],[11.71727,46.98114],[11.71726,46.98173],[11.71643,46.98261],[11.71656,46.98366],[11.71642,46.98438],[11.71584,46.985],[11.7152,46.98538],[11.7139,46.98579],[11.71296,46.98667],[11.71202,46.98727],[11.71146,46.9873],[11.71105,46.98705],[11.71087,46.98593],[11.7105,46.98575],[11.70893,46.98684],[11.70689,46.98763],[11.70882,46.9889],[11.71059,46.9889],[11.7113,46.98932],[11.71173,46.98923],[11.71349,46.98806],[11.71484,46.98638],[11.71577,46.98596],[11.7177,46.98562],[11.71839,46.98401],[11.72039,46.98252],[11.72435,46.98051],[11.72685,46.97407],[11.72485,46.9737],[11.72262,46.97262],[11.72152,46.97226],[11.7138,46.97154],[11.71278,46.97087],[11.71132,46.97069],[11.70923,46.96959],[11.70905,46.96938],[11.70906,46.96905],[11.70967,46.96897],[11.70977,46.96864],[11.70946,46.96828],[11.70911,46.96813],[11.70779,46.96856],[11.70729,46.96847],[11.70662,46.96891],[11.70421,46.96915],[11.70147,46.9685],[11.69901,46.96754],[11.69737,46.96738],[11.69584,46.96747],[11.6926,46.96685],[11.69238,46.96648],[11.6925,46.96627],[11.69208,46.96609],[11.69201,46.9658],[11.68988,46.96587]],[[11.72374,46.97395],[11.72446,46.97385],[11.72535,46.97404],[11.72555,46.97427],[11.72537,46.97449],[11.72515,46.9745],[11.72439,46.97432],[11.72374,46.97395]],[[11.72228,46.98019],[11.72311,46.97975],[11.72349,46.97983],[11.72355,46.98005],[11.72261,46.98072],[11.72227,46.98065],[11.72228,46.98019]],[[11.72108,46.97784],[11.72129,46.97815],[11.72081,46.97848],[11.71983,46.97828],[11.71919,46.97782],[11.72108,46.97784]],[[11.71282,46.97497],[11.71467,46.9768],[11.71537,46.97704],[11.7172,46.97717],[11.71864,46.97821],[11.71951,46.97913],[11.72063,46.97949],[11.71998,46.98148],[11.71958,46.9815],[11.71932,46.98045],[11.71873,46.98008],[11.71749,46.97885],[11.71657,46.97846],[11.71473,46.97835],[11.71003,46.9757],[11.70912,46.97483],[11.70835,46.9733],[11.70867,46.97319],[11.70964,46.97349],[11.71094,46.97438],[11.71282,46.97497]]]}},{"type":"Feature","properties":{"kind":"no_open_geology","area_km2":2.1126,"mean_width_m":483},"geometry":{"type":"Polygon","coordinates":[[[10.50568,45.8],[10.50859,45.80426],[10.509,45.80536],[10.50936,45.80838],[10.50976,45.80959],[10.51102,45.81052],[10.51512,45.81254],[10.51596,45.81335],[10.51694,45.81355],[10.51835,45.81346],[10.51912,45.81404],[10.51937,45.81404],[10.5219,45.81282],[10.52257,45.81173],[10.52293,45.81142],[10.52339,45.81129],[10.52564,45.81167],[10.52832,45.81129],[10.53126,45.81154],[10.53167,45.81174],[10.53237,45.81257],[10.53274,45.8127],[10.53304,45.81254],[10.53285,45.81217],[10.53298,45.81185],[10.53398,45.81173],[10.53397,45.81146],[10.53292,45.81128],[10.52781,45.81085],[10.52517,45.80907],[10.52486,45.8086],[10.52491,45.80816],[10.52605,45.80716],[10.52629,45.80649],[10.52668,45.80624],[10.52596,45.80547],[10.52658,45.80489],[10.52693,45.80427],[10.52751,45.80408],[10.53047,45.80418],[10.53166,45.80463],[10.53263,45.80527],[10.53313,45.80526],[10.53375,45.80492],[10.53396,45.8042],[10.53366,45.8039],[10.53393,45.8033],[10.53293,45.80308],[10.53236,45.80276],[10.53214,45.80228],[10.53218,45.80171],[10.53172,45.801],[10.53155,45.80039],[10.53122,45.8],[10.50568,45.8]],[[10.52404,45.81017],[10.52401,45.8099],[10.52424,45.80968],[10.52493,45.80942],[10.52531,45.80953],[10.52636,45.81044],[10.52653,45.81077],[10.52648,45.81104],[10.52616,45.81121],[10.52537,45.81111],[10.52493,45.81062],[10.52404,45.81017]]]}},{"type":"Feature","properties":{"kind":"no_open_geology","area_km2":1.8746,"mean_width_m":420},"geometry":{"type":"Polygon","coordinates":[[[10.42571,46.39874],[10.42578,46.3992],[10.4365,46.3992],[10.43661,46.39894],[10.43692,46.39882],[10.43802,46.39862],[10.43811,46.39839],[10.43797,46.39821],[10.43646,46.39827],[10.43595,46.39764],[10.43538,46.39748],[10.43524,46.39728],[10.43536,46.3966],[10.43468,46.39605],[10.43472,46.39553],[10.43431,46.39539],[10.43444,46.39484],[10.43426,46.39444],[10.43435,46.39404],[10.43487,46.39413],[10.43634,46.39638],[10.43678,46.3964],[10.43769,46.39595],[10.43796,46.39598],[10.43845,46.39646],[10.4393,46.39695],[10.43939,46.39731],[10.44055,46.39765],[10.44307,46.39699],[10.44377,46.39661],[10.44412,46.39623],[10.44419,46.39581],[10.44395,46.39501],[10.44335,46.39396],[10.44341,46.39353],[10.44404,46.39313],[10.44444,46.39266],[10.44559,46.39261],[10.44686,46.39226],[10.44782,46.39129],[10.44895,46.3909],[10.44987,46.39022],[10.45091,46.38986],[10.45104,46.38961],[10.45089,46.38863],[10.45155,46.38754],[10.45152,46.38717],[10.45118,46.3868],[10.45143,46.38602],[10.45133,46.38561],[10.45078,46.38541],[10.45015,46.38548],[10.44868,46.38591],[10.44575,46.38637],[10.4447,46.38718],[10.44181,46.38818],[10.44045,46.38885],[10.43779,46.38938],[10.43716,46.39002],[10.43546,46.39089],[10.43531,46.39142],[10.43484,46.39162],[10.43369,46.3916],[10.43239,46.3913],[10.42989,46.39154],[10.42884,46.39139],[10.42823,46.39093],[10.42811,46.39049],[10.42638,46.39072],[10.42583,46.39046],[10.42571,46.3902],[10.42521,46.39019],[10.42489,46.39053],[10.42446,46.39051],[10.42346,46.38971],[10.42114,46.38962],[10.42016,46.38985],[10.42013,46.39123],[10.41956,46.39246],[10.41953,46.39296],[10.41957,46.39327],[10.42057,46.39456],[10.42037,46.39574],[10.42072,46.39644],[10.42093,46.39754],[10.42161,46.39767],[10.42222,46.39734],[10.42252,46.39699],[10.42327,46.39532],[10.4235,46.39528],[10.42405,46.39555],[10.42462,46.39653],[10.42574,46.39699],[10.42631,46.39747],[10.42571,46.39874]]]}},{"type":"Feature","properties":{"kind":"no_open_geology","area_km2":1.8307,"mean_width_m":393},"geometry":{"type":"Polygon","coordinates":[[[10.78668,46.79629],[10.79403,46.7911],[10.79527,46.79147],[10.79672,46.79083],[10.81408,46.7754],[10.81551,46.77586],[10.81599,46.77562],[10.81204,46.77353],[10.80865,46.77253],[10.80608,46.77208],[10.80506,46.772],[10.80175,46.77246],[10.7984,46.7727],[10.79727,46.77321],[10.79712,46.77456],[10.79761,46.77555],[10.79882,46.77683],[10.79927,46.77755],[10.79925,46.77846],[10.79902,46.77905],[10.79861,46.7794],[10.79817,46.77935],[10.79744,46.77815],[10.79689,46.77777],[10.79659,46.77784],[10.79643,46.77832],[10.79649,46.77905],[10.79708,46.78056],[10.79704,46.78084],[10.79679,46.78104],[10.79625,46.78111],[10.79448,46.78108],[10.79408,46.78125],[10.79365,46.78203],[10.79369,46.78284],[10.79441,46.78385],[10.7963,46.78506],[10.79702,46.78569],[10.79716,46.78599],[10.79698,46.78631],[10.79577,46.78687],[10.7934,46.78704],[10.79248,46.78768],[10.7925,46.78821],[10.79275,46.78839],[10.79384,46.78869],[10.79424,46.78895],[10.79421,46.78933],[10.79404,46.78943],[10.79041,46.78941],[10.78937,46.78996],[10.78904,46.79044],[10.78908,46.79124],[10.78993,46.79186],[10.79092,46.79213],[10.79126,46.79247],[10.79121,46.79271],[10.79036,46.79293],[10.78764,46.79304],[10.78708,46.79329],[10.7869,46.79361],[10.78692,46.79493],[10.78658,46.79552],[10.78668,46.79629]]]}},{"type":"Feature","properties":{"kind":"no_open_geology","area_km2":1.4597,"mean_width_m":344},"geometry":{"type":"Polygon","coordinates":[[[11.52413,46.92786],[11.52376,46.92826],[11.5238,46.92862],[11.52434,46.92855],[11.52429,46.92962],[11.52524,46.93116],[11.52512,46.93199],[11.52523,46.93271],[11.52465,46.93412],[11.52495,46.9347],[11.52491,46.93416],[11.52505,46.93384],[11.52547,46.93355],[11.52596,46.93338],[11.52802,46.9334],[11.52841,46.93314],[11.52839,46.93255],[11.52795,46.93165],[11.52854,46.93007],[11.52841,46.92892],[11.52754,46.92787],[11.52707,46.92768],[11.52618,46.92683],[11.52538,46.92638],[11.52555,46.92578],[11.52605,46.9252],[11.52721,46.92482],[11.52741,46.92307],[11.52698,46.92231],[11.52599,46.92169],[11.52323,46.92101],[11.52203,46.921],[11.52113,46.91996],[11.51889,46.9188],[11.51841,46.91823],[11.51729,46.91748],[11.51698,46.91709],[11.51487,46.9163],[11.51415,46.91544],[11.51384,46.91529],[11.51234,46.91491],[11.51061,46.91399],[11.50809,46.91308],[11.50707,46.91293],[11.50635,46.91263],[11.5053,46.9127],[11.50499,46.91252],[11.50467,46.91254],[11.50481,46.91357],[11.50673,46.91457],[11.50753,46.91481],[11.50919,46.91615],[11.51006,46.91665],[11.51233,46.91727],[11.51397,46.91847],[11.51484,46.91938],[11.51593,46.92009],[11.51608,46.92062],[11.51597,46.92095],[11.51549,46.92138],[11.51504,46.9212],[11.5136,46.92105],[11.51321,46.9209],[11.51301,46.92047],[11.51084,46.91992],[11.51051,46.91997],[11.51048,46.92018],[11.51019,46.92038],[11.51051,46.92179],[11.5114,46.92265],[11.51132,46.92417],[11.51159,46.92527],[11.51256,46.9257],[11.51396,46.92673],[11.51663,46.92827],[11.51688,46.92877],[11.5182,46.92932],[11.52164,46.92989],[11.52269,46.92983],[11.52315,46.92957],[11.52293,46.92903],[11.52309,46.92864],[11.52335,46.92829],[11.52413,46.92786]]]}},{"type":"Feature","properties":{"kind":"no_open_geology","area_km2":1.4432,"mean_width_m":169},"geometry":{"type":"Polygon","coordinates":[[[10.40912,46.63506],[10.40227,46.63682],[10.39986,46.63858],[10.40093,46.63967],[10.40494,46.63767],[10.40737,46.63724],[10.40952,46.63724],[10.41144,46.63748],[10.41466,46.63834],[10.41752,46.63946],[10.4199,46.63998],[10.4277,46.64043],[10.43142,46.64078],[10.43359,46.64117],[10.44199,46.64102],[10.44386,46.64131],[10.44433,46.64178],[10.44642,46.64289],[10.45307,46.64001],[10.45307,46.63977],[10.45514,46.63835],[10.46169,46.63452],[10.47821,46.62429],[10.48162,46.62202],[10.4846,46.61941],[10.48716,46.61813],[10.48893,46.61747],[10.49165,46.61734],[10.49142,46.61534],[10.48874,46.61514],[10.48427,46.61741],[10.46256,46.63305],[10.44608,46.64127],[10.44344,46.63938],[10.42021,46.63831],[10.40912,46.63506]]]}},{"type":"Feature","properties":{"kind":"no_open_geology","area_km2":1.2981,"mean_width_m":483},"geometry":{"type":"Polygon","coordinates":[[[10.3,46.53362],[10.30152,46.53318],[10.30393,46.53323],[10.3049,46.53302],[10.30734,46.5318],[10.31053,46.5307],[10.31153,46.53018],[10.31541,46.52741],[10.31662,46.52686],[10.31692,46.52641],[10.31658,46.52526],[10.31669,46.52473],[10.31658,46.52414],[10.31603,46.52315],[10.31756,46.52145],[10.31951,46.51861],[10.31957,46.51823],[10.31938,46.51803],[10.3183,46.51772],[10.31671,46.51848],[10.31612,46.51947],[10.3143,46.52071],[10.31313,46.5212],[10.31065,46.52132],[10.30812,46.52269],[10.30718,46.52301],[10.30604,46.52304],[10.30483,46.52335],[10.30203,46.52456],[10.3,46.52459],[10.3,46.53362]]]}},{"type":"Feature","properties":{"kind":"no_open_geology","area_km2":1.1877,"mean_width_m":372},"geometry":{"type":"Polygon","coordinates":[[[11.46303,46.86845],[11.46077,46.86994],[11.45895,46.87017],[11.45826,46.87074],[11.45802,46.87124],[11.45964,46.87074],[11.46184,46.87072],[11.46222,46.87098],[11.46334,46.87249],[11.4646,46.87355],[11.4653,46.87385],[11.46649,46.87401],[11.46902,46.87381],[11.47102,46.87301],[11.47501,46.87235],[11.47706,46.87156],[11.47826,46.87066],[11.47902,46.87074],[11.48004,46.87128],[11.48559,46.87137],[11.4863,46.87106],[11.48744,46.87017],[11.48872,46.8689],[11.48884,46.86819],[11.48724,46.86729],[11.48694,46.86664],[11.48684,46.86587],[11.48716,46.86543],[11.48916,46.86448],[11.48517,46.86394],[11.48149,46.86398],[11.47923,46.8648],[11.47759,46.86628],[11.47544,46.86689],[11.47414,46.86937],[11.47341,46.8698],[11.47258,46.87006],[11.47165,46.87008],[11.4709,46.86991],[11.46664,46.86804],[11.46605,46.868],[11.46586,46.86773],[11.46402,46.86835],[11.46303,46.86845]]]}},{"type":"Feature","properties":{"kind":"no_open_geology","area_km2":1.0745,"mean_width_m":418},"geometry":{"type":"Polygon","coordinates":[[[10.73998,46.74155],[10.74057,46.74119],[10.74098,46.74072],[10.74089,46.73906],[10.7412,46.73857],[10.7417,46.73833],[10.74331,46.738],[10.74707,46.73763],[10.74868,46.73708],[10.75003,46.73631],[10.75041,46.73553],[10.75024,46.73488],[10.74968,46.73467],[10.74772,46.73453],[10.74713,46.73431],[10.74662,46.73391],[10.74658,46.73351],[10.74749,46.73266],[10.74964,46.73171],[10.75052,46.7314],[10.75197,46.73127],[10.75311,46.73038],[10.75316,46.73015],[10.75298,46.72987],[10.75207,46.72967],[10.75026,46.72995],[10.74721,46.7297],[10.74395,46.73],[10.74045,46.72992],[10.73744,46.73079],[10.73564,46.73108],[10.73453,46.73188],[10.73422,46.73261],[10.73446,46.73328],[10.73561,46.73453],[10.73554,46.73635],[10.7362,46.73765],[10.73608,46.73976],[10.73633,46.7409],[10.7379,46.74155],[10.73998,46.74155]]]}},{"type":"Feature","properties":{"kind":"no_open_geology","area_km2":0.8098,"mean_width_m":383},"geometry":{"type":"Polygon","coordinates":[[[10.72657,46.72443],[10.72624,46.72539],[10.72437,46.72761],[10.7243,46.72899],[10.72412,46.72939],[10.72333,46.7303],[10.72171,46.73282],[10.72167,46.73403],[10.72228,46.73552],[10.72105,46.73765],[10.7223,46.73828],[10.72313,46.73759],[10.72436,46.73721],[10.72776,46.73572],[10.72804,46.73551],[10.72839,46.7347],[10.73048,46.73358],[10.73223,46.73156],[10.73242,46.73113],[10.73236,46.72981],[10.73362,46.72897],[10.7337,46.72799],[10.7335,46.72699],[10.73317,46.72674],[10.73267,46.72669],[10.73126,46.72681],[10.72961,46.72619],[10.7288,46.72527],[10.72858,46.72391],[10.72813,46.72326],[10.72762,46.72324],[10.72725,46.72344],[10.72657,46.72443]]]}},{"type":"Feature","properties":{"kind":"no_open_geology","area_km2":0.7544,"mean_width_m":278},"geometry":{"type":"Polygon","coordinates":[[[10.42797,46.04886],[10.42798,46.04948],[10.42854,46.04975],[10.42952,46.0497],[10.4309,46.04893],[10.43309,46.04849],[10.43442,46.04857],[10.43805,46.04968],[10.43972,46.04996],[10.44174,46.04987],[10.44896,46.04882],[10.45308,46.04768],[10.45308,46.04806],[10.45435,46.04695],[10.45634,46.04685],[10.45705,46.04664],[10.45593,46.04555],[10.45578,46.04589],[10.45539,46.04597],[10.45448,46.04527],[10.45308,46.04568],[10.45308,46.04518],[10.45175,46.0454],[10.44921,46.045],[10.44528,46.04667],[10.44324,46.0468],[10.44229,46.0466],[10.44021,46.04568],[10.43888,46.04465],[10.43755,46.04391],[10.43687,46.04376],[10.43575,46.04422],[10.43491,46.04528],[10.43431,46.04547],[10.43371,46.04612],[10.43148,46.04687],[10.42967,46.04698],[10.42919,46.04728],[10.42913,46.04764],[10.42797,46.04886]]]}},{"type":"Feature","properties":{"kind":"no_open_geology","area_km2":0.7541,"mean_width_m":244},"geometry":{"type":"Polygon","coordinates":[[[10.66864,46.75969],[10.66991,46.76291],[10.66999,46.76472],[10.66965,46.76605],[10.66975,46.7675],[10.67043,46.76805],[10.67117,46.76823],[10.67219,46.76805],[10.67255,46.76701],[10.67251,46.76478],[10.67263,46.76415],[10.67295,46.76363],[10.67304,46.76163],[10.67288,46.76106],[10.67086,46.75932],[10.66958,46.75792],[10.66791,46.75672],[10.6677,46.75622],[10.66765,46.75518],[10.66668,46.75427],[10.66637,46.75407],[10.66473,46.75403],[10.66404,46.75382],[10.66331,46.75317],[10.66267,46.75221],[10.66234,46.75194],[10.66185,46.75182],[10.66129,46.75188],[10.66052,46.7523],[10.66016,46.75291],[10.66006,46.7544],[10.6598,46.7545],[10.65942,46.75432],[10.65911,46.75389],[10.65831,46.75211],[10.65794,46.75185],[10.65694,46.75185],[10.65633,46.75227],[10.65631,46.75298],[10.65719,46.75481],[10.65713,46.75499],[10.65678,46.75514],[10.65618,46.75508],[10.65541,46.75464],[10.65486,46.75458],[10.65426,46.75461],[10.65369,46.75499],[10.65366,46.75595],[10.65402,46.7564],[10.65639,46.75641],[10.65908,46.7573],[10.66173,46.7574],[10.66513,46.75928],[10.66701,46.75918],[10.66779,46.75931],[10.66864,46.75969]]]}},{"type":"Feature","properties":{"kind":"no_open_geology","area_km2":0.7016,"mean_width_m":331},"geometry":{"type":"Polygon","coordinates":[[[10.92136,46.75679],[10.921,46.7564],[10.91995,46.75635],[10.9159,46.75802],[10.91069,46.75939],[10.9059,46.75982],[10.90125,46.75927],[10.90097,46.75934],[10.90083,46.75968],[10.90088,46.75998],[10.90234,46.76188],[10.90368,46.76247],[10.90454,46.76315],[10.90516,46.76556],[10.90568,46.76597],[10.90653,46.76605],[10.90728,46.76585],[10.90855,46.76472],[10.9107,46.76391],[10.91213,46.76315],[10.91412,46.76248],[10.91561,46.7617],[10.91873,46.76088],[10.92029,46.75968],[10.92119,46.75866],[10.9214,46.75818],[10.92136,46.75679]]]}},{"type":"Feature","properties":{"kind":"no_open_geology","area_km2":0.6866,"mean_width_m":307},"geometry":{"type":"Polygon","coordinates":[[[10.73298,46.77905],[10.73291,46.77883],[10.73143,46.77756],[10.72301,46.77161],[10.72275,46.77079],[10.72294,46.77037],[10.72461,46.76844],[10.72467,46.76791],[10.72434,46.76756],[10.71987,46.76571],[10.71852,46.76558],[10.71817,46.76575],[10.71781,46.76639],[10.71675,46.76736],[10.71617,46.76842],[10.71604,46.76915],[10.71615,46.76971],[10.72038,46.7732],[10.72075,46.77482],[10.72108,46.77505],[10.72206,46.77524],[10.72403,46.77712],[10.72565,46.77772],[10.72793,46.77908],[10.72889,46.77943],[10.73298,46.77905]]]}},{"type":"Feature","properties":{"kind":"no_open_geology","area_km2":0.6481,"mean_width_m":299},"geometry":{"type":"Polygon","coordinates":[[[10.72757,46.7625],[10.72633,46.76501],[10.7262,46.76654],[10.72648,46.76734],[10.72704,46.7678],[10.72774,46.76806],[10.72881,46.76803],[10.72957,46.7677],[10.73047,46.7668],[10.73195,46.76352],[10.73341,46.76233],[10.73387,46.7618],[10.73393,46.7615],[10.73229,46.75723],[10.73181,46.75646],[10.73093,46.75591],[10.72994,46.75562],[10.72893,46.75554],[10.72841,46.75559],[10.72772,46.75601],[10.72649,46.75799],[10.72427,46.7595],[10.7238,46.76134],[10.7225,46.76281],[10.72254,46.76389],[10.72297,46.76422],[10.72372,46.76419],[10.72451,46.76337],[10.72545,46.76164],[10.72592,46.76104],[10.72627,46.76086],[10.72695,46.76093],[10.72748,46.76121],[10.72764,46.76175],[10.72757,46.7625]]]}},{"type":"Feature","properties":{"kind":"no_open_geology","area_km2":0.5756,"mean_width_m":312},"geometry":{"type":"Polygon","coordinates":[[[10.83933,46.78141],[10.84032,46.78196],[10.84034,46.7812],[10.84109,46.78063],[10.84199,46.77883],[10.84198,46.77845],[10.84465,46.77837],[10.8464,46.77694],[10.84822,46.77516],[10.84849,46.7748],[10.84861,46.77427],[10.84858,46.77349],[10.84801,46.77271],[10.84694,46.77238],[10.84552,46.77233],[10.84196,46.77325],[10.83909,46.77201],[10.83834,46.77195],[10.83553,46.77307],[10.83515,46.77339],[10.835,46.77387],[10.83514,46.77451],[10.83566,46.77548],[10.83762,46.77682],[10.83982,46.77709],[10.8401,46.77725],[10.84017,46.77775],[10.83902,46.78027],[10.83905,46.78093],[10.83933,46.78141]]]}},{"type":"Feature","properties":{"kind":"no_open_geology","area_km2":0.5502,"mean_width_m":239},"geometry":{"type":"Polygon","coordinates":[[[10.70356,46.84742],[10.70565,46.84702],[10.70791,46.84709],[10.71082,46.84682],[10.71256,46.84699],[10.71267,46.84529],[10.71126,46.84538],[10.70999,46.84509],[10.70963,46.8443],[10.70824,46.84337],[10.70828,46.84285],[10.70765,46.84229],[10.70777,46.84191],[10.70689,46.84184],[10.70358,46.84015],[10.70346,46.8399],[10.7036,46.83962],[10.70407,46.83929],[10.70704,46.83917],[10.70657,46.83827],[10.70595,46.83774],[10.70358,46.83723],[10.70245,46.83717],[10.70205,46.83726],[10.7006,46.83833],[10.69886,46.83843],[10.6973,46.83879],[10.69647,46.84016],[10.69875,46.84057],[10.69956,46.84111],[10.70221,46.84222],[10.70417,46.84366],[10.7043,46.84429],[10.70389,46.84522],[10.70355,46.84533],[10.70282,46.84507],[10.70257,46.84534],[10.70255,46.84636],[10.70356,46.84742]]]}},{"type":"Feature","properties":{"kind":"no_open_geology","area_km2":0.5485,"mean_width_m":153},"geometry":{"type":"Polygon","coordinates":[[[10.38357,46.68728],[10.38742,46.68711],[10.39231,46.68876],[10.38706,46.68443],[10.38707,46.68297],[10.39018,46.67963],[10.39132,46.67745],[10.39241,46.67403],[10.39371,46.67181],[10.39467,46.66831],[10.39226,46.66831],[10.39238,46.66736],[10.3921,46.66479],[10.39225,46.66373],[10.39271,46.66302],[10.39269,46.66265],[10.39242,46.66237],[10.39102,46.66804],[10.39239,46.67161],[10.38549,46.68182],[10.38184,46.68465],[10.38357,46.68728]]]}},{"type":"Feature","properties":{"kind":"no_open_geology","area_km2":0.5307,"mean_width_m":257},"geometry":{"type":"Polygon","coordinates":[[[10.47268,46.15737],[10.47133,46.15915],[10.47114,46.15959],[10.47121,46.15977],[10.47336,46.16068],[10.47422,46.16047],[10.47542,46.16083],[10.47648,46.16178],[10.47664,46.16224],[10.47744,46.16285],[10.47959,46.16385],[10.48132,46.16373],[10.48211,46.16334],[10.48501,46.16095],[10.48616,46.16076],[10.48703,46.16021],[10.48895,46.15976],[10.48938,46.15946],[10.48955,46.15911],[10.48949,46.15883],[10.48928,46.15873],[10.48887,46.15876],[10.48835,46.15904],[10.48773,46.15896],[10.48768,46.15868],[10.48801,46.15822],[10.48813,46.15772],[10.48787,46.15714],[10.48739,46.15738],[10.48474,46.15795],[10.48412,46.1586],[10.48329,46.15881],[10.48113,46.15878],[10.4802,46.15852],[10.47948,46.15883],[10.479,46.15881],[10.4789,46.15867],[10.47913,46.15793],[10.47743,46.15825],[10.47575,46.15829],[10.47445,46.15877],[10.47416,46.15847],[10.4745,46.1573],[10.47431,46.15687],[10.47406,46.15675],[10.47336,46.15688],[10.47268,46.15737]]]}},{"type":"Feature","properties":{"kind":"no_open_geology","area_km2":0.5114,"mean_width_m":256},"geometry":{"type":"Polygon","coordinates":[[[10.50786,46.35271],[10.50818,46.35296],[10.50863,46.35467],[10.50914,46.35512],[10.50953,46.35461],[10.51017,46.35434],[10.51207,46.3543],[10.51237,46.35386],[10.5131,46.35375],[10.51371,46.35345],[10.5143,46.35348],[10.51522,46.35396],[10.51575,46.35395],[10.51753,46.35358],[10.51784,46.35312],[10.51714,46.35236],[10.51757,46.3514],[10.51722,46.35098],[10.51599,46.35031],[10.51606,46.34953],[10.51577,46.34911],[10.51585,46.34874],[10.51523,46.34845],[10.51522,46.34803],[10.51476,46.34774],[10.51484,46.34709],[10.51474,46.34698],[10.51416,46.34716],[10.51391,46.34708],[10.51458,46.34589],[10.5146,46.34552],[10.51395,46.3455],[10.51307,46.34668],[10.51251,46.34679],[10.51222,46.34669],[10.51208,46.34631],[10.51242,46.3455],[10.51222,46.34532],[10.51184,46.34538],[10.51108,46.34612],[10.51016,46.34662],[10.50965,46.34726],[10.50942,46.34932],[10.50918,46.34991],[10.50882,46.34995],[10.5086,46.34974],[10.50858,46.34873],[10.50838,46.34836],[10.50746,46.34846],[10.50736,46.34961],[10.50847,46.35021],[10.50826,46.35129],[10.5078,46.35244],[10.50786,46.35271]]]}},{"type":"Feature","properties":{"kind":"no_open_geology","area_km2":0.5016,"mean_width_m":168},"geometry":{"type":"Polygon","coordinates":[[[10.47006,46.85493],[10.4712,46.85568],[10.47448,46.85719],[10.47694,46.85809],[10.47883,46.85916],[10.48129,46.8589],[10.4823,46.85788],[10.48293,46.8565],[10.48146,46.8567],[10.48028,46.85589],[10.48227,46.85472],[10.48289,46.85417],[10.4844,46.85422],[10.4868,46.85495],[10.48708,46.85428],[10.48786,46.85378],[10.48843,46.85271],[10.49108,46.85213],[10.49082,46.85139],[10.48982,46.85155],[10.48875,46.8524],[10.48707,46.85283],[10.48278,46.85202],[10.48103,46.8523],[10.4802,46.85293],[10.48175,46.85418],[10.48177,46.85454],[10.4813,46.85513],[10.47945,46.85549],[10.4762,46.8555],[10.47308,46.8547],[10.47448,46.85095],[10.47172,46.84909],[10.47006,46.85493]]]}},{"type":"Feature","properties":{"kind":"no_open_geology","area_km2":0.4869,"mean_width_m":305},"geometry":{"type":"Polygon","coordinates":[[[11.61479,46.41968],[11.61048,46.41938],[11.61002,46.42004],[11.60876,46.42353],[11.60983,46.42422],[11.61198,46.42495],[11.61222,46.4244],[11.61248,46.42422],[11.61296,46.42434],[11.61358,46.42488],[11.61364,46.42645],[11.61246,46.42748],[11.61235,46.42789],[11.61261,46.42824],[11.61346,46.42849],[11.61603,46.42876],[11.61718,46.42837],[11.61762,46.428],[11.61794,46.42677],[11.61855,46.42642],[11.61892,46.42594],[11.61894,46.42528],[11.61883,46.4245],[11.61479,46.41968]]]}},{"type":"Feature","properties":{"kind":"no_open_geology","area_km2":0.4796,"mean_width_m":268},"geometry":{"type":"Polygon","coordinates":[[[10.73581,46.77313],[10.73642,46.77266],[10.73636,46.77207],[10.73603,46.77147],[10.73678,46.77035],[10.73744,46.76986],[10.74056,46.7696],[10.74103,46.76936],[10.74303,46.76748],[10.74309,46.76729],[10.74253,46.76721],[10.74044,46.76763],[10.73965,46.76739],[10.73977,46.76705],[10.74047,46.76675],[10.74137,46.76606],[10.74149,46.76558],[10.74136,46.76546],[10.74013,46.76529],[10.73774,46.76585],[10.73468,46.76697],[10.73126,46.76852],[10.73095,46.76895],[10.73061,46.7703],[10.73045,46.77142],[10.7305,46.77254],[10.73105,46.77391],[10.73163,46.77451],[10.73224,46.77497],[10.73277,46.77495],[10.73322,46.77448],[10.73347,46.77335],[10.73581,46.77313]]]}},{"type":"Feature","properties":{"kind":"no_open_geology","area_km2":0.4792,"mean_width_m":146},"geometry":{"type":"Polygon","coordinates":[[[10.42994,46.17331],[10.4287,46.17326],[10.42831,46.1734],[10.42823,46.17374],[10.42879,46.17506],[10.42861,46.17532],[10.42767,46.17544],[10.42795,46.17563],[10.42814,46.17603],[10.428,46.17674],[10.42866,46.17738],[10.42829,46.17829],[10.42825,46.17889],[10.42841,46.17922],[10.42914,46.17969],[10.43291,46.1799],[10.43387,46.17968],[10.4342,46.17987],[10.43591,46.17973],[10.43649,46.17932],[10.43818,46.17917],[10.43901,46.17828],[10.4398,46.17779],[10.4401,46.17733],[10.44113,46.17722],[10.4417,46.17688],[10.44131,46.17647],[10.4398,46.17608],[10.43757,46.17609],[10.43707,46.17634],[10.43706,46.17661],[10.43856,46.17692],[10.43879,46.17704],[10.43885,46.17734],[10.43843,46.17747],[10.43715,46.17736],[10.43597,46.17784],[10.43463,46.17792],[10.43337,46.17925],[10.43281,46.17938],[10.43126,46.17935],[10.43124,46.17911],[10.43177,46.17864],[10.43193,46.17805],[10.4323,46.1776],[10.43392,46.17682],[10.43394,46.17622],[10.43363,46.17595],[10.43378,46.17574],[10.43468,46.17535],[10.43529,46.17529],[10.43571,46.17587],[10.43616,46.17599],[10.43761,46.17544],[10.43858,46.17555],[10.43953,46.17531],[10.44016,46.17536],[10.44054,46.17524],[10.44076,46.17489],[10.44022,46.17439],[10.4396,46.17437],[10.43873,46.17404],[10.43736,46.17411],[10.43623,46.17387],[10.4351,46.17444],[10.43495,46.17373],[10.43393,46.17394],[10.43309,46.17347],[10.43184,46.17367],[10.43174,46.1732],[10.4332,46.17281],[10.43352,46.17229],[10.43329,46.17204],[10.43181,46.17176],[10.43167,46.17102],[10.43145,46.17113],[10.43074,46.17213],[10.4306,46.17267],[10.43066,46.17328],[10.43123,46.17386],[10.43127,46.17424],[10.43035,46.17492],[10.42987,46.17492],[10.42974,46.1747],[10.43002,46.17378],[10.42994,46.17331]]]}},{"type":"Feature","properties":{"kind":"no_open_geology","area_km2":0.4693,"mean_width_m":284},"geometry":{"type":"Polygon","coordinates":[[[10.43748,46.34489],[10.43826,46.34649],[10.4399,46.34817],[10.44226,46.34877],[10.44367,46.34956],[10.44449,46.35039],[10.44537,46.35031],[10.44638,46.35071],[10.4468,46.3502],[10.44734,46.34995],[10.44759,46.34927],[10.44744,46.34874],[10.44668,46.34773],[10.4465,46.347],[10.44634,46.34673],[10.44575,46.34641],[10.44475,46.34519],[10.44467,46.34414],[10.44506,46.34262],[10.44487,46.34237],[10.44446,46.34235],[10.44342,46.3428],[10.44035,46.34317],[10.43896,46.34273],[10.4379,46.34209],[10.43736,46.34112],[10.43712,46.341],[10.43682,46.34096],[10.43624,46.3412],[10.4359,46.34144],[10.43558,46.34234],[10.43611,46.34336],[10.43748,46.34489]]]}},{"type":"Feature","properties":{"kind":"no_open_geology","area_km2":0.4234,"mean_width_m":335},"geometry":{"type":"Polygon","coordinates":[[[10.46828,46.19306],[10.46803,46.19338],[10.46851,46.19581],[10.46953,46.19868],[10.47016,46.19966],[10.47286,46.2001],[10.475,46.19984],[10.47532,46.19976],[10.47715,46.19787],[10.47665,46.19708],[10.47608,46.19657],[10.47598,46.19533],[10.47539,46.19517],[10.47455,46.1945],[10.4742,46.19413],[10.47391,46.19315],[10.4733,46.19264],[10.47275,46.19248],[10.47128,46.19251],[10.46984,46.19233],[10.46828,46.19306]]]}},{"type":"Feature","properties":{"kind":"no_open_geology","area_km2":0.4056,"mean_width_m":244},"geometry":{"type":"Polygon","coordinates":[[[10.72339,46.72626],[10.72317,46.72609],[10.72229,46.72611],[10.71987,46.72719],[10.71677,46.7283],[10.71093,46.73135],[10.70988,46.73303],[10.7099,46.73359],[10.71018,46.73397],[10.71019,46.73438],[10.70969,46.73514],[10.70947,46.73636],[10.71129,46.73569],[10.71338,46.73389],[10.71488,46.73338],[10.72017,46.73051],[10.72167,46.72888],[10.72207,46.72836],[10.72218,46.72782],[10.72327,46.72677],[10.72339,46.72626]]]}},{"type":"Feature","properties":{"kind":"no_open_geology","area_km2":0.3741,"mean_width_m":182},"geometry":{"type":"Polygon","coordinates":[[[10.82021,46.77481],[10.82144,46.7742],[10.82315,46.77405],[10.82547,46.77332],[10.82825,46.77522],[10.82942,46.77573],[10.8304,46.77676],[10.83088,46.77839],[10.83167,46.77968],[10.83307,46.78103],[10.83311,46.77905],[10.83297,46.77841],[10.83081,46.77697],[10.83129,46.77655],[10.83116,46.77636],[10.83209,46.77456],[10.83343,46.77247],[10.83311,46.7718],[10.83201,46.77161],[10.83091,46.77164],[10.82713,46.77238],[10.82608,46.7721],[10.82452,46.77103],[10.82347,46.7705],[10.82298,46.77045],[10.8222,46.77083],[10.82151,46.77183],[10.82044,46.77252],[10.81969,46.77337],[10.81972,46.77383],[10.82021,46.77481]]]}},{"type":"Feature","properties":{"kind":"no_open_geology","area_km2":0.3683,"mean_width_m":287},"geometry":{"type":"Polygon","coordinates":[[[11.75927,46.9675],[11.75974,46.96801],[11.7602,46.96955],[11.76065,46.96981],[11.76149,46.96986],[11.76112,46.97114],[11.76147,46.97221],[11.76237,46.97279],[11.76396,46.97277],[11.76452,46.97308],[11.7653,46.97291],[11.76635,46.9721],[11.76811,46.96992],[11.76878,46.96758],[11.76753,46.96744],[11.76499,46.96635],[11.76343,46.96612],[11.76251,46.96621],[11.76088,46.96708],[11.76053,46.96709],[11.75909,46.96648],[11.75956,46.96725],[11.75927,46.9675]]]}},{"type":"Feature","properties":{"kind":"no_open_geology","area_km2":0.3651,"mean_width_m":139},"geometry":{"type":"Polygon","coordinates":[[[10.5266,46.84645],[10.52714,46.8467],[10.53649,46.84849],[10.53948,46.84888],[10.55244,46.84979],[10.55528,46.84839],[10.55542,46.84761],[10.55665,46.8467],[10.55471,46.84443],[10.55231,46.8459],[10.55151,46.84675],[10.5506,46.84875],[10.535,46.84696],[10.5266,46.84645]]]}},{"type":"Feature","properties":{"kind":"no_open_geology","area_km2":0.3606,"mean_width_m":278},"geometry":{"type":"Polygon","coordinates":[[[10.42552,46.1432],[10.42562,46.1448],[10.42593,46.1456],[10.42742,46.14738],[10.429,46.14806],[10.42979,46.14861],[10.43188,46.14919],[10.4323,46.14966],[10.43462,46.1501],[10.43571,46.14986],[10.43566,46.14932],[10.43591,46.14894],[10.43499,46.14783],[10.43348,46.14717],[10.43313,46.14675],[10.4328,46.146],[10.43261,46.14502],[10.43155,46.14333],[10.43093,46.14268],[10.4295,46.14292],[10.42731,46.14283],[10.42552,46.1432]]]}},{"type":"Feature","properties":{"kind":"no_open_geology","area_km2":0.3553,"mean_width_m":234},"geometry":{"type":"Polygon","coordinates":[[[10.87165,46.76552],[10.87341,46.76552],[10.87654,46.76502],[10.87963,46.76482],[10.8812,46.76393],[10.88159,46.76356],[10.8803,46.7634],[10.87885,46.76262],[10.87447,46.76167],[10.87206,46.7607],[10.86879,46.75891],[10.86746,46.75835],[10.86688,46.75844],[10.86668,46.75963],[10.86689,46.76008],[10.86932,46.76203],[10.87097,46.76307],[10.8713,46.76384],[10.87142,46.76503],[10.87165,46.76552]]]}},{"type":"Feature","properties":{"kind":"no_open_geology","area_km2":0.3309,"mean_width_m":195},"geometry":{"type":"Polygon","coordinates":[[[10.92477,46.76344],[10.92186,46.76322],[10.92082,46.76354],[10.92056,46.76454],[10.92087,46.76585],[10.92258,46.76806],[10.92361,46.76913],[10.92438,46.77029],[10.92454,46.7714],[10.92379,46.7741],[10.92383,46.7744],[10.9243,46.77479],[10.92495,46.7739],[10.92551,46.77345],[10.92824,46.77297],[10.92971,46.77347],[10.92829,46.7713],[10.92648,46.76942],[10.92609,46.76743],[10.92499,46.76615],[10.92489,46.76544],[10.92451,46.76463],[10.92445,46.76385],[10.92477,46.76344]]]}},{"type":"Feature","properties":{"kind":"no_open_geology","area_km2":0.3128,"mean_width_m":229},"geometry":{"type":"Polygon","coordinates":[[[11.80722,46.97595],[11.80753,46.97623],[11.80862,46.97665],[11.81046,46.97714],[11.81288,46.97747],[11.8138,46.97726],[11.81479,46.97507],[11.81506,46.97281],[11.81484,46.972],[11.81405,46.97122],[11.8135,46.97003],[11.81036,46.96921],[11.81012,46.96964],[11.8095,46.97004],[11.81006,46.97028],[11.8104,46.97148],[11.81135,46.97309],[11.81134,46.97338],[11.81083,46.97369],[11.81088,46.9744],[11.80993,46.97422],[11.80765,46.9748],[11.80712,46.97478],[11.8073,46.97522],[11.80722,46.97595]]]}},{"type":"Feature","properties":{"kind":"no_open_geology","area_km2":0.3104,"mean_width_m":268},"geometry":{"type":"Polygon","coordinates":[[[11.84338,46.99271],[11.84197,46.99314],[11.8415,46.99456],[11.84149,46.99506],[11.84164,46.99524],[11.84312,46.99575],[11.84541,46.99602],[11.84565,46.99636],[11.84576,46.99708],[11.84696,46.9979],[11.84781,46.99804],[11.84846,46.99795],[11.85071,46.99575],[11.85189,46.99516],[11.84946,46.99382],[11.84773,46.99252],[11.8453,46.99154],[11.84388,46.99171],[11.84338,46.99271]]]}},{"type":"Feature","properties":{"kind":"no_open_geology","area_km2":0.3069,"mean_width_m":142},"geometry":{"type":"Polygon","coordinates":[[[10.4526,46.80615],[10.45272,46.80797],[10.45784,46.81656],[10.45604,46.81847],[10.45593,46.822],[10.45907,46.82379],[10.45846,46.8229],[10.45872,46.82155],[10.4597,46.81916],[10.46006,46.81698],[10.45765,46.81376],[10.45589,46.80989],[10.45377,46.80708],[10.4526,46.80615]]]}},{"type":"Feature","properties":{"kind":"no_open_geology","area_km2":0.2985,"mean_width_m":193},"geometry":{"type":"Polygon","coordinates":[[[10.51889,46.35954],[10.51882,46.35988],[10.5171,46.36048],[10.51688,46.36103],[10.51964,46.36146],[10.5204,46.36138],[10.52121,46.36103],[10.52233,46.36119],[10.52545,46.36218],[10.52643,46.3627],[10.52681,46.36325],[10.52708,46.36338],[10.52746,46.36328],[10.5276,46.36273],[10.52831,46.36286],[10.52852,46.36275],[10.52844,46.3622],[10.52823,46.36194],[10.52633,46.36173],[10.52603,46.36156],[10.52611,46.36117],[10.52744,46.36112],[10.52749,46.36061],[10.52674,46.35958],[10.5264,46.35834],[10.5253,46.35765],[10.52475,46.35767],[10.52454,46.35838],[10.52409,46.35856],[10.52167,46.3581],[10.52154,46.35747],[10.52103,46.35722],[10.51868,46.35728],[10.51821,46.3581],[10.51813,46.35869],[10.51826,46.35903],[10.51889,46.35954]]]}},{"type":"Feature","properties":{"kind":"no_open_geology","area_km2":0.2951,"mean_width_m":198},"geometry":{"type":"Polygon","coordinates":[[[10.68178,46.77029],[10.68201,46.76897],[10.68144,46.76874],[10.67614,46.76845],[10.67487,46.76852],[10.67384,46.76889],[10.67336,46.76963],[10.67351,46.77026],[10.67454,46.77054],[10.67634,46.77047],[10.6749,46.77128],[10.67297,46.77305],[10.67271,46.77345],[10.67263,46.77513],[10.673,46.77564],[10.6734,46.77559],[10.67384,46.77517],[10.67417,46.7741],[10.67487,46.77372],[10.6752,46.77287],[10.67554,46.77266],[10.67621,46.77261],[10.6771,46.77285],[10.67815,46.7724],[10.68024,46.77243],[10.68123,46.77198],[10.68201,46.77183],[10.68214,46.77154],[10.68178,46.77029]]]}},{"type":"Feature","properties":{"kind":"no_open_geology","area_km2":0.2904,"mean_width_m":229},"geometry":{"type":"Polygon","coordinates":[[[10.72818,46.70387],[10.72752,46.70358],[10.72673,46.7035],[10.72585,46.70389],[10.72479,46.70469],[10.72471,46.70683],[10.72506,46.7075],[10.72592,46.70814],[10.72768,46.70818],[10.72865,46.70867],[10.72885,46.70917],[10.72847,46.71061],[10.7285,46.71166],[10.7288,46.71187],[10.73011,46.71194],[10.73193,46.71164],[10.73206,46.70886],[10.73041,46.70717],[10.73032,46.70649],[10.73002,46.70599],[10.7301,46.70562],[10.72818,46.70387]]]}},{"type":"Feature","properties":{"kind":"no_open_geology","area_km2":0.2882,"mean_width_m":222},"geometry":{"type":"Polygon","coordinates":[[[10.8567,46.77349],[10.86752,46.77249],[10.86776,46.77034],[10.86846,46.76752],[10.86803,46.76816],[10.86689,46.76791],[10.86607,46.76795],[10.86526,46.76829],[10.86448,46.76888],[10.86371,46.76903],[10.85793,46.77205],[10.85698,46.77278],[10.8567,46.77349]]]}},{"type":"Feature","properties":{"kind":"no_open_geology","area_km2":0.2855,"mean_width_m":190},"geometry":{"type":"Polygon","coordinates":[[[10.50678,46.84739],[10.50875,46.84727],[10.51109,46.84676],[10.51114,46.84701],[10.51156,46.84698],[10.51176,46.84672],[10.51184,46.84651],[10.51156,46.84569],[10.51158,46.84519],[10.51199,46.84463],[10.51203,46.84423],[10.5115,46.8436],[10.50901,46.84351],[10.50864,46.84339],[10.50849,46.843],[10.50873,46.8423],[10.50905,46.84194],[10.5099,46.84189],[10.50968,46.84043],[10.51014,46.83975],[10.5106,46.83855],[10.50877,46.83935],[10.50779,46.83954],[10.50605,46.8393],[10.50533,46.84094],[10.50559,46.84275],[10.50588,46.84257],[10.50644,46.84296],[10.50694,46.84624],[10.50678,46.84739]]]}},{"type":"Feature","properties":{"kind":"no_open_geology","area_km2":0.2853,"mean_width_m":229},"geometry":{"type":"Polygon","coordinates":[[[10.47154,46.02487],[10.47298,46.02526],[10.47576,46.02563],[10.47772,46.02607],[10.4799,46.02698],[10.4809,46.02788],[10.48183,46.02802],[10.48337,46.02794],[10.48356,46.02719],[10.48293,46.02567],[10.4828,46.0235],[10.48256,46.02317],[10.48176,46.02305],[10.47999,46.02328],[10.47636,46.02324],[10.47604,46.02344],[10.47363,46.02366],[10.47157,46.02447],[10.47154,46.02487]]]}},{"type":"Feature","properties":{"kind":"no_open_geology","area_km2":0.2803,"mean_width_m":231},"geometry":{"type":"Polygon","coordinates":[[[10.74214,46.77254],[10.74101,46.77406],[10.7406,46.77434],[10.7402,46.77451],[10.7388,46.77462],[10.73827,46.77492],[10.73823,46.77535],[10.73839,46.77556],[10.73925,46.77598],[10.74041,46.77619],[10.74453,46.77609],[10.74524,46.77591],[10.7472,46.77476],[10.74868,46.77419],[10.74875,46.77013],[10.74812,46.77026],[10.74566,46.77186],[10.74499,46.77211],[10.74291,46.77216],[10.74214,46.77254]]]}},{"type":"Feature","properties":{"kind":"no_open_geology","area_km2":0.2768,"mean_width_m":192},"geometry":{"type":"Polygon","coordinates":[[[10.67414,46.78312],[10.67451,46.78287],[10.67534,46.78167],[10.67584,46.78134],[10.67749,46.78095],[10.67825,46.78018],[10.6777,46.77965],[10.67605,46.77898],[10.67275,46.77811],[10.67017,46.77868],[10.66633,46.7799],[10.66621,46.78068],[10.66635,46.7811],[10.66731,46.78201],[10.66813,46.7823],[10.66898,46.7821],[10.66927,46.7818],[10.66996,46.78031],[10.67095,46.78023],[10.67289,46.78047],[10.67298,46.78099],[10.67147,46.78246],[10.67151,46.78302],[10.67181,46.78326],[10.67284,46.78346],[10.67414,46.78312]]]}},{"type":"Feature","properties":{"kind":"no_open_geology","area_km2":0.2664,"mean_width_m":129},"geometry":{"type":"Polygon","coordinates":[[[10.39356,46.68958],[10.40333,46.7055],[10.40588,46.70544],[10.40245,46.70066],[10.39682,46.69173],[10.39356,46.68958]]]}},{"type":"Feature","properties":{"kind":"no_open_geology","area_km2":0.2619,"mean_width_m":244},"geometry":{"type":"Polygon","coordinates":[[[10.91358,46.76652],[10.91326,46.7669],[10.91317,46.76847],[10.91261,46.77112],[10.91341,46.77238],[10.91412,46.77265],[10.91451,46.77258],[10.91549,46.77196],[10.91756,46.76988],[10.91839,46.76814],[10.91815,46.76653],[10.91837,46.76493],[10.91794,46.76473],[10.91654,46.76486],[10.91358,46.76652]]]}},{"type":"Feature","properties":{"kind":"no_open_geology","area_km2":0.2441,"mean_width_m":218},"geometry":{"type":"Polygon","coordinates":[[[10.68147,46.70199],[10.6825,46.70176],[10.68259,46.7],[10.68338,46.69938],[10.68359,46.69889],[10.68333,46.69755],[10.68249,46.69674],[10.68179,46.69631],[10.67871,46.69629],[10.67837,46.69646],[10.67692,46.69887],[10.67615,46.70101],[10.67621,46.70159],[10.67685,46.70176],[10.67888,46.70034],[10.67956,46.70014],[10.68018,46.70049],[10.68058,46.7018],[10.68147,46.70199]]]}},{"type":"Feature","properties":{"kind":"no_open_geology","area_km2":0.2324,"mean_width_m":102},"geometry":{"type":"Polygon","coordinates":[[[10.39787,46.65062],[10.39977,46.649],[10.40079,46.64707],[10.40186,46.64301],[10.40168,46.64209],[10.40142,46.64165],[10.40116,46.64271],[10.4016,46.64269],[10.40029,46.64594],[10.3965,46.64951],[10.39409,46.65464],[10.39214,46.65514],[10.391,46.6589],[10.39184,46.65998],[10.39238,46.65767],[10.39293,46.65699],[10.3942,46.65629],[10.39557,46.65471],[10.3974,46.65178],[10.39787,46.65062]]]}},{"type":"Feature","properties":{"kind":"no_open_geology","area_km2":0.2269,"mean_width_m":234},"geometry":{"type":"Polygon","coordinates":[[[10.47075,46.18539],[10.46997,46.18509],[10.469,46.1851],[10.46751,46.1859],[10.46802,46.18707],[10.46791,46.18732],[10.46712,46.18777],[10.46682,46.1882],[10.46755,46.18873],[10.46839,46.19113],[10.46905,46.19129],[10.46933,46.19158],[10.47046,46.19156],[10.4716,46.19128],[10.4727,46.19035],[10.47313,46.18969],[10.47277,46.18879],[10.47134,46.18663],[10.47075,46.18539]]]}},{"type":"Feature","properties":{"kind":"no_open_geology","area_km2":0.2265,"mean_width_m":236},"geometry":{"type":"Polygon","coordinates":[[[10.44167,45.95502],[10.4415,45.95403],[10.44117,45.95359],[10.44045,45.95338],[10.4386,45.95365],[10.43717,45.95428],[10.43662,45.95475],[10.43583,45.95627],[10.43594,45.95776],[10.43609,45.958],[10.4376,45.95914],[10.43866,45.95921],[10.44048,45.95822],[10.44112,45.95769],[10.4426,45.95738],[10.44273,45.95719],[10.44256,45.9569],[10.44144,45.95653],[10.44107,45.95615],[10.44112,45.95569],[10.44167,45.95502]]]}},{"type":"Feature","properties":{"kind":"no_open_geology","area_km2":0.213,"mean_width_m":233},"geometry":{"type":"Polygon","coordinates":[[[11.58905,46.39783],[11.58968,46.3983],[11.59054,46.39839],[11.59126,46.39827],[11.59215,46.39784],[11.59317,46.39772],[11.59371,46.39752],[11.59393,46.39716],[11.5938,46.39628],[11.59297,46.3956],[11.59198,46.39572],[11.59156,46.39478],[11.5899,46.39404],[11.58752,46.39398],[11.58623,46.39446],[11.58566,46.39494],[11.5852,46.39575],[11.58771,46.39745],[11.58863,46.39783],[11.58905,46.39783]]]}},{"type":"Feature","properties":{"kind":"no_open_geology","area_km2":0.2079,"mean_width_m":235},"geometry":{"type":"Polygon","coordinates":[[[10.50961,46.34125],[10.51019,46.34151],[10.51065,46.34152],[10.51205,46.34099],[10.51197,46.33945],[10.51224,46.33836],[10.5122,46.33784],[10.51154,46.33773],[10.51049,46.33784],[10.50967,46.33704],[10.50836,46.33677],[10.50689,46.33726],[10.50655,46.33772],[10.50654,46.33811],[10.50633,46.33849],[10.50561,46.33917],[10.50595,46.34062],[10.50672,46.34126],[10.50743,46.34155],[10.50809,46.34159],[10.50961,46.34125]]]}},{"type":"Feature","properties":{"kind":"no_open_geology","area_km2":0.2073,"mean_width_m":154},"geometry":{"type":"Polygon","coordinates":[[[10.5624,46.21819],[10.56193,46.21709],[10.56149,46.21667],[10.56035,46.21624],[10.55856,46.21619],[10.55794,46.2158],[10.5571,46.21492],[10.5569,46.21491],[10.55659,46.21507],[10.55639,46.2158],[10.55595,46.21616],[10.55544,46.21705],[10.55473,46.21787],[10.5559,46.22082],[10.55652,46.22187],[10.55721,46.22156],[10.5583,46.21977],[10.5583,46.21933],[10.55759,46.21841],[10.55751,46.21804],[10.55785,46.21695],[10.55816,46.21698],[10.55869,46.21747],[10.55899,46.21865],[10.55932,46.21913],[10.5598,46.21918],[10.56045,46.2189],[10.56185,46.21907],[10.56224,46.21898],[10.56244,46.21886],[10.5624,46.21819]]]}},{"type":"Feature","properties":{"kind":"no_open_geology","area_km2":0.1997,"mean_width_m":205},"geometry":{"type":"Polygon","coordinates":[[[11.57465,46.92471],[11.57431,46.92416],[11.57418,46.92354],[11.57486,46.92306],[11.57503,46.92222],[11.57525,46.92206],[11.57452,46.92117],[11.57348,46.92117],[11.57049,46.92076],[11.56937,46.92087],[11.56547,46.92178],[11.56698,46.92296],[11.56822,46.92345],[11.57465,46.92471]]]}},{"type":"Feature","properties":{"kind":"no_open_geology","area_km2":0.1927,"mean_width_m":218},"geometry":{"type":"Polygon","coordinates":[[[11.75257,46.96909],[11.75207,46.97036],[11.75219,46.971],[11.75254,46.9717],[11.7548,46.97233],[11.7568,46.97138],[11.75788,46.97063],[11.75811,46.97031],[11.75824,46.96967],[11.75824,46.96769],[11.75745,46.96799],[11.75666,46.96807],[11.75415,46.96683],[11.75352,46.96807],[11.75257,46.96909]]]}},{"type":"Feature","properties":{"kind":"no_open_geology","area_km2":0.1871,"mean_width_m":214},"geometry":{"type":"Polygon","coordinates":[[[10.51052,46.20466],[10.51157,46.20384],[10.51177,46.20349],[10.51163,46.20276],[10.51109,46.2017],[10.51123,46.20032],[10.51018,46.20013],[10.50838,46.2006],[10.50609,46.20381],[10.5071,46.20592],[10.50762,46.20618],[10.50833,46.20617],[10.50915,46.20539],[10.51052,46.20466]]]}},{"type":"Feature","properties":{"kind":"no_open_geology","area_km2":0.1854,"mean_width_m":143},"geometry":{"type":"Polygon","coordinates":[[[10.46006,46.83464],[10.46152,46.83459],[10.45986,46.83227],[10.45972,46.83098],[10.4623,46.82697],[10.46186,46.82592],[10.46026,46.82475],[10.4566,46.83019],[10.45913,46.83174],[10.46006,46.83464]]]}},{"type":"Feature","properties":{"kind":"no_open_geology","area_km2":0.1817,"mean_width_m":178},"geometry":{"type":"Polygon","coordinates":[[[11.74911,46.96232],[11.74857,46.96143],[11.74755,46.96123],[11.74649,46.9606],[11.7455,46.95916],[11.74504,46.96097],[11.74513,46.96148],[11.74564,46.96223],[11.74567,46.96412],[11.74582,46.96451],[11.74644,46.96512],[11.74673,46.96634],[11.74726,46.96661],[11.74842,46.96658],[11.74886,46.9663],[11.75075,46.96293],[11.75065,46.96278],[11.74958,46.96265],[11.74911,46.96232]]]}},{"type":"Feature","properties":{"kind":"no_open_geology","area_km2":0.1771,"mean_width_m":162},"geometry":{"type":"Polygon","coordinates":[[[11.72338,46.9699],[11.72346,46.97041],[11.72415,46.97108],[11.72682,46.9726],[11.72724,46.97305],[11.7274,46.97264],[11.72863,46.97232],[11.72885,46.97211],[11.72786,46.97129],[11.72627,46.96906],[11.72495,46.96764],[11.72278,46.96706],[11.72203,46.96613],[11.72161,46.96594],[11.72081,46.96607],[11.71983,46.96655],[11.72019,46.96698],[11.72139,46.96757],[11.72193,46.96858],[11.72305,46.96945],[11.72338,46.9699]]]}},{"type":"Feature","properties":{"kind":"no_open_geology","area_km2":0.1711,"mean_width_m":203},"geometry":{"type":"Polygon","coordinates":[[[10.68155,46.68216],[10.67906,46.68202],[10.67676,46.6845],[10.67682,46.68472],[10.67765,46.68531],[10.67979,46.68571],[10.68237,46.68665],[10.68294,46.68672],[10.68355,46.68657],[10.68402,46.68579],[10.68406,46.6853],[10.68322,46.68437],[10.68206,46.68382],[10.68155,46.68216]]]}},{"type":"Feature","properties":{"kind":"no_open_geology","area_km2":0.1669,"mean_width_m":125},"geometry":{"type":"Polygon","coordinates":[[[10.44229,46.3992],[10.44567,46.3992],[10.44575,46.39875],[10.44591,46.39871],[10.44768,46.39907],[10.44771,46.39892],[10.44697,46.39871],[10.44697,46.39851],[10.44833,46.39821],[10.44912,46.39822],[10.44948,46.398],[10.44968,46.39819],[10.44975,46.39865],[10.45025,46.3987],[10.45054,46.39892],[10.45049,46.3992],[10.45306,46.3992],[10.45307,46.39599],[10.45205,46.39624],[10.45054,46.39621],[10.44983,46.3966],[10.44861,46.39642],[10.44759,46.39659],[10.4467,46.39717],[10.44732,46.39773],[10.44723,46.39797],[10.44639,46.39798],[10.44573,46.39742],[10.4451,46.39735],[10.44385,46.39817],[10.44278,46.39853],[10.44232,46.39886],[10.44229,46.3992]]]}},{"type":"Feature","properties":{"kind":"no_open_geology","area_km2":0.1645,"mean_width_m":214},"geometry":{"type":"Polygon","coordinates":[[[10.48247,46.1639],[10.48346,46.16499],[10.48506,46.16604],[10.48602,46.16618],[10.48731,46.16609],[10.48791,46.16581],[10.48965,46.16351],[10.48976,46.16307],[10.48955,46.16266],[10.48882,46.16234],[10.48703,46.1623],[10.4843,46.16289],[10.48247,46.1639]]]}},{"type":"Feature","properties":{"kind":"no_open_geology","area_km2":0.164,"mean_width_m":162},"geometry":{"type":"Polygon","coordinates":[[[10.68113,46.85727],[10.68499,46.85772],[10.68712,46.85747],[10.69153,46.85749],[10.6928,46.85694],[10.69276,46.85671],[10.69237,46.85648],[10.69046,46.85602],[10.69002,46.85586],[10.68942,46.85535],[10.6884,46.85509],[10.68517,46.85556],[10.68343,46.85625],[10.68147,46.85636],[10.68078,46.8566],[10.68081,46.85699],[10.68113,46.85727]]]}},{"type":"Feature","properties":{"kind":"no_open_geology","area_km2":0.1624,"mean_width_m":209},"geometry":{"type":"Polygon","coordinates":[[[10.42474,46.16182],[10.42373,46.16103],[10.42284,46.16069],[10.42186,46.16063],[10.42006,46.1608],[10.41936,46.16188],[10.41964,46.16284],[10.42006,46.16329],[10.42313,46.16478],[10.42442,46.16495],[10.42511,46.16482],[10.42535,46.16433],[10.42611,46.16387],[10.4257,46.16369],[10.42474,46.16182]]]}},{"type":"Feature","properties":{"kind":"no_open_geology","area_km2":0.161,"mean_width_m":140},"geometry":{"type":"Polygon","coordinates":[[[10.48473,46.14047],[10.48492,46.14103],[10.48596,46.14197],[10.48573,46.14251],[10.4857,46.14321],[10.48582,46.14371],[10.48647,46.14447],[10.48706,46.14476],[10.48733,46.14439],[10.48801,46.14432],[10.48885,46.14369],[10.48879,46.1432],[10.4874,46.14173],[10.48711,46.14038],[10.4874,46.13964],[10.48612,46.13903],[10.48574,46.13823],[10.48486,46.13704],[10.48416,46.13672],[10.48316,46.13675],[10.48289,46.13782],[10.48315,46.13906],[10.48365,46.13954],[10.48421,46.13953],[10.48488,46.13925],[10.48473,46.14047]]]}},{"type":"Feature","properties":{"kind":"no_open_geology","area_km2":0.1532,"mean_width_m":156},"geometry":{"type":"Polygon","coordinates":[[[10.78021,46.7921],[10.7823,46.79404],[10.78458,46.79363],[10.78543,46.7933],[10.78583,46.79303],[10.78642,46.79222],[10.78645,46.79146],[10.78604,46.79111],[10.78559,46.79106],[10.78435,46.79145],[10.78395,46.79123],[10.78405,46.79104],[10.78601,46.78992],[10.78656,46.78925],[10.78648,46.78903],[10.78588,46.78887],[10.78374,46.78917],[10.78327,46.78957],[10.78215,46.79118],[10.78096,46.79188],[10.78021,46.7921]]]}},{"type":"Feature","properties":{"kind":"no_open_geology","area_km2":0.152,"mean_width_m":66},"geometry":{"type":"Polygon","coordinates":[[[10.40898,46.72827],[10.40033,46.73318],[10.40118,46.73357],[10.40345,46.73203],[10.40586,46.73065],[10.40624,46.73061],[10.40833,46.72906],[10.41064,46.72657],[10.41173,46.72447],[10.41315,46.72305],[10.41513,46.72132],[10.41663,46.72032],[10.41792,46.71981],[10.41819,46.71927],[10.4178,46.71774],[10.41098,46.72377],[10.40898,46.72827]]]}},{"type":"Feature","properties":{"kind":"no_open_geology","area_km2":0.1517,"mean_width_m":175},"geometry":{"type":"Polygon","coordinates":[[[10.46064,46.15338],[10.46113,46.15254],[10.46101,46.15223],[10.45835,46.15177],[10.4569,46.15079],[10.45617,46.1507],[10.455,46.15096],[10.45411,46.15059],[10.45304,46.15064],[10.45304,46.15301],[10.45435,46.15329],[10.45528,46.15326],[10.45653,46.15371],[10.45762,46.15346],[10.46028,46.15388],[10.46064,46.15366],[10.46064,46.15338]]]}},{"type":"Feature","properties":{"kind":"no_open_geology","area_km2":0.1374,"mean_width_m":151},"geometry":{"type":"Polygon","coordinates":[[[10.44114,46.17332],[10.44218,46.17219],[10.44412,46.17151],[10.44508,46.17138],[10.44572,46.17082],[10.44567,46.17009],[10.44252,46.17011],[10.4417,46.17036],[10.44044,46.17038],[10.44011,46.17051],[10.44008,46.17085],[10.43973,46.17107],[10.43829,46.1709],[10.43801,46.1711],[10.43703,46.17116],[10.43622,46.17153],[10.43693,46.17214],[10.43809,46.17221],[10.43941,46.17309],[10.44114,46.17332]]]}},{"type":"Feature","properties":{"kind":"no_open_geology","area_km2":0.135,"mean_width_m":164},"geometry":{"type":"Polygon","coordinates":[[[10.46101,46.35552],[10.46222,46.35511],[10.46245,46.3545],[10.46307,46.35375],[10.46326,46.35301],[10.46192,46.35256],[10.46107,46.35206],[10.45973,46.35285],[10.45835,46.35398],[10.45796,46.35449],[10.45812,46.35565],[10.45836,46.35615],[10.4598,46.35708],[10.46051,46.35794],[10.46071,46.35781],[10.4607,46.3564],[10.46084,46.3558],[10.46101,46.35552]]]}},{"type":"Feature","properties":{"kind":"no_open_geology","area_km2":0.1293,"mean_width_m":184},"geometry":{"type":"Polygon","coordinates":[[[11.83358,46.97493],[11.83359,46.97398],[11.82967,46.97345],[11.82937,46.97365],[11.82906,46.97432],[11.82854,46.9746],[11.82853,46.9751],[11.82875,46.97596],[11.82917,46.97637],[11.83019,46.97668],[11.83178,46.97685],[11.83317,46.97743],[11.83393,46.97619],[11.83393,46.97567],[11.83358,46.97493]]]}},{"type":"Feature","properties":{"kind":"no_open_geology","area_km2":0.128,"mean_width_m":98},"geometry":{"type":"Polygon","coordinates":[[[11.92833,46.77726],[11.92914,46.77742],[11.93144,46.77747],[11.93323,46.77654],[11.93482,46.77675],[11.93586,46.77649],[11.9362,46.77617],[11.93621,46.77572],[11.93595,46.77537],[11.93539,46.7752],[11.9339,46.77581],[11.93184,46.77628],[11.92809,46.77659],[11.92465,46.77622],[11.92176,46.77528],[11.92146,46.77542],[11.92126,46.77595],[11.92135,46.77648],[11.92161,46.77683],[11.92248,46.77711],[11.92833,46.77726]]]}},{"type":"Feature","properties":{"kind":"no_open_geology","area_km2":0.1236,"mean_width_m":118},"geometry":{"type":"Polygon","coordinates":[[[12.57073,46.43977],[12.57037,46.43905],[12.56967,46.43901],[12.56925,46.43927],[12.56913,46.43965],[12.56737,46.44169],[12.56912,46.44241],[12.57062,46.44408],[12.57097,46.44511],[12.57309,46.44687],[12.57344,46.44669],[12.5736,46.4462],[12.57321,46.4457],[12.57237,46.44515],[12.57184,46.44443],[12.57172,46.44287],[12.57111,46.44199],[12.57073,46.44073],[12.57073,46.43977]]]}},{"type":"Feature","properties":{"kind":"no_open_geology","area_km2":0.1135,"mean_width_m":179},"geometry":{"type":"Polygon","coordinates":[[[11.59132,46.90206],[11.5923,46.90168],[11.59251,46.90144],[11.59249,46.90099],[11.59096,46.8985],[11.59027,46.8981],[11.5895,46.89807],[11.588,46.89941],[11.58769,46.90007],[11.58777,46.90066],[11.58822,46.90127],[11.58922,46.90193],[11.59132,46.90206]]]}},{"type":"Feature","properties":{"kind":"no_open_geology","area_km2":0.1125,"mean_width_m":144},"geometry":{"type":"Polygon","coordinates":[[[12.38051,46.62808],[12.38155,46.62866],[12.38293,46.62904],[12.38431,46.62916],[12.38503,46.62949],[12.38564,46.63018],[12.3858,46.63062],[12.3872,46.6304],[12.38827,46.62971],[12.38882,46.62897],[12.38835,46.6284],[12.3856,46.62726],[12.38243,46.62801],[12.38051,46.62808]]]}},{"type":"Feature","properties":{"kind":"no_open_geology","area_km2":0.1074,"mean_width_m":159},"geometry":{"type":"Polygon","coordinates":[[[10.51634,46.35572],[10.5152,46.35582],[10.51301,46.35647],[10.51254,46.35703],[10.51247,46.35777],[10.51287,46.35797],[10.51386,46.35807],[10.51474,46.35885],[10.51572,46.35848],[10.51665,46.35853],[10.51687,46.3579],[10.51824,46.35643],[10.51837,46.35599],[10.51829,46.35557],[10.51784,46.3552],[10.51634,46.35572]]]}},{"type":"Feature","properties":{"kind":"no_open_geology","area_km2":0.1028,"mean_width_m":154},"geometry":{"type":"Polygon","coordinates":[[[10.44125,46.32251],[10.44173,46.32273],[10.44308,46.32273],[10.44389,46.3231],[10.44449,46.32301],[10.44551,46.32222],[10.44555,46.32145],[10.44602,46.32081],[10.44554,46.32038],[10.44463,46.32032],[10.44347,46.31945],[10.44215,46.3191],[10.44189,46.31937],[10.44185,46.31992],[10.44156,46.3206],[10.44195,46.32167],[10.44187,46.32191],[10.44125,46.32233],[10.44125,46.32251]]]}},{"type":"Feature","properties":{"kind":"no_open_geology","area_km2":0.1015,"mean_width_m":132},"geometry":{"type":"Polygon","coordinates":[[[10.46737,46.15995],[10.46819,46.16004],[10.46885,46.16044],[10.46867,46.15986],[10.46894,46.1592],[10.47018,46.15916],[10.47092,46.15882],[10.47123,46.15805],[10.4706,46.15712],[10.47071,46.15586],[10.47048,46.15554],[10.46979,46.15552],[10.4687,46.15671],[10.46627,46.15813],[10.46627,46.15836],[10.46758,46.15911],[10.46766,46.15956],[10.46737,46.15995]]]}},{"type":"Feature","properties":{"kind":"no_open_geology","area_km2":0.1012,"mean_width_m":120},"geometry":{"type":"Polygon","coordinates":[[[10.7723,46.78965],[10.77307,46.79035],[10.77526,46.79113],[10.77692,46.79035],[10.77835,46.79044],[10.77852,46.79074],[10.77949,46.79013],[10.78157,46.78937],[10.78178,46.78896],[10.78124,46.78852],[10.78031,46.78838],[10.77938,46.78844],[10.77712,46.7893],[10.7723,46.78965]]]}},{"type":"Feature","properties":{"kind":"no_open_geology","area_km2":0.092,"mean_width_m":109},"geometry":{"type":"Polygon","coordinates":[[[11.44966,46.74516],[11.44983,46.74491],[11.4497,46.744],[11.44937,46.74376],[11.44546,46.74272],[11.44256,46.74101],[11.44225,46.74092],[11.44206,46.74103],[11.44211,46.74127],[11.44437,46.7431],[11.4463,46.74491],[11.44765,46.74505],[11.44809,46.74561],[11.44852,46.74567],[11.44966,46.74516]]]}},{"type":"Feature","properties":{"kind":"no_open_geology","area_km2":0.0895,"mean_width_m":81},"geometry":{"type":"Polygon","coordinates":[[[11.8562,47.0012],[11.86034,47.00122],[11.86608,47.00125],[11.86574,47.00042],[11.86494,47.00041],[11.86346,46.99913],[11.8627,46.9989],[11.86209,46.99899],[11.86196,46.99929],[11.86308,46.99993],[11.86312,47.00026],[11.86282,47.0005],[11.86233,47.00057],[11.8615,46.99994],[11.86114,46.99995],[11.86114,47.00081],[11.86041,47.00094],[11.86008,47.00077],[11.85977,46.9999],[11.85924,46.9997],[11.85741,47.00025],[11.8562,47.0012]]]}},{"type":"Feature","properties":{"kind":"no_open_geology","area_km2":0.0893,"mean_width_m":102},"geometry":{"type":"Polygon","coordinates":[[[10.5462,46.13664],[10.5464,46.13651],[10.54559,46.13642],[10.54539,46.13661],[10.54549,46.13698],[10.54616,46.13723],[10.54656,46.13766],[10.54654,46.13784],[10.54511,46.13933],[10.54498,46.14018],[10.54466,46.1408],[10.54465,46.14167],[10.54656,46.1428],[10.54596,46.14182],[10.5469,46.14045],[10.54831,46.13913],[10.5476,46.13757],[10.54709,46.13714],[10.54623,46.13681],[10.5462,46.13664]]]}},{"type":"Feature","properties":{"kind":"no_open_geology","area_km2":0.0889,"mean_width_m":120},"geometry":{"type":"Polygon","coordinates":[[[10.45569,46.3565],[10.45621,46.35615],[10.45653,46.35537],[10.4566,46.35392],[10.45646,46.35332],[10.45534,46.35215],[10.45308,46.35077],[10.45308,46.35369],[10.45556,46.3553],[10.45577,46.35563],[10.45569,46.3565]]]}},{"type":"Feature","properties":{"kind":"no_open_geology","area_km2":0.083,"mean_width_m":103},"geometry":{"type":"Polygon","coordinates":[[[10.49117,45.90764],[10.49288,45.90717],[10.49327,45.90622],[10.49387,45.90597],[10.49533,45.90627],[10.49744,45.90563],[10.49849,45.90581],[10.49822,45.90543],[10.49757,45.90498],[10.4944,45.905],[10.49252,45.90518],[10.49138,45.90555],[10.49065,45.90602],[10.49008,45.90668],[10.49056,45.90668],[10.49101,45.90697],[10.49117,45.90764]]]}},{"type":"Feature","properties":{"kind":"no_open_geology","area_km2":0.0819,"mean_width_m":148},"geometry":{"type":"Polygon","coordinates":[[[10.52007,46.64012],[10.51937,46.64049],[10.51935,46.6416],[10.51969,46.64268],[10.52017,46.64343],[10.52115,46.64384],[10.52161,46.6432],[10.52305,46.64184],[10.52297,46.64114],[10.52211,46.64045],[10.52121,46.64007],[10.52007,46.64012]]]}},{"type":"Feature","properties":{"kind":"no_open_geology","area_km2":0.0805,"mean_width_m":117},"geometry":{"type":"Polygon","coordinates":[[[10.52178,46.12956],[10.52138,46.12914],[10.51954,46.12905],[10.51922,46.12982],[10.51941,46.13052],[10.51974,46.13074],[10.52158,46.13085],[10.52166,46.131],[10.52125,46.1324],[10.52205,46.13287],[10.52263,46.13254],[10.52383,46.13005],[10.52357,46.12941],[10.52286,46.1294],[10.52235,46.12965],[10.52178,46.12956]]]}},{"type":"Feature","properties":{"kind":"no_open_geology","area_km2":0.0804,"mean_width_m":77},"geometry":{"type":"Polygon","coordinates":[[[10.46387,46.84129],[10.46887,46.84777],[10.47081,46.84843],[10.46873,46.84616],[10.46733,46.84426],[10.46504,46.84045],[10.46387,46.84129]]]}},{"type":"Feature","properties":{"kind":"no_open_geology","area_km2":0.0795,"mean_width_m":142},"geometry":{"type":"Polygon","coordinates":[[[10.68921,46.69732],[10.68651,46.69537],[10.6848,46.69522],[10.68417,46.69543],[10.68388,46.69581],[10.68393,46.69667],[10.68424,46.69701],[10.68503,46.69736],[10.6877,46.69801],[10.68906,46.69781],[10.68921,46.69732]]]}},{"type":"Feature","properties":{"kind":"no_open_geology","area_km2":0.0767,"mean_width_m":137},"geometry":{"type":"Polygon","coordinates":[[[11.93398,46.77992],[11.93432,46.78013],[11.93456,46.78076],[11.93519,46.78082],[11.936,46.78063],[11.93707,46.78091],[11.93763,46.78063],[11.93791,46.77994],[11.93725,46.77775],[11.93687,46.77756],[11.93616,46.77793],[11.93556,46.7779],[11.93518,46.77808],[11.9349,46.7789],[11.93397,46.77936],[11.93398,46.77992]]]}},{"type":"Feature","properties":{"kind":"no_open_geology","area_km2":0.0743,"mean_width_m":119},"geometry":{"type":"Polygon","coordinates":[[[10.53642,46.10275],[10.53446,46.10267],[10.53552,46.10416],[10.53659,46.10509],[10.53844,46.10577],[10.54027,46.10586],[10.53768,46.10314],[10.5374,46.10294],[10.53642,46.10275]]]}},{"type":"Feature","properties":{"kind":"no_open_geology","area_km2":0.0731,"mean_width_m":93},"geometry":{"type":"Polygon","coordinates":[[[10.42227,46.1731],[10.42083,46.1729],[10.4202,46.17361],[10.4201,46.17404],[10.42165,46.17528],[10.42332,46.17376],[10.42399,46.17181],[10.42371,46.17092],[10.42369,46.16999],[10.42347,46.16979],[10.42282,46.16984],[10.42263,46.17013],[10.42263,46.17078],[10.42311,46.17172],[10.42283,46.17208],[10.42212,46.17226],[10.42233,46.17284],[10.42227,46.1731]]]}},{"type":"Feature","properties":{"kind":"no_open_geology","area_km2":0.073,"mean_width_m":129},"geometry":{"type":"Polygon","coordinates":[[[10.56231,46.39763],[10.56093,46.39719],[10.5593,46.39697],[10.55794,46.39714],[10.55727,46.39767],[10.55735,46.39788],[10.55806,46.39831],[10.55981,46.39902],[10.56085,46.39906],[10.56133,46.39886],[10.56202,46.39909],[10.56252,46.39883],[10.56325,46.39887],[10.56323,46.39831],[10.56231,46.39763]]]}},{"type":"Feature","properties":{"kind":"no_open_geology","area_km2":0.0721,"mean_width_m":133},"geometry":{"type":"Polygon","coordinates":[[[10.51572,46.34298],[10.51599,46.34321],[10.51767,46.34305],[10.51781,46.34262],[10.51819,46.3424],[10.51994,46.34246],[10.52016,46.34234],[10.52017,46.34185],[10.51952,46.3411],[10.51881,46.34079],[10.51794,46.34057],[10.51657,46.34059],[10.51612,46.34084],[10.51575,46.34137],[10.51572,46.34298]]]}},{"type":"Feature","properties":{"kind":"no_open_geology","area_km2":0.0705,"mean_width_m":76},"geometry":{"type":"Polygon","coordinates":[[[10.44811,46.20642],[10.44694,46.20568],[10.4468,46.20517],[10.44733,46.2047],[10.4487,46.20457],[10.44912,46.20434],[10.44903,46.20399],[10.44722,46.20325],[10.44597,46.20329],[10.44455,46.20268],[10.44374,46.20165],[10.44261,46.20175],[10.44254,46.20191],[10.44323,46.20233],[10.44431,46.20353],[10.44604,46.20385],[10.44609,46.204],[10.44558,46.20434],[10.44571,46.20505],[10.44688,46.20634],[10.44753,46.2065],[10.44811,46.20642]]]}},{"type":"Feature","properties":{"kind":"no_open_geology","area_km2":0.0697,"mean_width_m":58},"geometry":{"type":"Polygon","coordinates":[[[10.48551,46.92998],[10.48567,46.93011],[10.48529,46.93065],[10.48736,46.93598],[10.48688,46.93852],[10.48806,46.93874],[10.48979,46.93763],[10.48783,46.93589],[10.48729,46.93446],[10.48855,46.93424],[10.48694,46.93344],[10.48597,46.93204],[10.48594,46.92968],[10.48551,46.92998]]]}},{"type":"Feature","properties":{"kind":"no_open_geology","area_km2":0.0669,"mean_width_m":103},"geometry":{"type":"Polygon","coordinates":[[[10.44712,46.18553],[10.44615,46.18548],[10.44553,46.185],[10.44166,46.18507],[10.44234,46.18591],[10.44288,46.18622],[10.44502,46.18662],[10.44584,46.1866],[10.44685,46.18689],[10.44734,46.18688],[10.44796,46.18638],[10.44908,46.18611],[10.44754,46.18584],[10.44712,46.18553]]]}},{"type":"Feature","properties":{"kind":"no_open_geology","area_km2":0.0656,"mean_width_m":113},"geometry":{"type":"Polygon","coordinates":[[[10.31713,46.51276],[10.31635,46.51182],[10.31617,46.51037],[10.31598,46.51008],[10.31527,46.50994],[10.314,46.50929],[10.31378,46.50939],[10.31329,46.51052],[10.31371,46.51116],[10.3162,46.51336],[10.3169,46.51334],[10.31711,46.51318],[10.31713,46.51276]]]}},{"type":"Feature","properties":{"kind":"no_open_geology","area_km2":0.0651,"mean_width_m":59},"geometry":{"type":"Polygon","coordinates":[[[10.41604,46.70902],[10.41538,46.7121],[10.41773,46.71726],[10.41779,46.71499],[10.4175,46.71389],[10.41692,46.71262],[10.41612,46.70867],[10.41609,46.70881],[10.41467,46.7081],[10.41462,46.70821],[10.41604,46.70902]]]}},{"type":"Feature","properties":{"kind":"no_open_geology","area_km2":0.064,"mean_width_m":129},"geometry":{"type":"Polygon","coordinates":[[[11.73056,46.94201],[11.72975,46.94072],[11.7286,46.94074],[11.72792,46.94231],[11.72791,46.94293],[11.72911,46.94378],[11.73061,46.94396],[11.73098,46.94379],[11.73128,46.9433],[11.73126,46.94285],[11.73056,46.94201]]]}},{"type":"Feature","properties":{"kind":"no_open_geology","area_km2":0.063,"mean_width_m":132},"geometry":{"type":"Polygon","coordinates":[[[10.74634,46.73991],[10.74526,46.74009],[10.7442,46.74064],[10.74394,46.74093],[10.74395,46.74133],[10.74677,46.74215],[10.74753,46.74208],[10.74859,46.74133],[10.74857,46.74072],[10.74804,46.74017],[10.74634,46.73991]]]}},{"type":"Feature","properties":{"kind":"no_open_geology","area_km2":0.062,"mean_width_m":103},"geometry":{"type":"Polygon","coordinates":[[[10.43942,46.3195],[10.44034,46.31904],[10.44051,46.31859],[10.44023,46.31765],[10.44029,46.31734],[10.44057,46.31705],[10.44138,46.31666],[10.44125,46.31639],[10.43887,46.31653],[10.43757,46.31609],[10.43701,46.31621],[10.43698,46.31648],[10.43773,46.31766],[10.43901,46.31855],[10.43905,46.31939],[10.43942,46.3195]]]}},{"type":"Feature","properties":{"kind":"no_open_geology","area_km2":0.0605,"mean_width_m":102},"geometry":{"type":"Polygon","coordinates":[[[10.69469,46.8521],[10.6982,46.85144],[10.70135,46.85036],[10.69863,46.84968],[10.69661,46.85022],[10.696,46.85053],[10.69469,46.8521]]]}},{"type":"Feature","properties":{"kind":"no_open_geology","area_km2":0.0605,"mean_width_m":121},"geometry":{"type":"Polygon","coordinates":[[[10.47195,46.17351],[10.47158,46.17375],[10.47131,46.17422],[10.47172,46.17503],[10.47218,46.17546],[10.47264,46.17556],[10.47341,46.17534],[10.47566,46.17537],[10.47595,46.1753],[10.47617,46.17497],[10.47591,46.17426],[10.47555,46.17397],[10.47393,46.17393],[10.47289,46.17356],[10.47195,46.17351]]]}},{"type":"Feature","properties":{"kind":"no_open_geology","area_km2":0.0601,"mean_width_m":112},"geometry":{"type":"Polygon","coordinates":[[[10.44622,46.17548],[10.44561,46.17499],[10.44402,46.1748],[10.44275,46.17523],[10.44244,46.17567],[10.44281,46.17606],[10.44422,46.17648],[10.44514,46.17752],[10.44549,46.17768],[10.44686,46.17733],[10.44696,46.17716],[10.44674,46.17652],[10.44587,46.17617],[10.44585,46.17569],[10.44622,46.17548]]]}},{"type":"Feature","properties":{"kind":"no_open_geology","area_km2":0.0587,"mean_width_m":40},"geometry":{"type":"Polygon","coordinates":[[[11.17763,46.96404],[11.17789,46.96441],[11.18003,46.96503],[11.18179,46.96598],[11.18477,46.96868],[11.18654,46.96984],[11.1892,46.97083],[11.19036,46.97057],[11.19206,46.96935],[11.19186,46.96915],[11.19,46.9705],[11.1878,46.9699],[11.1864,46.9691],[11.1836,46.9667],[11.1819,46.9656],[11.17763,46.96404]]]}},{"type":"Feature","properties":{"kind":"no_open_geology","area_km2":0.0577,"mean_width_m":114},"geometry":{"type":"Polygon","coordinates":[[[10.45409,46.15827],[10.45444,46.15832],[10.45453,46.15899],[10.45512,46.15923],[10.45579,46.15918],[10.45731,46.15857],[10.45863,46.15862],[10.45857,46.15841],[10.45648,46.15677],[10.45579,46.1565],[10.45544,46.15667],[10.45409,46.15827]]]}},{"type":"Feature","properties":{"kind":"no_open_geology","area_km2":0.0574,"mean_width_m":101},"geometry":{"type":"Polygon","coordinates":[[[10.44063,46.179],[10.43987,46.17974],[10.43782,46.18023],[10.43634,46.18092],[10.43742,46.18159],[10.43786,46.18116],[10.43841,46.18115],[10.43892,46.18146],[10.44103,46.18096],[10.442,46.18001],[10.44159,46.17987],[10.44128,46.17928],[10.44091,46.17901],[10.44063,46.179]]]}},{"type":"Feature","properties":{"kind":"no_open_geology","area_km2":0.057,"mean_width_m":119},"geometry":{"type":"Polygon","coordinates":[[[10.41849,46.16798],[10.41859,46.16905],[10.419,46.16927],[10.41962,46.16923],[10.42012,46.16903],[10.42087,46.16832],[10.42232,46.16786],[10.42252,46.16759],[10.42251,46.16723],[10.42216,46.1669],[10.42003,46.16667],[10.41947,46.16708],[10.41889,46.16724],[10.41849,46.16798]]]}},{"type":"Feature","properties":{"kind":"no_open_geology","area_km2":0.0568,"mean_width_m":45},"geometry":{"type":"Polygon","coordinates":[[[10.46815,46.86218],[10.46805,46.86222],[10.47132,46.87316],[10.47144,46.87282],[10.47043,46.86658],[10.46815,46.86218]]]}},{"type":"Feature","properties":{"kind":"no_open_geology","area_km2":0.0567,"mean_width_m":79},"geometry":{"type":"Polygon","coordinates":[[[10.5558,46.25423],[10.55925,46.25449],[10.56104,46.2551],[10.5628,46.25546],[10.56387,46.25528],[10.56405,46.25506],[10.56393,46.25477],[10.56317,46.25448],[10.55736,46.25357],[10.55572,46.2536],[10.55551,46.25391],[10.5558,46.25423]]]}},{"type":"Feature","properties":{"kind":"no_open_geology","area_km2":0.055,"mean_width_m":109},"geometry":{"type":"Polygon","coordinates":[[[10.3,46.42436],[10.3,46.42775],[10.3012,46.42729],[10.30183,46.42726],[10.30221,46.42695],[10.30205,46.42595],[10.30244,46.42531],[10.30233,46.42495],[10.30168,46.42446],[10.3,46.42436]]]}},{"type":"Feature","properties":{"kind":"no_open_geology","area_km2":0.0548,"mean_width_m":93},"geometry":{"type":"Polygon","coordinates":[[[10.42608,46.16804],[10.42637,46.16833],[10.42616,46.16935],[10.42643,46.16995],[10.4269,46.17034],[10.42746,46.17021],[10.4279,46.16976],[10.42798,46.16933],[10.42773,46.16815],[10.42723,46.16746],[10.4267,46.16723],[10.42573,46.16716],[10.42468,46.1666],[10.42427,46.16663],[10.42405,46.16683],[10.42419,46.1675],[10.42473,46.16794],[10.42608,46.16804]]]}},{"type":"Feature","properties":{"kind":"no_open_geology","area_km2":0.0547,"mean_width_m":65},"geometry":{"type":"Polygon","coordinates":[[[10.48551,46.60495],[10.48707,46.60157],[10.48741,46.5992],[10.48687,46.5992],[10.48628,46.60066],[10.48594,46.60086],[10.48584,46.60119],[10.48603,46.60127],[10.48449,46.60506],[10.48571,46.60617],[10.48551,46.60495]]]}},{"type":"Feature","properties":{"kind":"no_open_geology","area_km2":0.0543,"mean_width_m":68},"geometry":{"type":"Polygon","coordinates":[[[11.47977,47.01106],[11.47816,47.00934],[11.47626,47.00653],[11.4754,47.00589],[11.47428,47.00538],[11.47572,47.00768],[11.47701,47.00912],[11.47726,47.01004],[11.47836,47.01058],[11.47864,47.01116],[11.47977,47.01106]]]}},{"type":"Feature","properties":{"kind":"no_open_geology","area_km2":0.0538,"mean_width_m":43},"geometry":{"type":"Polygon","coordinates":[[[10.48612,46.92945],[10.48696,46.92878],[10.4876,46.9291],[10.48865,46.92718],[10.48869,46.92556],[10.48754,46.92392],[10.48747,46.92291],[10.48691,46.92186],[10.48727,46.92086],[10.48632,46.91934],[10.48638,46.922],[10.48831,46.92628],[10.48612,46.92945]]]}},{"type":"Feature","properties":{"kind":"no_open_geology","area_km2":0.0521,"mean_width_m":72},"geometry":{"type":"Polygon","coordinates":[[[11.58447,47.00169],[11.58163,47.00152],[11.58144,47.00106],[11.5817,46.99917],[11.58078,46.99882],[11.58034,46.99957],[11.58041,47.0006],[11.58112,47.00184],[11.58499,47.0033],[11.58468,47.00184],[11.58447,47.00169]]]}},{"type":"Feature","properties":{"kind":"no_open_geology","area_km2":0.0518,"mean_width_m":103},"geometry":{"type":"Polygon","coordinates":[[[10.3,46.43115],[10.30031,46.43106],[10.30115,46.43129],[10.30248,46.43211],[10.3045,46.43146],[10.30482,46.4307],[10.30409,46.4303],[10.30256,46.43],[10.30121,46.43051],[10.30076,46.43053],[10.3,46.43027],[10.3,46.43115]]]}},{"type":"Feature","properties":{"kind":"no_open_geology","area_km2":0.0493,"mean_width_m":53},"geometry":{"type":"Polygon","coordinates":[[[10.30993,46.95026],[10.30991,46.95041],[10.31383,46.95125],[10.31918,46.95194],[10.32187,46.95182],[10.32085,46.95145],[10.30993,46.95026]]]}},{"type":"Feature","properties":{"kind":"no_open_geology","area_km2":0.0493,"mean_width_m":110},"geometry":{"type":"Polygon","coordinates":[[[10.45755,46.13202],[10.45714,46.13179],[10.45396,46.13205],[10.45347,46.13297],[10.45359,46.13322],[10.45711,46.1336],[10.45745,46.13352],[10.45755,46.13202]]]}},{"type":"Feature","properties":{"kind":"no_open_geology","area_km2":0.0489,"mean_width_m":108},"geometry":{"type":"Polygon","coordinates":[[[11.65681,46.87962],[11.65766,46.87979],[11.6588,46.8792],[11.6588,46.87866],[11.66002,46.8777],[11.66014,46.87744],[11.65838,46.87711],[11.65725,46.87723],[11.65706,46.87742],[11.65668,46.87886],[11.65681,46.87962]]]}},{"type":"Feature","properties":{"kind":"no_open_geology","area_km2":0.0486,"mean_width_m":106},"geometry":{"type":"Polygon","coordinates":[[[11.9037,46.79921],[11.90355,46.80037],[11.90382,46.80115],[11.90502,46.80211],[11.90563,46.80208],[11.90559,46.8009],[11.90628,46.80003],[11.90632,46.79957],[11.90419,46.79897],[11.9037,46.79921]]]}},{"type":"Feature","properties":{"kind":"no_open_geology","area_km2":0.0484,"mean_width_m":93},"geometry":{"type":"Polygon","coordinates":[[[10.49178,46.85031],[10.49237,46.85003],[10.49417,46.85175],[10.49463,46.85259],[10.49548,46.85225],[10.49575,46.85169],[10.49571,46.8512],[10.49542,46.85077],[10.49446,46.84976],[10.49406,46.84954],[10.49273,46.84946],[10.49227,46.84966],[10.49178,46.85031]]]}},{"type":"Feature","properties":{"kind":"no_open_geology","area_km2":0.0479,"mean_width_m":95},"geometry":{"type":"Polygon","coordinates":[[[10.69654,46.86277],[10.69688,46.86255],[10.69646,46.86139],[10.69642,46.86014],[10.69474,46.85892],[10.69438,46.86181],[10.69654,46.86277]]]}},{"type":"Feature","properties":{"kind":"no_open_geology","area_km2":0.0478,"mean_width_m":58},"geometry":{"type":"Polygon","coordinates":[[[10.42616,46.11641],[10.42711,46.11608],[10.42752,46.11475],[10.42795,46.11464],[10.4288,46.11507],[10.42892,46.11458],[10.42878,46.11424],[10.42858,46.11412],[10.42689,46.11428],[10.42658,46.11464],[10.42637,46.11553],[10.42603,46.11581],[10.42515,46.11597],[10.42446,46.11587],[10.42436,46.115],[10.42451,46.11407],[10.42363,46.11423],[10.42392,46.11475],[10.4239,46.11516],[10.42356,46.11571],[10.4238,46.11615],[10.42518,46.1169],[10.42563,46.11687],[10.42616,46.11641]]]}},{"type":"Feature","properties":{"kind":"no_open_geology","area_km2":0.0464,"mean_width_m":112},"geometry":{"type":"Polygon","coordinates":[[[10.44749,46.18252],[10.44888,46.18215],[10.44934,46.18165],[10.44827,46.18084],[10.44642,46.18083],[10.44555,46.18106],[10.44528,46.18129],[10.44532,46.18207],[10.44572,46.18247],[10.4471,46.18241],[10.44749,46.18252]]]}},{"type":"Feature","properties":{"kind":"no_open_geology","area_km2":0.0463,"mean_width_m":82},"geometry":{"type":"Polygon","coordinates":[[[11.81644,46.9786],[11.8188,46.97957],[11.82012,46.98038],[11.8214,46.9806],[11.82113,46.97981],[11.82025,46.97878],[11.81966,46.97864],[11.81938,46.97897],[11.81901,46.97898],[11.81827,46.97809],[11.81747,46.97777],[11.81675,46.97787],[11.81636,46.9781],[11.81626,46.97843],[11.81644,46.9786]]]}},{"type":"Feature","properties":{"kind":"no_open_geology","area_km2":0.0417,"mean_width_m":59},"geometry":{"type":"Polygon","coordinates":[[[11.84175,46.99972],[11.84043,46.99709],[11.83984,46.9963],[11.83857,46.99509],[11.83734,46.99442],[11.83746,46.99519],[11.83878,46.9965],[11.83948,46.99673],[11.84,46.9987],[11.84175,46.99972]]]}},{"type":"Feature","properties":{"kind":"no_open_geology","area_km2":0.0413,"mean_width_m":70},"geometry":{"type":"Polygon","coordinates":[[[10.46606,46.35957],[10.46658,46.36002],[10.46913,46.35663],[10.46923,46.35582],[10.46816,46.35559],[10.46733,46.35574],[10.46736,46.35769],[10.467,46.35866],[10.46606,46.35957]]]}},{"type":"Feature","properties":{"kind":"no_open_geology","area_km2":0.0403,"mean_width_m":102},"geometry":{"type":"Polygon","coordinates":[[[10.30333,45.99058],[10.30307,45.99112],[10.30329,45.99171],[10.30374,45.99193],[10.30462,45.99178],[10.30491,45.99164],[10.30583,45.99029],[10.3058,45.98947],[10.30456,45.98937],[10.30333,45.99058]]]}},{"type":"Feature","properties":{"kind":"no_open_geology","area_km2":0.0397,"mean_width_m":86},"geometry":{"type":"Polygon","coordinates":[[[10.47307,46.24481],[10.47107,46.24315],[10.46991,46.2464],[10.47262,46.2453],[10.47307,46.24481]]]}},{"type":"Feature","properties":{"kind":"no_open_geology","area_km2":0.0361,"mean_width_m":82},"geometry":{"type":"Polygon","coordinates":[[[10.44413,46.16517],[10.44273,46.16505],[10.44147,46.16545],[10.441,46.16585],[10.44093,46.16629],[10.44139,46.16653],[10.44227,46.16665],[10.443,46.16656],[10.4434,46.16637],[10.44384,46.16587],[10.44526,46.16508],[10.44538,46.16482],[10.44514,46.16476],[10.44413,46.16517]]]}},{"type":"Feature","properties":{"kind":"no_open_geology","area_km2":0.0356,"mean_width_m":93},"geometry":{"type":"Polygon","coordinates":[[[10.5141,46.13994],[10.51495,46.14086],[10.51523,46.14091],[10.51656,46.14026],[10.51664,46.13998],[10.51609,46.13885],[10.516,46.13814],[10.51552,46.13835],[10.5143,46.13935],[10.5141,46.13994]]]}},{"type":"Feature","properties":{"kind":"no_open_geology","area_km2":0.0356,"mean_width_m":90},"geometry":{"type":"Polygon","coordinates":[[[10.36065,45.85426],[10.36087,45.85379],[10.36123,45.85368],[10.36123,45.8534],[10.35855,45.85328],[10.35778,45.85363],[10.35754,45.85439],[10.35793,45.855],[10.35834,45.85505],[10.35875,45.85476],[10.36065,45.85426]]]}},{"type":"Feature","properties":{"kind":"no_open_geology","area_km2":0.0341,"mean_width_m":59},"geometry":{"type":"Polygon","coordinates":[[[10.55844,46.16079],[10.55825,46.16147],[10.55774,46.16177],[10.55784,46.16222],[10.55969,46.16307],[10.56017,46.16353],[10.56023,46.16417],[10.56053,46.16459],[10.56091,46.16484],[10.56138,46.16487],[10.56061,46.16392],[10.56051,46.16241],[10.55892,46.16143],[10.55844,46.16079]]]}},{"type":"Feature","properties":{"kind":"no_open_geology","area_km2":0.0334,"mean_width_m":99},"geometry":{"type":"Polygon","coordinates":[[[10.30439,46.241],[10.30306,46.24085],[10.30253,46.24111],[10.30186,46.24188],[10.30202,46.24237],[10.30238,46.24256],[10.30346,46.2427],[10.30365,46.24251],[10.30439,46.24233],[10.3047,46.24191],[10.30467,46.24126],[10.30439,46.241]]]}},{"type":"Feature","properties":{"kind":"no_open_geology","area_km2":0.0333,"mean_width_m":85},"geometry":{"type":"Polygon","coordinates":[[[10.45934,46.09426],[10.45918,46.09394],[10.45822,46.09378],[10.45633,46.09529],[10.4563,46.0955],[10.45702,46.09615],[10.45761,46.09636],[10.45768,46.09586],[10.45916,46.09475],[10.45934,46.09426]]]}},{"type":"Feature","properties":{"kind":"no_open_geology","area_km2":0.033,"mean_width_m":47},"geometry":{"type":"Polygon","coordinates":[[[11.19542,46.96984],[11.1956,46.97034],[11.19584,46.9699],[11.19698,46.9696],[11.1987,46.96947],[11.19916,46.96909],[11.19958,46.96911],[11.2,46.96937],[11.2025,46.96896],[11.20307,46.96828],[11.2025,46.9686],[11.201,46.9682],[11.1997,46.9688],[11.196,46.9694],[11.1955,46.9696],[11.19542,46.96984]]]}},{"type":"Feature","properties":{"kind":"no_open_geology","area_km2":0.0327,"mean_width_m":74},"geometry":{"type":"Polygon","coordinates":[[[10.49913,46.2564],[10.49833,46.25587],[10.49744,46.25566],[10.4966,46.25571],[10.4965,46.25586],[10.49656,46.25611],[10.49805,46.25714],[10.50022,46.25806],[10.50066,46.25805],[10.49913,46.2564]]]}},{"type":"Feature","properties":{"kind":"no_open_geology","area_km2":0.0327,"mean_width_m":81},"geometry":{"type":"Polygon","coordinates":[[[10.54863,46.14624],[10.54896,46.14701],[10.54966,46.14765],[10.55044,46.14801],[10.55155,46.14808],[10.55281,46.14749],[10.55158,46.14696],[10.54863,46.14624]]]}},{"type":"Feature","properties":{"kind":"no_open_geology","area_km2":0.0325,"mean_width_m":60},"geometry":{"type":"Polygon","coordinates":[[[11.93347,46.78437],[11.93712,46.78461],[11.93947,46.78456],[11.93984,46.78431],[11.93782,46.78368],[11.93726,46.78391],[11.93334,46.78393],[11.93321,46.78409],[11.93347,46.78437]]]}},{"type":"Feature","properties":{"kind":"no_open_geology","area_km2":0.0309,"mean_width_m":84},"geometry":{"type":"Polygon","coordinates":[[[10.44372,46.15841],[10.44139,46.15754],[10.4416,46.15884],[10.44144,46.15945],[10.44209,46.15992],[10.4427,46.15988],[10.44317,46.15957],[10.44337,46.15903],[10.44387,46.15876],[10.44372,46.15841]]]}},{"type":"Feature","properties":{"kind":"no_open_geology","area_km2":0.0308,"mean_width_m":79},"geometry":{"type":"Polygon","coordinates":[[[10.47469,46.20205],[10.47402,46.20077],[10.47374,46.20073],[10.47301,46.20134],[10.47306,46.20239],[10.47358,46.20375],[10.47411,46.20379],[10.47439,46.20362],[10.47436,46.20293],[10.47471,46.20233],[10.47469,46.20205]]]}},{"type":"Feature","properties":{"kind":"no_open_geology","area_km2":0.0308,"mean_width_m":45},"geometry":{"type":"Polygon","coordinates":[[[10.44099,46.95383],[10.44177,46.95423],[10.44288,46.9542],[10.44367,46.95365],[10.44526,46.95374],[10.44864,46.95289],[10.44929,46.95246],[10.44099,46.95383]]]}},{"type":"Feature","properties":{"kind":"no_open_geology","area_km2":0.0307,"mean_width_m":90},"geometry":{"type":"Polygon","coordinates":[[[10.54697,46.11811],[10.54618,46.11763],[10.54613,46.11794],[10.54495,46.11842],[10.54477,46.11923],[10.54488,46.11966],[10.54528,46.11986],[10.54589,46.11983],[10.54678,46.11937],[10.54708,46.11912],[10.54722,46.1185],[10.54697,46.11811]]]}},{"type":"Feature","properties":{"kind":"no_open_geology","area_km2":0.03,"mean_width_m":67},"geometry":{"type":"Polygon","coordinates":[[[10.4287,46.10838],[10.42803,46.10907],[10.42793,46.11012],[10.42749,46.11099],[10.42742,46.11162],[10.42886,46.11092],[10.42906,46.11061],[10.42996,46.11023],[10.42991,46.11],[10.42899,46.1096],[10.42889,46.10923],[10.429,46.10856],[10.4287,46.10838]]]}},{"type":"Feature","properties":{"kind":"no_open_geology","area_km2":0.0292,"mean_width_m":71},"geometry":{"type":"Polygon","coordinates":[[[10.53796,46.13421],[10.53695,46.13374],[10.53424,46.13274],[10.5347,46.13358],[10.53639,46.13474],[10.53686,46.13488],[10.53804,46.13488],[10.53819,46.13463],[10.53796,46.13421]]]}},{"type":"Feature","properties":{"kind":"no_open_geology","area_km2":0.0281,"mean_width_m":82},"geometry":{"type":"Polygon","coordinates":[[[10.48694,46.10523],[10.4866,46.10478],[10.48488,46.1041],[10.48389,46.10411],[10.48334,46.10445],[10.48344,46.10473],[10.48397,46.10509],[10.48527,46.10547],[10.48613,46.10549],[10.48687,46.10537],[10.48694,46.10523]]]}},{"type":"Feature","properties":{"kind":"no_open_geology","area_km2":0.0271,"mean_width_m":73},"geometry":{"type":"Polygon","coordinates":[[[10.44543,46.17202],[10.44368,46.17258],[10.44375,46.17284],[10.44439,46.17336],[10.4458,46.17342],[10.44729,46.17382],[10.44576,46.17205],[10.44543,46.17202]]]}},{"type":"Feature","properties":{"kind":"no_open_geology","area_km2":0.0266,"mean_width_m":66},"geometry":{"type":"Polygon","coordinates":[[[11.89053,46.77638],[11.8905,46.77617],[11.89007,46.77616],[11.88772,46.77694],[11.88667,46.77753],[11.8868,46.77814],[11.88712,46.7783],[11.88778,46.77819],[11.88931,46.77706],[11.89053,46.77638]]]}},{"type":"Feature","properties":{"kind":"no_open_geology","area_km2":0.0263,"mean_width_m":76},"geometry":{"type":"Polygon","coordinates":[[[10.53454,46.37895],[10.53452,46.37839],[10.53283,46.3775],[10.53268,46.37769],[10.53147,46.37777],[10.53119,46.37825],[10.53147,46.3785],[10.53264,46.37865],[10.53369,46.37909],[10.53422,46.37913],[10.53454,46.37895]]]}},{"type":"Feature","properties":{"kind":"no_open_geology","area_km2":0.0257,"mean_width_m":82},"geometry":{"type":"Polygon","coordinates":[[[10.48147,46.13186],[10.48122,46.13126],[10.48049,46.13079],[10.47879,46.13116],[10.47982,46.13245],[10.48138,46.13234],[10.48147,46.13186]]]}},{"type":"Feature","properties":{"kind":"no_open_geology","area_km2":0.023,"mean_width_m":54},"geometry":{"type":"Polygon","coordinates":[[[10.71547,46.84734],[10.71675,46.84733],[10.71689,46.84667],[10.71642,46.84452],[10.71618,46.84407],[10.71582,46.84445],[10.71582,46.84674],[10.71547,46.84734]]]}},{"type":"Feature","properties":{"kind":"no_open_geology","area_km2":0.023,"mean_width_m":74},"geometry":{"type":"Polygon","coordinates":[[[10.39883,45.8685],[10.3975,45.86764],[10.39632,45.86763],[10.39582,45.86787],[10.39593,45.86826],[10.39676,45.86851],[10.3975,45.86903],[10.39819,45.86906],[10.39882,45.86877],[10.39883,45.8685]]]}},{"type":"Feature","properties":{"kind":"no_open_geology","area_km2":0.0229,"mean_width_m":45},"geometry":{"type":"Polygon","coordinates":[[[11.46969,47.00135],[11.46914,47.00081],[11.47002,47.0026],[11.47065,47.00337],[11.47284,47.00457],[11.47153,47.00288],[11.46969,47.00135]]]}},{"type":"Feature","properties":{"kind":"no_open_geology","area_km2":0.0222,"mean_width_m":26},"geometry":{"type":"Polygon","coordinates":[[[10.47509,46.89422],[10.47519,46.90113],[10.47573,46.90163],[10.4754,46.90065],[10.47535,46.89912],[10.47518,46.89912],[10.47591,46.89754],[10.47519,46.89421],[10.47509,46.89422]]]}},{"type":"Feature","properties":{"kind":"no_open_geology","area_km2":0.0222,"mean_width_m":71},"geometry":{"type":"Polygon","coordinates":[[[10.30541,46.40604],[10.30577,46.40655],[10.30725,46.4074],[10.30793,46.4075],[10.30835,46.40744],[10.30847,46.40725],[10.30831,46.40693],[10.30691,46.40596],[10.30624,46.40589],[10.30541,46.40604]]]}},{"type":"Feature","properties":{"kind":"no_open_geology","area_km2":0.0214,"mean_width_m":40},"geometry":{"type":"Polygon","coordinates":[[[10.41293,46.74079],[10.41616,46.74248],[10.41624,46.74234],[10.41344,46.74021],[10.41143,46.73906],[10.41293,46.74079]]]}},{"type":"Feature","properties":{"kind":"no_open_geology","area_km2":0.0214,"mean_width_m":52},"geometry":{"type":"Polygon","coordinates":[[[11.46899,47.00007],[11.46982,46.99744],[11.46966,46.99688],[11.46903,46.99654],[11.46846,46.9983],[11.46899,47.00007]]]}},{"type":"Feature","properties":{"kind":"no_open_geology","area_km2":0.0205,"mean_width_m":69},"geometry":{"type":"Polygon","coordinates":[[[11.91193,46.7696],[11.91163,46.76936],[11.91124,46.7693],[11.90953,46.76983],[11.9093,46.77005],[11.90975,46.77042],[11.91168,46.77077],[11.91188,46.77061],[11.91159,46.77006],[11.91193,46.7696]]]}},{"type":"Feature","properties":{"kind":"no_open_geology","area_km2":0.0204,"mean_width_m":29},"geometry":{"type":"Polygon","coordinates":[[[10.47774,46.90344],[10.47846,46.90909],[10.47855,46.90978],[10.47885,46.90871],[10.47885,46.90684],[10.47809,46.90491],[10.47818,46.90414],[10.47774,46.90344]]]}},{"type":"Feature","properties":{"kind":"no_open_geology","area_km2":0.0196,"mean_width_m":33},"geometry":{"type":"Polygon","coordinates":[[[10.43443,46.95632],[10.43448,46.95646],[10.43706,46.95573],[10.4378,46.95595],[10.43868,46.95491],[10.4408,46.95401],[10.44073,46.95384],[10.43443,46.95632]]]}},{"type":"Feature","properties":{"kind":"no_open_geology","area_km2":0.0194,"mean_width_m":75},"geometry":{"type":"Polygon","coordinates":[[[10.44352,45.99866],[10.44436,45.99818],[10.44444,45.99793],[10.44417,45.99721],[10.4439,45.99706],[10.44335,45.99707],[10.44254,45.99772],[10.44251,45.99818],[10.44281,45.99855],[10.44352,45.99866]]]}},{"type":"Feature","properties":{"kind":"no_open_geology","area_km2":0.0193,"mean_width_m":57},"geometry":{"type":"Polygon","coordinates":[[[10.54625,46.1966],[10.5475,46.19605],[10.54527,46.19423],[10.54514,46.19428],[10.54523,46.19525],[10.54587,46.19573],[10.54588,46.19615],[10.54625,46.1966]]]}},{"type":"Feature","properties":{"kind":"no_open_geology","area_km2":0.0192,"mean_width_m":38},"geometry":{"type":"Polygon","coordinates":[[[11.76561,46.97488],[11.767,46.97905],[11.76742,46.97919],[11.76696,46.97665],[11.7665,46.97577],[11.76561,46.97488]]]}},{"type":"Feature","properties":{"kind":"no_open_geology","area_km2":0.0181,"mean_width_m":66},"geometry":{"type":"Polygon","coordinates":[[[10.31296,45.8573],[10.31363,45.85868],[10.31432,45.85864],[10.31458,45.85737],[10.31443,45.85689],[10.31385,45.85679],[10.31296,45.8573]]]}},{"type":"Feature","properties":{"kind":"no_open_geology","area_km2":0.0173,"mean_width_m":62},"geometry":{"type":"Polygon","coordinates":[[[10.47145,46.17149],[10.47112,46.17011],[10.47075,46.16986],[10.46989,46.16986],[10.47031,46.17146],[10.47059,46.17169],[10.47115,46.17171],[10.47145,46.17149]]]}},{"type":"Feature","properties":{"kind":"no_open_geology","area_km2":0.0172,"mean_width_m":27},"geometry":{"type":"Polygon","coordinates":[[[12.15858,47.02178],[12.15863,47.02189],[12.1591,47.0217],[12.16315,47.01916],[12.16497,47.0189],[12.16445,47.01844],[12.1604,47.02029],[12.15947,47.02133],[12.15858,47.02178]]]}},{"type":"Feature","properties":{"kind":"no_open_geology","area_km2":0.0171,"mean_width_m":32},"geometry":{"type":"Polygon","coordinates":[[[11.24934,46.97419],[11.24964,46.9744],[11.25062,46.97417],[11.25283,46.97457],[11.25573,46.9745],[11.25601,46.97421],[11.2528,46.9742],[11.2517,46.9739],[11.24934,46.97419]]]}},{"type":"Feature","properties":{"kind":"no_open_geology","area_km2":0.0168,"mean_width_m":66},"geometry":{"type":"Polygon","coordinates":[[[10.37909,45.84992],[10.37978,45.84955],[10.37978,45.84935],[10.37843,45.84863],[10.37794,45.84865],[10.3773,45.84934],[10.37753,45.84955],[10.37909,45.84992]]]}},{"type":"Feature","properties":{"kind":"no_open_geology","area_km2":0.0164,"mean_width_m":27},"geometry":{"type":"Polygon","coordinates":[[[10.48372,46.91267],[10.48362,46.91278],[10.48622,46.91545],[10.48627,46.91755],[10.48659,46.91688],[10.48656,46.91504],[10.48372,46.91267]]]}},{"type":"Feature","properties":{"kind":"no_open_geology","area_km2":0.016,"mean_width_m":40},"geometry":{"type":"Polygon","coordinates":[[[11.01786,46.76864],[11.01878,46.76862],[11.02151,46.76638],[11.0211,46.7662],[11.0209,46.7665],[11.0186,46.7679],[11.01786,46.76864]]]}},{"type":"Feature","properties":{"kind":"no_open_geology","area_km2":0.0155,"mean_width_m":35},"geometry":{"type":"Polygon","coordinates":[[[11.04318,46.80618],[11.04393,46.80672],[11.04678,46.80769],[11.04842,46.80764],[11.0477,46.8073],[11.0464,46.8071],[11.04318,46.80618]]]}},{"type":"Feature","properties":{"kind":"no_open_geology","area_km2":0.0148,"mean_width_m":64},"geometry":{"type":"Polygon","coordinates":[[[10.41922,45.8847],[10.41873,45.88469],[10.41799,45.88533],[10.41803,45.88553],[10.41881,45.88612],[10.41991,45.88553],[10.41982,45.88517],[10.41922,45.8847]]]}},{"type":"Feature","properties":{"kind":"no_open_geology","area_km2":0.0146,"mean_width_m":31},"geometry":{"type":"Polygon","coordinates":[[[11.22894,46.96914],[11.22896,46.96929],[11.23486,46.9694],[11.23487,46.96926],[11.2316,46.9689],[11.22894,46.96914]]]}},{"type":"Feature","properties":{"kind":"no_open_geology","area_km2":0.0146,"mean_width_m":61},"geometry":{"type":"Polygon","coordinates":[[[10.44666,46.15147],[10.4463,46.15159],[10.44687,46.15188],[10.44784,46.15202],[10.44865,46.15183],[10.44854,46.15133],[10.4479,46.15094],[10.44725,46.15089],[10.44666,46.15147]]]}},{"type":"Feature","properties":{"kind":"no_open_geology","area_km2":0.014,"mean_width_m":52},"geometry":{"type":"Polygon","coordinates":[[[10.69047,46.86596],[10.69008,46.86654],[10.6906,46.8678],[10.69092,46.86778],[10.69142,46.86654],[10.69189,46.86634],[10.69047,46.86596]]]}},{"type":"Feature","properties":{"kind":"no_open_geology","area_km2":0.014,"mean_width_m":59},"geometry":{"type":"Polygon","coordinates":[[[10.43516,46.16325],[10.43497,46.16342],[10.43498,46.16369],[10.43595,46.16426],[10.43618,46.16427],[10.43643,46.16392],[10.43702,46.16367],[10.43714,46.1634],[10.43703,46.1631],[10.43516,46.16325]]]}},{"type":"Feature","properties":{"kind":"no_open_geology","area_km2":0.014,"mean_width_m":51},"geometry":{"type":"Polygon","coordinates":[[[10.40699,45.93165],[10.40776,45.93258],[10.40811,45.93332],[10.40909,45.93278],[10.40899,45.93253],[10.40847,45.93229],[10.40798,45.93156],[10.4071,45.93159],[10.40699,45.93165]]]}},{"type":"Feature","properties":{"kind":"no_open_geology","area_km2":0.0139,"mean_width_m":58},"geometry":{"type":"Polygon","coordinates":[[[12.00554,46.5532],[12.00585,46.55348],[12.00684,46.55328],[12.00689,46.55193],[12.00643,46.55186],[12.00594,46.55224],[12.00557,46.55274],[12.00554,46.5532]]]}},{"type":"Feature","properties":{"kind":"no_open_geology","area_km2":0.0139,"mean_width_m":62},"geometry":{"type":"Polygon","coordinates":[[[10.41361,45.88268],[10.41347,45.88201],[10.41297,45.88193],[10.41184,45.88226],[10.41165,45.88265],[10.41178,45.88295],[10.41246,45.88311],[10.41361,45.88268]]]}},{"type":"Feature","properties":{"kind":"no_open_geology","area_km2":0.0133,"mean_width_m":58},"geometry":{"type":"Polygon","coordinates":[[[10.36533,45.85292],[10.36514,45.85196],[10.36469,45.85171],[10.36432,45.85179],[10.36409,45.85212],[10.36402,45.85261],[10.36418,45.85285],[10.36479,45.85339],[10.36509,45.85331],[10.36533,45.85292]]]}},{"type":"Feature","properties":{"kind":"no_open_geology","area_km2":0.0133,"mean_width_m":31},"geometry":{"type":"Polygon","coordinates":[[[10.41069,46.98444],[10.41078,46.98455],[10.41466,46.98194],[10.41254,46.98265],[10.41069,46.98444]]]}},{"type":"Feature","properties":{"kind":"no_open_geology","area_km2":0.013,"mean_width_m":33},"geometry":{"type":"Polygon","coordinates":[[[12.27707,46.87584],[12.27649,46.87525],[12.276,46.8756],[12.2767,46.8766],[12.2775,46.8772],[12.27798,46.87837],[12.27808,46.87789],[12.27707,46.87584]]]}},{"type":"Feature","properties":{"kind":"no_open_geology","area_km2":0.0128,"mean_width_m":26},"geometry":{"type":"Polygon","coordinates":[[[10.30853,46.94407],[10.30842,46.94406],[10.30786,46.94642],[10.30795,46.94787],[10.30829,46.94837],[10.30853,46.94407]]]}},{"type":"Feature","properties":{"kind":"no_open_geology","area_km2":0.0123,"mean_width_m":31},"geometry":{"type":"Polygon","coordinates":[[[12.1478,46.913],[12.1479,46.91346],[12.15219,46.91208],[12.15215,46.91191],[12.1478,46.913]]]}},{"type":"Feature","properties":{"kind":"no_open_geology","area_km2":0.0117,"mean_width_m":47},"geometry":{"type":"Polygon","coordinates":[[[10.54339,46.19167],[10.54209,46.19248],[10.54206,46.19278],[10.54274,46.19336],[10.54316,46.19326],[10.5431,46.19286],[10.54321,46.19277],[10.54367,46.19272],[10.54339,46.19245],[10.54339,46.19167]]]}},{"type":"Feature","properties":{"kind":"no_open_geology","area_km2":0.011,"mean_width_m":50},"geometry":{"type":"Polygon","coordinates":[[[10.56075,46.26356],[10.56176,46.26369],[10.56285,46.26364],[10.56276,46.26318],[10.56178,46.26294],[10.56055,46.26313],[10.56075,46.26356]]]}},{"type":"Feature","properties":{"kind":"no_open_geology","area_km2":0.0106,"mean_width_m":29},"geometry":{"type":"Polygon","coordinates":[[[10.38347,46.99923],[10.38469,46.99999],[10.38775,47.00035],[10.38778,47.00021],[10.38347,46.99923]]]}},{"type":"Feature","properties":{"kind":"no_open_geology","area_km2":0.0104,"mean_width_m":28},"geometry":{"type":"Polygon","coordinates":[[[10.46512,46.88398],[10.46688,46.88341],[10.46853,46.88172],[10.46846,46.88164],[10.46512,46.88398]]]}},{"type":"Feature","properties":{"kind":"no_open_geology","area_km2":0.0101,"mean_width_m":50},"geometry":{"type":"Polygon","coordinates":[[[10.44227,46.15332],[10.44171,46.15269],[10.44052,46.15272],[10.4413,46.15375],[10.44218,46.15362],[10.44227,46.15332]]]}},{"type":"Feature","properties":{"kind":"no_open_geology","area_km2":0.0099,"mean_width_m":28},"geometry":{"type":"Polygon","coordinates":[[[11.6032,47.00714],[11.60462,47.00807],[11.60537,47.00892],[11.60646,47.00926],[11.60439,47.00741],[11.6032,47.00714]]]}},{"type":"Feature","properties":{"kind":"no_open_geology","area_km2":0.0098,"mean_width_m":33},"geometry":{"type":"Polygon","coordinates":[[[10.3529,46.99146],[10.35287,46.99162],[10.35483,46.99235],[10.35642,46.99206],[10.3529,46.99146]]]}},{"type":"Feature","properties":{"kind":"no_open_geology","area_km2":0.0095,"mean_width_m":32},"geometry":{"type":"Polygon","coordinates":[[[12.14874,47.02419],[12.14878,47.0243],[12.15226,47.02361],[12.15078,47.02333],[12.14874,47.02419]]]}},{"type":"Feature","properties":{"kind":"no_open_geology","area_km2":0.0094,"mean_width_m":25},"geometry":{"type":"Polygon","coordinates":[[[10.42346,46.74617],[10.42341,46.74629],[10.42711,46.74823],[10.4272,46.74806],[10.42495,46.74669],[10.42346,46.74617]]]}},{"type":"Feature","properties":{"kind":"no_open_geology","area_km2":0.0094,"mean_width_m":26},"geometry":{"type":"Polygon","coordinates":[[[11.01363,46.772],[11.01423,46.77234],[11.01696,46.77011],[11.01646,46.77018],[11.0155,46.7708],[11.0145,46.7718],[11.0141,46.772],[11.01363,46.772]]]}},{"type":"Feature","properties":{"kind":"no_open_geology","area_km2":0.0093,"mean_width_m":31},"geometry":{"type":"Polygon","coordinates":[[[11.16618,46.9655],[11.16888,46.96476],[11.16961,46.96446],[11.1689,46.9644],[11.168,46.9646],[11.1662,46.9652],[11.16618,46.9655]]]}},{"type":"Feature","properties":{"kind":"no_open_geology","area_km2":0.0092,"mean_width_m":30},"geometry":{"type":"Polygon","coordinates":[[[12.36869,46.74384],[12.36854,46.74297],[12.36832,46.74307],[12.36798,46.74407],[12.36805,46.7456],[12.36842,46.74494],[12.36869,46.74384]]]}},{"type":"Feature","properties":{"kind":"no_open_geology","area_km2":0.0092,"mean_width_m":24},"geometry":{"type":"Polygon","coordinates":[[[10.30636,46.94041],[10.30615,46.94064],[10.30735,46.94258],[10.30845,46.94349],[10.30636,46.94041]]]}},{"type":"Feature","properties":{"kind":"no_open_geology","area_km2":0.0089,"mean_width_m":47},"geometry":{"type":"Polygon","coordinates":[[[10.37819,46.04068],[10.37879,46.04114],[10.37925,46.0411],[10.37935,46.03989],[10.37884,46.03989],[10.37818,46.04051],[10.37819,46.04068]]]}},{"type":"Feature","properties":{"kind":"no_open_geology","area_km2":0.0084,"mean_width_m":21},"geometry":{"type":"Polygon","coordinates":[[[10.42686,46.97527],[10.42754,46.9733],[10.42709,46.9718],[10.42707,46.9718],[10.42686,46.97527]]]}},{"type":"Feature","properties":{"kind":"no_open_geology","area_km2":0.0081,"mean_width_m":23},"geometry":{"type":"Polygon","coordinates":[[[12.19314,47.02637],[12.1931,47.02654],[12.1941,47.0268],[12.1958,47.027],[12.19753,47.027],[12.19754,47.02687],[12.19424,47.0266],[12.19314,47.02637]]]}},{"type":"Feature","properties":{"kind":"no_open_geology","area_km2":0.008,"mean_width_m":22},"geometry":{"type":"Polygon","coordinates":[[[10.42311,46.97809],[10.42318,46.97821],[10.42449,46.9775],[10.42637,46.97595],[10.42626,46.97582],[10.42311,46.97809]]]}},{"type":"Feature","properties":{"kind":"no_open_geology","area_km2":0.0079,"mean_width_m":24},"geometry":{"type":"Polygon","coordinates":[[[12.15405,47.02325],[12.15412,47.0234],[12.15776,47.02217],[12.15771,47.02206],[12.15675,47.02236],[12.15559,47.02247],[12.15405,47.02325]]]}},{"type":"Feature","properties":{"kind":"no_open_geology","area_km2":0.0071,"mean_width_m":24},"geometry":{"type":"Polygon","coordinates":[[[10.30232,46.92492],[10.30343,46.92542],[10.30593,46.92557],[10.30594,46.92541],[10.30232,46.92492]]]}},{"type":"Feature","properties":{"kind":"no_open_geology","area_km2":0.0064,"mean_width_m":38},"geometry":{"type":"Polygon","coordinates":[[[10.60846,46.38095],[10.60789,46.37993],[10.60724,46.38019],[10.60705,46.38043],[10.60767,46.38084],[10.60846,46.38095]]]}},{"type":"Feature","properties":{"kind":"no_open_geology","area_km2":0.0063,"mean_width_m":25},"geometry":{"type":"Polygon","coordinates":[[[10.3403,46.9806],[10.34037,46.98023],[10.34069,46.97849],[10.33977,46.97964],[10.3403,46.9806]]]}},{"type":"Feature","properties":{"kind":"no_open_geology","area_km2":0.0062,"mean_width_m":20},"geometry":{"type":"Polygon","coordinates":[[[12.23866,47.06631],[12.2391,47.0669],[12.2399,47.0675],[12.2403,47.068],[12.2403,47.0683],[12.24068,47.06868],[12.24067,47.06834],[12.24021,47.06744],[12.23918,47.06655],[12.23866,47.06631]]]}},{"type":"Feature","properties":{"kind":"no_open_geology","area_km2":0.006,"mean_width_m":29},"geometry":{"type":"Polygon","coordinates":[[[10.42446,46.95877],[10.42451,46.95886],[10.42605,46.95848],[10.4263,46.95764],[10.42446,46.95877]]]}},{"type":"Feature","properties":{"kind":"no_open_geology","area_km2":0.0059,"mean_width_m":26},"geometry":{"type":"Polygon","coordinates":[[[12.12289,47.008],[12.12165,47.00697],[12.1214,47.00718],[12.122,47.0078],[12.12321,47.00857],[12.12289,47.008]]]}},{"type":"Feature","properties":{"kind":"no_open_geology","area_km2":0.0056,"mean_width_m":27},"geometry":{"type":"Polygon","coordinates":[[[10.3,46.92416],[10.3014,46.92468],[10.3,46.92321],[10.3,46.92416]]]}},{"type":"Feature","properties":{"kind":"no_open_geology","area_km2":0.0055,"mean_width_m":27},"geometry":{"type":"Polygon","coordinates":[[[11.27094,46.97969],[11.27284,46.98055],[11.27327,46.98032],[11.2714,46.9796],[11.27094,46.97969]]]}},{"type":"Feature","properties":{"kind":"no_open_geology","area_km2":0.0053,"mean_width_m":21},"geometry":{"type":"Polygon","coordinates":[[[11.16422,46.95333],[11.16426,46.95393],[11.16527,46.95532],[11.1656,46.9548],[11.1646,46.9541],[11.16422,46.95333]]]}},{"type":"Feature","properties":{"kind":"no_open_geology","area_km2":0.0053,"mean_width_m":22},"geometry":{"type":"Polygon","coordinates":[[[12.20195,47.02676],[12.20195,47.0269],[12.20485,47.02687],[12.20485,47.02658],[12.20195,47.02676]]]}},{"type":"Feature","properties":{"kind":"no_open_geology","area_km2":0.0051,"mean_width_m":23},"geometry":{"type":"Polygon","coordinates":[[[10.47467,46.94234],[10.47593,46.94193],[10.47655,46.94097],[10.47629,46.94103],[10.47467,46.94234]]]}},{"type":"Feature","properties":{"kind":"no_open_geology","area_km2":0.0049,"mean_width_m":16},"geometry":{"type":"Polygon","coordinates":[[[12.21288,47.04214],[12.213,47.0425],[12.21538,47.04417],[12.21442,47.04319],[12.21288,47.04214]]]}},{"type":"Feature","properties":{"kind":"no_open_geology","area_km2":0.0048,"mean_width_m":23},"geometry":{"type":"Polygon","coordinates":[[[11.05196,46.80842],[11.05197,46.80857],[11.0538,46.80847],[11.05455,46.80818],[11.0531,46.8082],[11.05196,46.80842]]]}},{"type":"Feature","properties":{"kind":"no_open_geology","area_km2":0.0048,"mean_width_m":33},"geometry":{"type":"Polygon","coordinates":[[[10.43296,45.94351],[10.43313,45.94374],[10.43378,45.94376],[10.43424,45.94363],[10.43446,45.94329],[10.43354,45.94324],[10.43296,45.94351]]]}},{"type":"Feature","properties":{"kind":"no_open_geology","area_km2":0.0047,"mean_width_m":19},"geometry":{"type":"Polygon","coordinates":[[[11.2678,46.98029],[11.2683,46.98042],[11.27081,46.9799],[11.27078,46.97973],[11.2678,46.98029]]]}},{"type":"Feature","properties":{"kind":"no_open_geology","area_km2":0.0047,"mean_width_m":19},"geometry":{"type":"Polygon","coordinates":[[[10.37244,46.99095],[10.37297,46.9918],[10.37437,46.99258],[10.37444,46.99247],[10.37244,46.99095]]]}},{"type":"Feature","properties":{"kind":"no_open_geology","area_km2":0.0046,"mean_width_m":19},"geometry":{"type":"Polygon","coordinates":[[[10.42245,46.96096],[10.42252,46.9605],[10.42374,46.95921],[10.42211,46.96021],[10.42245,46.96096]]]}},{"type":"Feature","properties":{"kind":"no_open_geology","area_km2":0.0042,"mean_width_m":18},"geometry":{"type":"Polygon","coordinates":[[[10.40667,46.98831],[10.40675,46.98842],[10.4076,46.98779],[10.40849,46.98677],[10.40838,46.98666],[10.40667,46.98831]]]}},{"type":"Feature","properties":{"kind":"no_open_geology","area_km2":0.0042,"mean_width_m":17},"geometry":{"type":"Polygon","coordinates":[[[11.26017,46.97923],[11.26257,46.98056],[11.26261,46.98051],[11.262,46.9799],[11.2613,46.9797],[11.2605,46.97918],[11.26017,46.97923]]]}},{"type":"Feature","properties":{"kind":"no_open_geology","area_km2":0.004,"mean_width_m":20},"geometry":{"type":"Polygon","coordinates":[[[10.47243,46.89108],[10.47091,46.89026],[10.47239,46.89168],[10.47243,46.89108]]]}},{"type":"Feature","properties":{"kind":"no_open_geology","area_km2":0.0038,"mean_width_m":20},"geometry":{"type":"Polygon","coordinates":[[[10.36531,46.99126],[10.36531,46.9914],[10.36679,46.99147],[10.36764,46.99112],[10.36531,46.99126]]]}},{"type":"Feature","properties":{"kind":"no_open_geology","area_km2":0.0038,"mean_width_m":16},"geometry":{"type":"Polygon","coordinates":[[[12.42808,46.69837],[12.42836,46.69662],[12.42827,46.6966],[12.42796,46.69739],[12.42778,46.69866],[12.42808,46.69837]]]}},{"type":"Feature","properties":{"kind":"no_open_geology","area_km2":0.0037,"mean_width_m":18},"geometry":{"type":"Polygon","coordinates":[[[12.19931,47.02706],[12.19932,47.0272],[12.2001,47.0272],[12.2012,47.0271],[12.20187,47.02683],[12.19931,47.02706]]]}},{"type":"Feature","properties":{"kind":"no_open_geology","area_km2":0.0036,"mean_width_m":19},"geometry":{"type":"Polygon","coordinates":[[[10.59467,46.37752],[10.59618,46.37781],[10.59707,46.37744],[10.59527,46.37749],[10.59467,46.37752]]]}},{"type":"Feature","properties":{"kind":"no_open_geology","area_km2":0.0034,"mean_width_m":24},"geometry":{"type":"Polygon","coordinates":[[[10.78282,46.79474],[10.78264,46.79544],[10.78374,46.79568],[10.78282,46.79474]]]}},{"type":"Feature","properties":{"kind":"no_open_geology","area_km2":0.0034,"mean_width_m":15},"geometry":{"type":"Polygon","coordinates":[[[12.2168,47.04745],[12.2168,47.0494],[12.21694,47.04941],[12.21711,47.04803],[12.2168,47.04745]]]}},{"type":"Feature","properties":{"kind":"no_open_geology","area_km2":0.0033,"mean_width_m":18},"geometry":{"type":"Polygon","coordinates":[[[11.22269,46.9691],[11.22402,46.96972],[11.22482,46.96963],[11.2234,46.9692],[11.22269,46.9691]]]}},{"type":"Feature","properties":{"kind":"no_open_geology","area_km2":0.0032,"mean_width_m":17},"geometry":{"type":"Polygon","coordinates":[[[10.42261,46.96132],[10.42331,46.96288],[10.42338,46.96286],[10.42318,46.96165],[10.42261,46.96132]]]}},{"type":"Feature","properties":{"kind":"no_open_geology","area_km2":0.0031,"mean_width_m":26},"geometry":{"type":"Polygon","coordinates":[[[11.50664,47.00694],[11.50727,47.00733],[11.50779,47.00714],[11.50772,47.00677],[11.50664,47.00694]]]}},{"type":"Feature","properties":{"kind":"no_open_geology","area_km2":0.0031,"mean_width_m":20},"geometry":{"type":"Polygon","coordinates":[[[10.55418,46.1484],[10.55398,46.14925],[10.55409,46.14949],[10.55446,46.14966],[10.55449,46.14923],[10.55418,46.1484]]]}},{"type":"Feature","properties":{"kind":"no_open_geology","area_km2":0.0031,"mean_width_m":14},"geometry":{"type":"Polygon","coordinates":[[[12.37777,46.72663],[12.37794,46.7257],[12.37773,46.72461],[12.37757,46.72508],[12.37777,46.72663]]]}},{"type":"Feature","properties":{"kind":"no_open_geology","area_km2":0.003,"mean_width_m":12},"geometry":{"type":"Polygon","coordinates":[[[11.44309,46.97859],[11.44335,46.98071],[11.44348,46.9807],[11.44345,46.97946],[11.44309,46.97859]]]}},{"type":"Feature","properties":{"kind":"no_open_geology","area_km2":0.0029,"mean_width_m":14},"geometry":{"type":"Polygon","coordinates":[[[12.18935,47.02558],[12.18931,47.02569],[12.1901,47.026],[12.19186,47.0262],[12.18935,47.02558]]]}},{"type":"Feature","properties":{"kind":"no_open_geology","area_km2":0.0026,"mean_width_m":15},"geometry":{"type":"Polygon","coordinates":[[[11.24233,46.96996],[11.24303,46.97073],[11.24374,46.97118],[11.2435,46.9707],[11.24233,46.96996]]]}},{"type":"Feature","properties":{"kind":"no_open_geology","area_km2":0.0026,"mean_width_m":17},"geometry":{"type":"Polygon","coordinates":[[[10.34086,46.98158],[10.34158,46.9822],[10.34248,46.98215],[10.34248,46.98214],[10.34086,46.98158]]]}},{"type":"Feature","properties":{"kind":"no_open_geology","area_km2":0.0025,"mean_width_m":17},"geometry":{"type":"Polygon","coordinates":[[[11.26505,46.9811],[11.26677,46.98074],[11.26676,46.98066],[11.26556,46.9807],[11.26505,46.9811]]]}},{"type":"Feature","properties":{"kind":"no_open_geology","area_km2":0.0024,"mean_width_m":14},"geometry":{"type":"Polygon","coordinates":[[[12.21655,47.04517],[12.2163,47.0463],[12.21646,47.04671],[12.21671,47.04564],[12.21655,47.04517]]]}},{"type":"Feature","properties":{"kind":"no_open_geology","area_km2":0.0024,"mean_width_m":15},"geometry":{"type":"Polygon","coordinates":[[[12.13086,47.01501],[12.12987,47.01468],[12.13129,47.01573],[12.13086,47.01501]]]}},{"type":"Feature","properties":{"kind":"no_open_geology","area_km2":0.0023,"mean_width_m":19},"geometry":{"type":"Polygon","coordinates":[[[10.61237,46.38763],[10.61315,46.38818],[10.61362,46.38814],[10.61365,46.38795],[10.61237,46.38763]]]}},{"type":"Feature","properties":{"kind":"no_open_geology","area_km2":0.0022,"mean_width_m":16},"geometry":{"type":"Polygon","coordinates":[[[10.47128,46.94508],[10.47182,46.94514],[10.47232,46.94425],[10.47231,46.94425],[10.47128,46.94508]]]}},{"type":"Feature","properties":{"kind":"no_open_geology","area_km2":0.0021,"mean_width_m":12},"geometry":{"type":"Polygon","coordinates":[[[12.21678,47.05865],[12.21722,47.05786],[12.21691,47.0571],[12.2169,47.0579],[12.21678,47.05865]]]}},{"type":"Feature","properties":{"kind":"no_open_geology","area_km2":0.002,"mean_width_m":16},"geometry":{"type":"Polygon","coordinates":[[[11.22069,46.9692],[11.22129,46.9694],[11.22217,46.96924],[11.22216,46.9691],[11.22069,46.9692]]]}},{"type":"Feature","properties":{"kind":"no_open_geology","area_km2":0.002,"mean_width_m":11},"geometry":{"type":"Polygon","coordinates":[[[10.41126,46.70602],[10.41054,46.7059],[10.41235,46.70686],[10.41126,46.70602]]]}},{"type":"Feature","properties":{"kind":"no_open_geology","area_km2":0.0019,"mean_width_m":13},"geometry":{"type":"Polygon","coordinates":[[[12.2169,47.04959],[12.217,47.0501],[12.21735,47.0508],[12.21754,47.05055],[12.2169,47.04959]]]}},{"type":"Feature","properties":{"kind":"no_open_geology","area_km2":0.0019,"mean_width_m":15},"geometry":{"type":"Polygon","coordinates":[[[11.07294,46.84625],[11.07334,46.84524],[11.07333,46.84523],[11.07261,46.84601],[11.07294,46.84625]]]}},{"type":"Feature","properties":{"kind":"no_open_geology","area_km2":0.0019,"mean_width_m":19},"geometry":{"type":"Polygon","coordinates":[[[12.30561,46.8421],[12.30573,46.84235],[12.30631,46.84212],[12.30644,46.84174],[12.30561,46.8421]]]}},{"type":"Feature","properties":{"kind":"no_open_geology","area_km2":0.0019,"mean_width_m":12},"geometry":{"type":"Polygon","coordinates":[[[11.0813,46.8278],[11.08068,46.82692],[11.08109,46.82821],[11.0813,46.8278]]]}},{"type":"Feature","properties":{"kind":"no_open_geology","area_km2":0.0018,"mean_width_m":14},"geometry":{"type":"Polygon","coordinates":[[[12.29029,46.86212],[12.29111,46.86125],[12.29097,46.86113],[12.2905,46.8615],[12.29029,46.86212]]]}},{"type":"Feature","properties":{"kind":"no_open_geology","area_km2":0.0018,"mean_width_m":11},"geometry":{"type":"Polygon","coordinates":[[[11.87692,47.01249],[11.87675,47.01256],[11.87737,47.01389],[11.87746,47.01384],[11.87692,47.01249]]]}},{"type":"Feature","properties":{"kind":"no_open_geology","area_km2":0.0017,"mean_width_m":19},"geometry":{"type":"Polygon","coordinates":[[[11.03951,46.80518],[11.03974,46.80519],[11.04011,46.80463],[11.03941,46.80482],[11.03951,46.80518]]]}},{"type":"Feature","properties":{"kind":"no_open_geology","area_km2":0.0017,"mean_width_m":10},"geometry":{"type":"Polygon","coordinates":[[[11.11073,46.92168],[11.11061,46.92168],[11.11052,46.92305],[11.11069,46.92306],[11.11073,46.92168]]]}},{"type":"Feature","properties":{"kind":"no_open_geology","area_km2":0.0016,"mean_width_m":14},"geometry":{"type":"Polygon","coordinates":[[[11.89348,47.01801],[11.8927,47.01777],[11.89364,47.01855],[11.89348,47.01801]]]}},{"type":"Feature","properties":{"kind":"no_open_geology","area_km2":0.0015,"mean_width_m":11},"geometry":{"type":"Polygon","coordinates":[[[10.33148,46.96669],[10.33175,46.96737],[10.33235,46.9677],[10.33237,46.96767],[10.33148,46.96669]]]}},{"type":"Feature","properties":{"kind":"no_open_geology","area_km2":0.0015,"mean_width_m":11},"geometry":{"type":"Polygon","coordinates":[[[11.38059,46.97452],[11.38107,46.97378],[11.38089,46.9733],[11.38059,46.97452]]]}},{"type":"Feature","properties":{"kind":"no_open_geology","area_km2":0.0013,"mean_width_m":10},"geometry":{"type":"Polygon","coordinates":[[[11.2052,46.96435],[11.20583,46.96331],[11.20582,46.96331],[11.2053,46.9637],[11.2052,46.96435]]]}},{"type":"Feature","properties":{"kind":"no_open_geology","area_km2":0.0013,"mean_width_m":11},"geometry":{"type":"Polygon","coordinates":[[[12.1249,47.01135],[12.1249,47.0117],[12.1251,47.012],[12.12556,47.01231],[12.1249,47.01135]]]}},{"type":"Feature","properties":{"kind":"no_open_geology","area_km2":0.0012,"mean_width_m":10},"geometry":{"type":"Polygon","coordinates":[[[10.42623,46.96938],[10.42636,46.96934],[10.4262,46.96878],[10.42583,46.96839],[10.42623,46.96938]]]}},{"type":"Feature","properties":{"kind":"no_open_geology","area_km2":0.0012,"mean_width_m":12},"geometry":{"type":"Polygon","coordinates":[[[10.3984,46.99699],[10.39875,46.99684],[10.39901,46.99629],[10.39888,46.99622],[10.3984,46.99699]]]}},{"type":"Feature","properties":{"kind":"no_open_geology","area_km2":0.0012,"mean_width_m":10},"geometry":{"type":"Polygon","coordinates":[[[11.1098,46.92549],[11.10953,46.92612],[11.10986,46.92652],[11.1098,46.9261],[11.1098,46.92549]]]}},{"type":"Feature","properties":{"kind":"no_open_geology","area_km2":0.0012,"mean_width_m":12},"geometry":{"type":"Polygon","coordinates":[[[11.1627,46.95063],[11.16281,46.9498],[11.16242,46.95024],[11.1627,46.95063]]]}},{"type":"Feature","properties":{"kind":"no_open_geology","area_km2":0.0012,"mean_width_m":11},"geometry":{"type":"Polygon","coordinates":[[[10.34427,46.98276],[10.34478,46.98356],[10.34483,46.98354],[10.34465,46.98289],[10.34427,46.98276]]]}},{"type":"Feature","properties":{"kind":"no_open_geology","area_km2":0.0012,"mean_width_m":11},"geometry":{"type":"Polygon","coordinates":[[[12.13999,47.01919],[12.14076,47.01996],[12.14079,47.01995],[12.14054,47.01941],[12.13999,47.01919]]]}},{"type":"Feature","properties":{"kind":"no_open_geology","area_km2":0.0011,"mean_width_m":12},"geometry":{"type":"Polygon","coordinates":[[[12.23248,47.06401],[12.23195,47.06397],[12.23284,47.06442],[12.23289,47.06433],[12.23248,47.06401]]]}},{"type":"Feature","properties":{"kind":"no_open_geology","area_km2":0.001,"mean_width_m":10},"geometry":{"type":"Polygon","coordinates":[[[12.21255,47.04045],[12.21267,47.04004],[12.21246,47.03957],[12.2124,47.04],[12.21255,47.04045]]]}},{"type":"Feature","properties":{"kind":"no_open_geology","area_km2":0.001,"mean_width_m":9},"geometry":{"type":"Polygon","coordinates":[[[10.4711,46.54837],[10.47142,46.54879],[10.47123,46.54783],[10.4711,46.54837]]]}},{"type":"Feature","properties":{"kind":"no_open_geology","area_km2":0.0009,"mean_width_m":10},"geometry":{"type":"Polygon","coordinates":[[[11.21789,46.96809],[11.21831,46.9685],[11.21872,46.96862],[11.2184,46.9683],[11.21789,46.96809]]]}}]}
