{"type":"FeatureCollection","name":"geology-coverage","description":"Dissolved extent of each geology source in geology-dolomites.pmtiles after priority clipping, simplified 0.005 deg. Outside these outlines there is no open vector geology in the archive (see geology-gaps.geojson).","features":[{"type":"Feature","properties":{"source":"bz-geology-carg","attribution":"Provincia autonoma di Bolzano - Alto Adige, Cartografia provinciale - P_BZ Carta geologica CARG - CC0 1.0","license":"CC0 1.0 Universal","scale":"1:10,000 survey, published 1:25,000","scale_denominator":25000,"label":"interpreted"},"geometry":{"type":"MultiPolygon","coordinates":[[[[10.3323,46.5478],[10.3421,46.5441],[10.3519,46.5562],[10.3966,46.544],[10.4188,46.5513],[10.4529,46.5304],[10.4587,46.5416],[10.4723,46.5435],[10.487,46.5992],[10.999,46.5991],[10.999,46.7676],[11.0138,46.7721],[11.0239,46.7662],[11.0444,46.8006],[11.0398,46.8051],[11.0835,46.8222],[11.0702,46.8382],[11.0714,46.8536],[11.1016,46.8899],[11.0959,46.9121],[11.109,46.9162],[11.1145,46.9312],[11.1396,46.9276],[11.1652,46.9407],[11.1643,46.9657],[11.1953,46.9704],[11.207,46.9625],[11.2632,46.9806],[11.3078,46.9841],[11.3193,46.9924],[11.3323,46.9887],[11.3325,46.5056],[11.3503,46.5089],[11.3495,46.4875],[11.3323,46.4507],[11.3322,46.2945],[11.3116,46.2832],[11.3155,46.2741],[11.3025,46.2597],[11.2852,46.2618],[11.2466,46.2309],[11.2071,46.2186],[11.1716,46.238],[11.187,46.2529],[11.1966,46.2457],[11.2019,46.2568],[11.1667,46.2623],[11.1392,46.2838],[11.1776,46.3026],[11.199,46.334],[11.2033,46.3444],[11.1915,46.3593],[11.2052,46.3667],[11.2001,46.3718],[11.2142,46.3991],[10.3323,46.3991],[10.3323,46.5478]],[[10.6657,46.4152],[10.6656,46.4158],[10.6657,46.4122],[10.6657,46.4152]],[[11.116,46.8318],[11.1162,46.8319],[11.1163,46.8321],[11.116,46.8318]],[[11.1169,46.8331],[11.117,46.8332],[11.117,46.8333],[11.1169,46.8331]],[[11.1164,46.8312],[11.1163,46.831],[11.1164,46.831],[11.1164,46.8312]],[[11.117,46.8307],[11.117,46.8308],[11.1169,46.8308],[11.117,46.8307]],[[11.11704,46.83056],[11.1171,46.8305],[11.117,46.8307],[11.11704,46.83056]]],[[[11.5148,46.5511],[11.5125,46.5604],[11.5318,46.5982],[11.6215,46.5991],[11.6645,46.6353],[11.999,46.6356],[11.999,47.0492],[12.0214,47.0471],[12.0431,47.0613],[12.077,47.0588],[12.0941,47.0768],[12.119,47.0733],[12.186,47.0921],[12.2258,47.0827],[12.2407,47.0691],[12.2168,47.0585],[12.2049,47.0269],[12.1649,47.0189],[12.1474,47.0246],[12.1212,47.0066],[12.1289,46.9858],[12.1411,46.983],[12.1364,46.96],[12.1692,46.9384],[12.1478,46.913],[12.2046,46.9084],[12.2157,46.9],[12.2489,46.9068],[12.2432,46.8906],[12.2741,46.8844],[12.2756,46.8729],[12.292,46.8651],[12.2961,46.8435],[12.3068,46.8415],[12.3121,46.8222],[12.3324,46.814],[12.3169,46.7992],[12.2883,46.7991],[12.2809,46.7896],[12.3324,46.7797],[12.3324,46.5991],[11.999,46.5991],[11.9985,46.5186],[11.9837,46.5258],[11.9578,46.514],[11.8995,46.5272],[11.8865,46.5176],[11.9031,46.5048],[11.9004,46.4973],[11.881,46.4988],[11.8093,46.4804],[11.8015,46.4881],[11.7882,46.482],[11.7821,46.4899],[11.7741,46.4736],[11.7524,46.4792],[11.7327,46.4694],[11.7079,46.4778],[11.6656,46.4772],[11.6274,46.4495],[11.5824,46.4572],[11.4993,46.449],[11.4965,46.527],[11.5148,46.5511]],[[11.9461,46.6215],[11.9461,46.6214],[11.9462,46.6216],[11.9461,46.6215]],[[12.1718,46.8861],[12.17184,46.88614],[12.1717,46.8861],[12.1718,46.8861]],[[12.2859,46.7992],[12.282,46.7992],[12.2848,46.7991],[12.2859,46.7992]],[[12.1892,47.0375],[12.1892,47.0376],[12.18915,47.0375],[12.1892,47.0375]]]]}},{"type":"Feature","properties":{"source":"pat-geology-carta-geologica","attribution":"Dati elaborati dal Servizio geologico della Provincia autonoma di Trento - Carta Geologica della PAT - CC BY 4.0 (modified)","license":"CC BY 4.0","scale":"1:10,000","scale_denominator":10000,"label":"interpreted"},"geometry":{"type":"MultiPolygon","coordinates":[[[[10.49031,45.88469],[10.49223,45.89733],[10.5079,45.90526],[10.50879,45.92336],[10.48474,45.94512],[10.48872,45.97178],[10.45361,45.97643],[10.45297,45.98963],[10.45832,46.01043],[10.48474,46.02462],[10.48098,46.0563],[10.51722,46.08008],[10.54953,46.1174],[10.54666,46.1446],[10.56207,46.16601],[10.54135,46.19],[10.5704,46.22149],[10.56825,46.23372],[10.58577,46.24534],[10.5757,46.27568],[10.55976,46.28305],[10.57961,46.29883],[10.56455,46.31362],[10.56565,46.32635],[10.51575,46.34521],[10.51951,46.35575],[10.54003,46.35476],[10.541,46.36413],[10.56672,46.37778],[10.60741,46.3793],[10.6266,46.3992],[11.21394,46.3991],[11.1995,46.37209],[11.2053,46.367],[11.1916,46.3598],[11.20327,46.34344],[11.1974,46.3322],[11.17742,46.30286],[11.13914,46.28379],[11.167,46.26216],[11.20202,46.25668],[11.1966,46.2457],[11.18612,46.25267],[11.1716,46.238],[11.20659,46.21835],[11.24668,46.23027],[11.28992,46.2612],[11.30565,46.2585],[11.3157,46.2747],[11.3116,46.2832],[11.33322,46.29819],[11.3401,46.29855],[11.33564,46.29068],[11.3562,46.27641],[11.35816,46.26546],[11.39726,46.26474],[11.38132,46.29116],[11.35957,46.29961],[11.40024,46.30864],[11.40429,46.32498],[11.45466,46.33475],[11.4621,46.34996],[11.47959,46.35613],[11.47678,46.36417],[11.55121,46.34502],[11.56359,46.38073],[11.60175,46.38979],[11.59994,46.39753],[11.61994,46.42564],[11.61982,46.4495],[11.6406,46.4562],[11.6656,46.4772],[11.7079,46.4778],[11.7243,46.4696],[11.7524,46.4792],[11.7741,46.4736],[11.7823,46.4899],[11.7882,46.482],[11.8015,46.4881],[11.8159,46.47686],[11.87551,46.47257],[11.88797,46.4636],[11.88993,46.44208],[11.85018,46.43424],[11.83889,46.41644],[11.84373,46.40991],[11.83207,46.38719],[11.83615,46.36558],[11.82058,46.37662],[11.81353,46.36737],[11.7923,46.3678],[11.77386,46.3576],[11.79918,46.3459],[11.8028,46.33308],[11.83209,46.32514],[11.84218,46.30651],[11.82937,46.28812],[11.84776,46.27128],[11.88529,46.27881],[11.89202,46.25263],[11.92914,46.24883],[11.90957,46.22439],[11.93939,46.19882],[11.96253,46.19976],[11.96236,46.18801],[11.9495,46.18162],[11.95086,46.17011],[11.92844,46.17579],[11.9218,46.14934],[11.88421,46.11701],[11.81316,46.10208],[11.77313,46.10743],[11.75881,46.09502],[11.74105,46.10517],[11.71696,46.10303],[11.70363,46.09038],[11.68532,46.09357],[11.68653,46.066],[11.70648,46.046],[11.67886,46.04605],[11.66617,46.03616],[11.6819,46.02842],[11.66617,46.01721],[11.69012,45.98877],[11.68114,45.96786],[11.62783,45.96048],[11.63006,45.96937],[11.62102,45.97154],[11.58759,45.96936],[11.57763,46.0068],[11.54834,46.01237],[11.48877,46.0085],[11.4825,45.99825],[11.46801,45.99756],[11.44683,45.98079],[11.37429,45.98377],[11.38185,45.94247],[11.35831,45.94366],[11.35817,45.9252],[11.34507,45.92095],[11.34935,45.90954],[11.31807,45.91979],[11.31328,45.93008],[11.3046,45.92681],[11.30088,45.93824],[11.30282,45.91804],[11.25857,45.92069],[11.2599,45.90426],[11.24893,45.89918],[11.25512,45.88401],[11.23488,45.87967],[11.24432,45.87709],[11.23916,45.85614],[11.2219,45.84897],[11.2191,45.83272],[11.18886,45.81358],[11.19053,45.8025],[11.19916,45.8],[10.87685,45.8],[10.88784,45.81116],[10.88357,45.81699],[10.82583,45.83773],[10.79171,45.8331],[10.77697,45.84311],[10.75638,45.83003],[10.73558,45.84273],[10.71104,45.83607],[10.69946,45.8417],[10.67575,45.83047],[10.65362,45.83295],[10.65745,45.82253],[10.64135,45.80219],[10.53268,45.8],[10.52596,45.80547],[10.54325,45.81845],[10.50524,45.82747],[10.50432,45.87427],[10.49031,45.88469]]],[[[10.66562,46.41518],[10.6657,46.4122],[10.6656,46.4158],[10.66562,46.41518]]]]}},{"type":"Feature","properties":{"source":"veneto-litologia-250k","attribution":"Regione del Veneto - Database delle litologie scala 1:250.000 - IODL 2.0 (https://www.dati.gov.it/content/italian-open-data-license-v20) (modified)","license":"IODL 2.0","scale":"1:250,000 (digitised from 1:100,000 author originals)","scale_denominator":250000,"label":"interpreted"},"geometry":{"type":"MultiPolygon","coordinates":[[[[12.65282,45.8],[11.19916,45.8],[11.18912,45.81303],[11.2191,45.83272],[11.2209,45.84811],[11.23916,45.85614],[11.24432,45.87709],[11.2353,45.87825],[11.25507,45.88349],[11.24928,45.89941],[11.2599,45.90426],[11.25876,45.92012],[11.30282,45.91804],[11.29831,45.93174],[11.3008,45.93819],[11.30462,45.92662],[11.31328,45.93008],[11.31811,45.91965],[11.34966,45.9095],[11.34543,45.92109],[11.35817,45.9252],[11.35842,45.94354],[11.38245,45.94226],[11.37362,45.98347],[11.44683,45.98079],[11.48897,46.00842],[11.54826,46.01235],[11.57743,46.0068],[11.58759,45.96936],[11.62109,45.97147],[11.63,45.96918],[11.62783,45.96048],[11.68528,45.968],[11.68381,45.98379],[11.69012,45.98877],[11.66653,46.01708],[11.6819,46.02842],[11.66617,46.03616],[11.67932,46.04596],[11.70652,46.04586],[11.68642,46.06631],[11.68532,46.09357],[11.70363,46.09038],[11.71853,46.10328],[11.74105,46.10517],[11.75926,46.09454],[11.77302,46.10732],[11.81316,46.10208],[11.88421,46.11701],[11.9218,46.14934],[11.92856,46.17578],[11.95145,46.16958],[11.94976,46.18128],[11.96236,46.18785],[11.96263,46.19985],[11.93914,46.19914],[11.91162,46.2233],[11.92914,46.24883],[11.89202,46.25263],[11.88529,46.27881],[11.84769,46.27135],[11.82937,46.28812],[11.84218,46.30651],[11.8342,46.31081],[11.83209,46.32514],[11.80283,46.33307],[11.80137,46.34409],[11.774,46.35775],[11.79225,46.3677],[11.81514,46.36778],[11.82058,46.37662],[11.83617,46.36543],[11.83207,46.38719],[11.84997,46.43361],[11.87345,46.4339],[11.89056,46.444],[11.88797,46.4636],[11.87477,46.47293],[11.81219,46.48083],[11.9013,46.4976],[11.9031,46.5048],[11.8865,46.5176],[11.8995,46.5272],[11.9578,46.514],[11.9837,46.5258],[11.9988,46.5187],[11.999,46.53376],[12.04604,46.58385],[12.04862,46.5991],[12.3324,46.5991],[12.33788,46.6331],[12.35995,46.61937],[12.3851,46.62258],[12.38999,46.62752],[12.37797,46.637],[12.38007,46.6432],[12.40554,46.64259],[12.43401,46.66837],[12.47797,46.67987],[12.51601,46.67859],[12.56492,46.65179],[12.61975,46.66185],[12.64179,46.65193],[12.66562,46.6579],[12.7,46.65133],[12.7,46.5406],[12.6306,46.51212],[12.63014,46.50107],[12.65353,46.48515],[12.66161,46.46782],[12.62417,46.47519],[12.60629,46.46401],[12.56933,46.47661],[12.53993,46.45629],[12.53079,46.46465],[12.53094,46.44843],[12.51417,46.44639],[12.49442,46.42654],[12.49926,46.41251],[12.46834,46.38986],[12.45501,46.39155],[12.46328,46.36939],[12.45146,46.37058],[12.45491,46.36482],[12.42855,46.35167],[12.41768,46.35479],[12.42087,46.34222],[12.40952,46.3301],[12.37733,46.33108],[12.35304,46.31883],[12.35613,46.29365],[12.32966,46.28398],[12.32111,46.2686],[12.33813,46.23849],[12.37642,46.22277],[12.40189,46.22899],[12.4093,46.22168],[12.40039,46.21116],[12.40581,46.20711],[12.44642,46.20778],[12.44733,46.17999],[12.4964,46.15189],[12.49694,46.12996],[12.48443,46.10424],[12.43734,46.08481],[12.39909,46.04128],[12.41542,46.02668],[12.42837,45.99537],[12.42591,45.9475],[12.45428,45.94762],[12.46493,45.94076],[12.46267,45.93326],[12.506,45.92233],[12.50913,45.9097],[12.52363,45.90341],[12.50746,45.89799],[12.5217,45.88456],[12.53376,45.88524],[12.52859,45.87732],[12.53701,45.86836],[12.52939,45.86386],[12.54951,45.86097],[12.54977,45.84996],[12.55883,45.84706],[12.54998,45.83922],[12.55376,45.82951],[12.56117,45.82559],[12.56597,45.83179],[12.59309,45.81514],[12.59435,45.83117],[12.60708,45.83864],[12.61634,45.82917],[12.63174,45.82985],[12.63512,45.81715],[12.64789,45.8197],[12.65282,45.8]],[[11.53168,45.88237],[11.53174,45.88233],[11.53179,45.88233],[11.53168,45.88237]],[[11.83931,46.30952],[11.83964,46.30952],[11.83954,46.30959],[11.83931,46.30952]]],[[[10.81066,45.8001],[10.8427,45.83181],[10.88771,45.81128],[10.87685,45.8],[10.81066,45.8001]]],[[[12.68472,45.80095],[12.69922,45.80877],[12.7,45.81149],[12.7,45.8],[12.68472,45.80095]]]]}},{"type":"Feature","properties":{"source":"swisstopo-geocover","attribution":"Federal Office of Topography swisstopo - GeoCover (modified)","license":"swisstopo terms of use for free geodata (OGD)","scale":"1:25,000","scale_denominator":25000,"label":"interpreted"},"geometry":{"type":"MultiPolygon","coordinates":[[[[10.3,46.92321],[10.31607,46.92518],[10.30828,46.94844],[10.32782,46.95397],[10.34646,46.98959],[10.37212,46.99071],[10.38916,47.00052],[10.42685,46.97539],[10.42211,46.96021],[10.48685,46.93865],[10.48622,46.91545],[10.46469,46.88427],[10.47181,46.84877],[10.4566,46.83019],[10.4494,46.74947],[10.43043,46.74997],[10.40033,46.73318],[10.41791,46.71764],[10.41604,46.70902],[10.38184,46.68465],[10.39239,46.67161],[10.40227,46.63682],[10.44608,46.64127],[10.49206,46.61539],[10.48449,46.60506],[10.48749,46.58936],[10.47225,46.54353],[10.4587,46.5416],[10.4529,46.53073],[10.4188,46.5513],[10.39698,46.544],[10.35109,46.55638],[10.3383,46.5429],[10.32547,46.55174],[10.3,46.55055],[10.3,46.92321]],[[10.36243,46.85975],[10.35547,46.85993],[10.36501,46.85968],[10.36243,46.85975]],[[10.38287,46.85922],[10.36973,46.85956],[10.38825,46.85908],[10.38287,46.85922]],[[10.34537,46.64408],[10.3458,46.64407],[10.34582,46.64407],[10.34537,46.64408]],[[10.34632,46.64406],[10.34596,46.64407],[10.34582,46.64407],[10.34632,46.64406]],[[10.31125,46.75303],[10.3032,46.75323],[10.32353,46.75272],[10.31125,46.75303]],[[10.31661,46.86091],[10.32372,46.86073],[10.32676,46.86066],[10.31661,46.86091]],[[10.35594,46.64381],[10.35654,46.64379],[10.35628,46.6438],[10.35594,46.64381]],[[10.43208,46.85795],[10.43562,46.85785],[10.43542,46.85786],[10.43208,46.85795]],[[10.39943,46.64266],[10.39968,46.64265],[10.40006,46.64265],[10.39943,46.64266]],[[10.39917,46.64267],[10.39941,46.64266],[10.39943,46.64266],[10.39917,46.64267]]]]}},{"type":"Feature","properties":{"source":"ispra-geologia-100k-inspire","attribution":"ISPRA - Servizio Geologico d'Italia, Carta Geologica d'Italia 1:100.000 (dataset INSPIRE) - CC BY 4.0 (modified)","license":"CC BY 4.0","scale":"1:100,000 (sheets surveyed 1880-1980)","scale_denominator":100000,"label":"interpreted"},"geometry":{"type":"MultiPolygon","coordinates":[[[[10.53122,45.8],[10.53236,45.80276],[10.53513,45.80144],[10.53122,45.8]]],[[[10.53375,45.80492],[10.53363,45.80505],[10.53372,45.80501],[10.53375,45.80492]]],[[[10.52401,45.8099],[10.52537,45.81111],[10.52531,45.80953],[10.52401,45.8099]]],[[[10.75638,45.83003],[10.77266,45.84292],[10.79171,45.8331],[10.82748,45.83718],[10.79414,45.81751],[10.78508,45.8],[10.5999,45.80184],[10.64421,45.80289],[10.65745,45.82253],[10.65362,45.83295],[10.67575,45.83047],[10.69946,45.8417],[10.71104,45.83607],[10.73558,45.84273],[10.75638,45.83003]]],[[[10.51882,46.15524],[10.51774,46.16022],[10.52462,46.15642],[10.51882,46.15524]]],[[[10.55704,46.15818],[10.55728,46.15846],[10.5572,46.15818],[10.55704,46.15818]]],[[[10.55888,46.17045],[10.56203,46.16595],[10.55227,46.16589],[10.55888,46.17045]]],[[[10.54753,46.38948],[10.53192,46.37196],[10.54049,46.37063],[10.5179,46.36465],[10.52933,46.36425],[10.53941,46.35483],[10.54196,46.35968],[10.53108,46.36419],[10.54078,46.36696],[10.5478,46.37722],[10.54436,46.36708],[10.56169,46.37487],[10.541,46.36413],[10.54396,46.35887],[10.54003,46.35476],[10.51951,46.35575],[10.51575,46.34137],[10.52732,46.34224],[10.56565,46.32635],[10.56455,46.31362],[10.57961,46.29883],[10.55976,46.28305],[10.5757,46.27568],[10.58577,46.24534],[10.56825,46.23372],[10.5704,46.22149],[10.54324,46.19105],[10.53743,46.19879],[10.54745,46.20112],[10.54582,46.22002],[10.53845,46.20008],[10.53214,46.20702],[10.53643,46.21601],[10.51567,46.20257],[10.51421,46.1893],[10.52042,46.18569],[10.51449,46.16588],[10.50888,46.17106],[10.51329,46.18386],[10.49933,46.17264],[10.49019,46.17985],[10.4867,46.17893],[10.48601,46.17764],[10.49487,46.16218],[10.50464,46.16351],[10.50101,46.16885],[10.5167,46.16387],[10.4995,46.16165],[10.48894,46.14901],[10.48652,46.15354],[10.48603,46.14827],[10.49449,46.1451],[10.50727,46.14821],[10.50059,46.13855],[10.51475,46.14367],[10.53041,46.13255],[10.53237,46.13593],[10.54004,46.13459],[10.54343,46.14941],[10.55477,46.15268],[10.54465,46.14167],[10.55115,46.12451],[10.54143,46.10303],[10.48098,46.0563],[10.48474,46.02462],[10.48207,46.02125],[10.47085,46.02109],[10.45832,46.01043],[10.45297,45.98963],[10.45361,45.97643],[10.48872,45.97178],[10.48474,45.94512],[10.50879,45.92336],[10.5079,45.90526],[10.49223,45.89733],[10.49031,45.88469],[10.50432,45.87427],[10.5079,45.84103],[10.50232,45.83028],[10.50805,45.82362],[10.52913,45.82662],[10.54308,45.81483],[10.52668,45.80624],[10.53398,45.81173],[10.51596,45.81335],[10.50568,45.8],[10.45306,45.8],[10.3,45.8],[10.3,46.00185],[10.3,46.52459],[10.31957,46.51823],[10.3,46.53362],[10.3,46.54959],[10.32547,46.55174],[10.3323,46.54775],[10.3323,46.3991],[10.42578,46.3992],[10.42016,46.38985],[10.45078,46.38541],[10.44307,46.39699],[10.43435,46.39404],[10.43661,46.3992],[10.45307,46.396],[10.54277,46.39634],[10.52465,46.38493],[10.53217,46.37997],[10.53923,46.39128],[10.54753,46.38948]],[[10.45589,46.35644],[10.45308,46.35369],[10.45646,46.35332],[10.45589,46.35644]],[[10.47313,46.18969],[10.46933,46.19158],[10.47075,46.18539],[10.47313,46.18969]],[[10.48955,46.15896],[10.48058,46.16387],[10.47406,46.15675],[10.48955,46.15896]],[[10.42894,46.10842],[10.42996,46.11023],[10.42811,46.1089],[10.42894,46.10842]],[[10.30307,45.99112],[10.30569,45.98938],[10.30374,45.99193],[10.30307,45.99112]],[[10.31432,45.85864],[10.31342,45.85845],[10.31443,45.85689],[10.31432,45.85864]],[[10.30439,46.241],[10.3047,46.24191],[10.30186,46.24188],[10.30439,46.241]],[[10.30541,46.40604],[10.30691,46.40596],[10.30725,46.4074],[10.30541,46.40604]],[[10.3169,46.51334],[10.31341,46.51083],[10.31617,46.51037],[10.3169,46.51334]],[[10.36519,46.00177],[10.37323,46.00176],[10.37418,46.00176],[10.36519,46.00177]],[[10.37901,46.0398],[10.37939,46.04001],[10.37819,46.04068],[10.37901,46.0398]],[[10.36123,45.85368],[10.35793,45.855],[10.36084,45.85331],[10.36123,45.85368]],[[10.36514,45.85196],[10.36509,45.85331],[10.36432,45.85179],[10.36514,45.85196]],[[10.37978,45.84935],[10.37909,45.84992],[10.37794,45.84865],[10.37978,45.84935]],[[10.41367,45.88264],[10.41178,45.88295],[10.41347,45.88201],[10.41367,45.88264]],[[10.4189,45.88466],[10.41994,45.88535],[10.41799,45.88533],[10.4189,45.88466]],[[10.42871,46.04976],[10.43687,46.04376],[10.45705,46.04664],[10.44174,46.04987],[10.42871,46.04976]],[[10.43822,45.95922],[10.43583,45.95627],[10.44273,45.95719],[10.43822,45.95922]],[[10.40699,45.93165],[10.40798,45.93156],[10.40801,45.93328],[10.40699,45.93165]],[[10.44166,46.18507],[10.44553,46.185],[10.44895,46.18609],[10.44166,46.18507]],[[10.44934,46.18165],[10.44572,46.18247],[10.44827,46.18084],[10.44934,46.18165]],[[10.44244,46.17567],[10.44402,46.1748],[10.44539,46.17768],[10.44244,46.17567]],[[10.44729,46.17382],[10.4458,46.17342],[10.44576,46.17205],[10.44729,46.17382]],[[10.46113,46.15254],[10.45304,46.15301],[10.4569,46.15079],[10.46113,46.15254]],[[10.43714,46.16331],[10.43618,46.16427],[10.43509,46.16328],[10.43714,46.16331]],[[10.43591,46.14894],[10.43411,46.15006],[10.42552,46.1432],[10.43591,46.14894]],[[10.42356,46.11581],[10.42363,46.11423],[10.42563,46.11687],[10.42356,46.11581]],[[10.42357,46.16985],[10.42332,46.17376],[10.42227,46.1731],[10.42357,46.16985]],[[10.42611,46.16387],[10.42006,46.16329],[10.42373,46.16103],[10.42611,46.16387]],[[10.42914,46.17969],[10.42831,46.1734],[10.44076,46.17489],[10.43378,46.17574],[10.43126,46.17935],[10.4417,46.17688],[10.43591,46.17973],[10.42914,46.17969]],[[10.44191,46.17998],[10.43634,46.18092],[10.44074,46.17897],[10.44191,46.17998]],[[10.42411,46.16674],[10.42752,46.16776],[10.4263,46.16818],[10.42411,46.16674]],[[10.43622,46.17153],[10.44567,46.17009],[10.44089,46.17335],[10.43622,46.17153]],[[10.42238,46.16705],[10.42232,46.16786],[10.41889,46.16724],[10.42238,46.16705]],[[10.44538,46.16482],[10.443,46.16656],[10.44273,46.16505],[10.44538,46.16482]],[[10.44254,46.20191],[10.44374,46.20165],[10.44807,46.2064],[10.44254,46.20191]],[[10.43444,45.94346],[10.43299,45.94367],[10.43446,45.94329],[10.43444,45.94346]],[[10.44281,45.99855],[10.44254,45.99772],[10.44436,45.99818],[10.44281,45.99855]],[[10.44218,46.15362],[10.44052,46.15272],[10.4419,46.15283],[10.44218,46.15362]],[[10.44139,46.15754],[10.44372,46.15841],[10.44209,46.15992],[10.44139,46.15754]],[[10.45934,46.09426],[10.45761,46.09636],[10.45822,46.09378],[10.45934,46.09426]],[[10.47146,46.0247],[10.48256,46.02317],[10.47772,46.02607],[10.47146,46.0247]],[[10.44865,46.15183],[10.4463,46.15159],[10.4479,46.15094],[10.44865,46.15183]],[[10.45453,46.15899],[10.45486,46.15731],[10.45862,46.15857],[10.45453,46.15899]],[[10.47062,46.15568],[10.46885,46.16044],[10.46979,46.15552],[10.47062,46.15568]],[[10.45347,46.13297],[10.45714,46.13179],[10.45359,46.13322],[10.45347,46.13297]],[[10.44734,46.34995],[10.43826,46.34649],[10.4359,46.34144],[10.44504,46.3425],[10.44734,46.34995]],[[10.44215,46.3191],[10.44602,46.32081],[10.44125,46.32251],[10.44215,46.3191]],[[10.43693,46.31632],[10.44125,46.31639],[10.43917,46.3195],[10.43693,46.31632]],[[10.39889,45.86862],[10.3975,45.86903],[10.3975,45.86764],[10.39889,45.86862]],[[10.48138,46.13234],[10.47982,46.13245],[10.48088,46.131],[10.48138,46.13234]],[[10.51688,46.36103],[10.5253,46.35765],[10.52852,46.36275],[10.52708,46.36338],[10.51688,46.36103]],[[10.51834,46.35573],[10.51665,46.35853],[10.51765,46.35523],[10.51834,46.35573]],[[10.50561,46.33917],[10.51212,46.33777],[10.50722,46.34149],[10.50561,46.33917]],[[10.53273,46.33492],[10.54385,46.33491],[10.5447,46.33491],[10.53273,46.33492]],[[10.51495,46.14086],[10.5143,46.13935],[10.51656,46.14026],[10.51495,46.14086]],[[10.52383,46.13005],[10.52205,46.13287],[10.51954,46.12905],[10.52383,46.13005]],[[10.51453,46.34545],[10.51778,46.35329],[10.50746,46.34846],[10.51453,46.34545]],[[10.47715,46.19787],[10.47041,46.1998],[10.47296,46.19251],[10.47715,46.19787]],[[10.46991,46.2464],[10.47107,46.24315],[10.47307,46.24481],[10.46991,46.2464]],[[10.46923,46.35582],[10.46658,46.36002],[10.46733,46.35574],[10.46923,46.35582]],[[10.45794,46.35481],[10.46107,46.35206],[10.46051,46.35794],[10.45794,46.35481]],[[10.48694,46.10532],[10.48335,46.10461],[10.4866,46.10478],[10.48694,46.10532]],[[10.48316,46.13675],[10.4889,46.14357],[10.48315,46.13906],[10.48316,46.13675]],[[10.48971,46.16284],[10.48764,46.16601],[10.48247,46.1639],[10.48971,46.16284]],[[10.53446,46.10267],[10.5374,46.10294],[10.53659,46.10509],[10.53446,46.10267]],[[10.54722,46.1185],[10.54589,46.11983],[10.54618,46.11763],[10.54722,46.1185]],[[10.5071,46.20592],[10.50815,46.20078],[10.51157,46.20384],[10.5071,46.20592]],[[10.55652,46.22187],[10.55473,46.21787],[10.56244,46.21886],[10.55652,46.22187]],[[10.47617,46.17497],[10.47264,46.17556],[10.47221,46.17349],[10.47617,46.17497]],[[10.47431,46.20374],[10.47341,46.20357],[10.47443,46.20136],[10.47431,46.20374]],[[10.47132,46.17164],[10.4704,46.17159],[10.47112,46.17011],[10.47132,46.17164]],[[10.4965,46.25586],[10.49833,46.25587],[10.49805,46.25714],[10.4965,46.25586]],[[10.53819,46.13463],[10.53686,46.13488],[10.53424,46.13274],[10.53819,46.13463]],[[10.55554,46.25373],[10.56393,46.25477],[10.5558,46.25423],[10.55554,46.25373]],[[10.56285,46.26364],[10.56075,46.26356],[10.56276,46.26318],[10.56285,46.26364]],[[10.53454,46.37895],[10.53119,46.37825],[10.53452,46.37839],[10.53454,46.37895]],[[10.49849,45.90581],[10.49117,45.90764],[10.49008,45.90668],[10.49252,45.90518],[10.49757,45.90498],[10.49849,45.90581]]],[[[10.5296,46.17644],[10.5299,46.17626],[10.52769,46.17547],[10.5296,46.17644]]],[[[10.4888,46.1787],[10.48926,46.17853],[10.48724,46.17799],[10.4888,46.1787]]],[[[10.55161,46.18058],[10.53892,46.1781],[10.52902,46.18684],[10.55161,46.18058]]],[[[10.52207,46.18672],[10.523,46.18782],[10.5251,46.18667],[10.52207,46.18672]]],[[[10.56576,46.37978],[10.58151,46.37945],[10.56319,46.37574],[10.56576,46.37978]]],[[[10.60039,46.37861],[10.59918,46.37717],[10.58674,46.37775],[10.59229,46.37806],[10.60039,46.37861]]],[[[10.55858,46.37982],[10.55947,46.37857],[10.55881,46.37828],[10.55858,46.37982]]],[[[10.60318,46.37923],[10.60328,46.37991],[10.60741,46.3793],[10.60318,46.37923]]],[[[10.56379,46.38138],[10.56463,46.38059],[10.56371,46.38009],[10.56379,46.38138]]],[[[10.59738,46.38181],[10.59919,46.38041],[10.59756,46.38054],[10.59738,46.38181]]],[[[10.55876,46.38143],[10.55748,46.38222],[10.55848,46.3831],[10.55876,46.38143]]],[[[10.54385,46.38445],[10.54683,46.38634],[10.54872,46.3788],[10.54385,46.38445]]],[[[10.5639,46.38248],[10.56528,46.38453],[10.5674,46.38221],[10.5639,46.38248]]],[[[10.55687,46.38375],[10.55338,46.38375],[10.55581,46.38655],[10.55687,46.38375]]],[[[10.56299,46.38663],[10.56161,46.38507],[10.56194,46.38665],[10.56299,46.38663]]],[[[10.61445,46.38944],[10.60915,46.38241],[10.61307,46.38937],[10.61445,46.38944]]],[[[10.54989,46.38744],[10.55125,46.38601],[10.54951,46.38576],[10.54989,46.38744]]],[[[10.55838,46.38758],[10.56126,46.38822],[10.55989,46.38597],[10.55838,46.38758]]],[[[10.57797,46.38989],[10.57835,46.38671],[10.5757,46.385],[10.57797,46.38989]]],[[[10.54958,46.38946],[10.55442,46.38893],[10.5516,46.38777],[10.54958,46.38946]]],[[[10.59988,46.38808],[10.60022,46.3932],[10.60691,46.38771],[10.59988,46.38808]]],[[[10.59663,46.38909],[10.59264,46.39571],[10.59258,46.39637],[10.59892,46.39645],[10.59663,46.38909]]],[[[10.61952,46.39752],[10.62179,46.39587],[10.61547,46.38832],[10.61952,46.39752]]],[[[10.55373,46.39554],[10.55406,46.39407],[10.5533,46.39397],[10.55373,46.39554]]],[[[10.55158,46.39685],[10.54808,46.39431],[10.54902,46.39751],[10.55158,46.39685]]],[[[10.54596,46.39703],[10.54622,46.39541],[10.54404,46.39603],[10.54596,46.39703]]],[[[10.56991,46.39656],[10.56843,46.39544],[10.56853,46.39714],[10.56991,46.39656]]],[[[10.55322,46.39708],[10.55655,46.3992],[10.56885,46.3992],[10.56192,46.39358],[10.55322,46.39708]],[[10.56215,46.39755],[10.56325,46.39887],[10.5573,46.39781],[10.56215,46.39755]]],[[[10.61116,46.3948],[10.60892,46.3992],[10.61476,46.39367],[10.61116,46.3948]]],[[[10.62642,46.39903],[10.62258,46.39753],[10.62158,46.39863],[10.62642,46.39903]]],[[[10.44788,46.39903],[10.44567,46.3992],[10.45049,46.3992],[10.44788,46.39903]]],[[[10.4529,46.5304],[10.45251,46.53089],[10.4529,46.53073],[10.4529,46.5304]]],[[[10.45869,46.53759],[10.45876,46.53824],[10.4588,46.5379],[10.45869,46.53759]]],[[[10.45891,46.53961],[10.459,46.54031],[10.459,46.5402],[10.45891,46.53961]]],[[[10.4333,46.5415],[10.4332,46.5416],[10.43339,46.54147],[10.4333,46.5415]]],[[[10.4719,46.54566],[10.472,46.5454],[10.4723,46.5435],[10.4708,46.5423],[10.4598,46.5413],[10.47225,46.54353],[10.4719,46.54566]]],[[[10.39698,46.544],[10.3966,46.544],[10.39611,46.54433],[10.39698,46.544]]],[[[10.33779,46.54308],[10.3369,46.5434],[10.33461,46.54578],[10.33779,46.54308]]],[[[10.39533,46.54462],[10.39581,46.54444],[10.3948,46.5447],[10.39533,46.54462]]],[[[10.40423,46.54681],[10.3995,46.5446],[10.39728,46.544],[10.40423,46.54681]]],[[[10.39226,46.54577],[10.39259,46.54564],[10.3924,46.5457],[10.39226,46.54577]]],[[[10.41945,46.55088],[10.4332,46.5416],[10.4248,46.5466],[10.41945,46.55088]]],[[[10.38826,46.54727],[10.3886,46.54714],[10.3886,46.5471],[10.38826,46.54727]]],[[[10.40651,46.54773],[10.40772,46.54822],[10.407,46.5478],[10.40651,46.54773]]],[[[10.3495,46.5498],[10.34843,46.5493],[10.34933,46.55103],[10.3495,46.5498]]],[[[10.4156,46.5508],[10.41432,46.55088],[10.41443,46.55093],[10.4156,46.5508]]],[[[10.47137,46.54856],[10.47133,46.54867],[10.47599,46.55487],[10.47137,46.54856]]],[[[10.37457,46.5524],[10.36728,46.55466],[10.37243,46.5532],[10.37457,46.5524]]],[[[10.35369,46.55582],[10.35719,46.55573],[10.3564,46.5554],[10.35369,46.55582]]],[[[10.35077,46.55629],[10.35181,46.55611],[10.35119,46.55508],[10.35077,46.55629]]],[[[10.47737,46.55774],[10.47667,46.55911],[10.4769,46.5588],[10.47737,46.55774]]],[[[10.47499,46.56605],[10.4752,46.5657],[10.47456,46.56452],[10.47499,46.56605]]],[[[10.4771,46.5682],[10.47545,46.56707],[10.4774,46.57092],[10.4771,46.5682]]],[[[10.47783,46.57171],[10.47774,46.57159],[10.47776,46.57163],[10.47783,46.57171]]],[[[10.4788,46.5722],[10.47795,46.57181],[10.47941,46.57302],[10.4788,46.5722]]],[[[10.48458,46.57732],[10.4845,46.577],[10.48365,46.57655],[10.48458,46.57732]]],[[[10.48403,46.57933],[10.4841,46.5792],[10.48411,46.57912],[10.48403,46.57933]]],[[[10.48667,46.58759],[10.48418,46.58221],[10.48414,46.58214],[10.48667,46.58759]]],[[[10.48682,46.58993],[10.4875,46.5895],[10.4873,46.58895],[10.48682,46.58993]]],[[[10.4872,46.5978],[10.487,46.5968],[10.48631,46.59618],[10.4872,46.5978]]],[[[10.71295,46.84147],[10.71345,46.82842],[10.68562,46.82411],[10.7099,46.81802],[10.70483,46.80483],[10.70087,46.81493],[10.6962,46.80837],[10.69045,46.81507],[10.68213,46.80212],[10.68006,46.81222],[10.67074,46.80403],[10.67274,46.81177],[10.6633,46.81406],[10.64816,46.80414],[10.67046,46.80342],[10.67625,46.79709],[10.66003,46.78991],[10.67133,46.79163],[10.67804,46.78257],[10.68319,46.78992],[10.69904,46.78913],[10.68999,46.7937],[10.70604,46.80033],[10.70153,46.79367],[10.70442,46.78757],[10.69341,46.77863],[10.69637,46.77565],[10.70464,46.78257],[10.73255,46.78321],[10.755,46.77551],[10.76226,46.77922],[10.7439,46.7889],[10.73275,46.7842],[10.72997,46.79193],[10.78588,46.78887],[10.78566,46.79766],[10.79716,46.78599],[10.7979,46.77286],[10.8135,46.77896],[10.83311,46.7718],[10.83947,46.78202],[10.83781,46.77207],[10.84826,46.77297],[10.84585,46.78091],[10.88132,46.76674],[10.8671,46.75834],[10.88319,46.76583],[10.89052,46.7632],[10.87693,46.75968],[10.89175,46.74307],[10.90002,46.76399],[10.90993,46.76851],[10.91049,46.77209],[10.91772,46.77692],[11.01076,46.77096],[10.999,46.7676],[10.999,46.5991],[10.48741,46.5992],[10.49165,46.61734],[10.44642,46.64289],[10.40494,46.63767],[10.38706,46.68443],[10.41779,46.71499],[10.40118,46.73357],[10.43062,46.74996],[10.4494,46.74947],[10.4526,46.80615],[10.4762,46.8555],[10.50605,46.85009],[10.50605,46.8393],[10.50908,46.85004],[10.5506,46.84875],[10.55646,46.84155],[10.59577,46.85837],[10.65171,46.86723],[10.66896,46.87961],[10.69763,46.86326],[10.69382,46.8534],[10.70628,46.84789],[10.6973,46.83879],[10.7153,46.8475],[10.74116,46.82679],[10.71295,46.84147]],[[10.71675,46.76736],[10.72434,46.76756],[10.7326,46.77906],[10.72075,46.77482],[10.71675,46.76736]],[[10.45987,46.66827],[10.47733,46.66828],[10.4589,46.66827],[10.45987,46.66827]],[[10.42075,46.66829],[10.44446,46.66827],[10.44334,46.66828],[10.42075,46.66829]],[[10.5198,46.64021],[10.52297,46.64114],[10.52115,46.64384],[10.5198,46.64021]],[[10.58577,46.66833],[10.58187,46.66832],[10.58871,46.66833],[10.58577,46.66833]],[[10.64539,46.6684],[10.66118,46.66842],[10.62701,46.66838],[10.64539,46.6684]],[[10.59255,46.66834],[10.59148,46.66834],[10.58949,46.66833],[10.59255,46.66834]],[[10.66483,46.66842],[10.66811,46.66843],[10.66215,46.66842],[10.66483,46.66842]],[[10.70309,46.66845],[10.69835,46.66845],[10.69197,46.66844],[10.70309,46.66845]],[[10.67933,46.68198],[10.68413,46.68551],[10.68294,46.68672],[10.67933,46.68198]],[[10.72818,46.70387],[10.73193,46.71164],[10.7288,46.71187],[10.72818,46.70387]],[[10.6825,46.70176],[10.67613,46.70141],[10.67871,46.69629],[10.6825,46.70176]],[[10.68651,46.69537],[10.68923,46.69749],[10.68503,46.69736],[10.68651,46.69537]],[[10.96924,46.6683],[10.95311,46.66826],[10.9953,46.66835],[10.96924,46.6683]],[[10.93826,46.66829],[10.93603,46.66829],[10.95311,46.66826],[10.93826,46.66829]],[[10.67284,46.78346],[10.66621,46.78068],[10.67275,46.77811],[10.67284,46.78346]],[[10.68214,46.77171],[10.673,46.77564],[10.67359,46.76918],[10.68214,46.77171]],[[10.7213,46.72646],[10.72339,46.72626],[10.70947,46.73636],[10.7213,46.72646]],[[10.72723,46.7481],[10.75072,46.75708],[10.72011,46.7511],[10.73206,46.73708],[10.73657,46.74381],[10.74948,46.74354],[10.72723,46.7481]],[[10.75298,46.72987],[10.75003,46.73631],[10.73952,46.7416],[10.73522,46.73127],[10.75298,46.72987]],[[10.72762,46.72324],[10.73363,46.72727],[10.7223,46.73828],[10.72762,46.72324]],[[10.7426,46.77222],[10.74875,46.77013],[10.74524,46.77591],[10.7426,46.77222]],[[10.74568,46.73995],[10.74857,46.74072],[10.74753,46.74208],[10.74568,46.73995]],[[10.73105,46.77391],[10.73201,46.76809],[10.74309,46.76729],[10.73105,46.77391]],[[10.72994,46.75562],[10.73393,46.7615],[10.72827,46.76809],[10.7225,46.76281],[10.72994,46.75562]],[[10.65369,46.75499],[10.66668,46.75427],[10.67304,46.76163],[10.67001,46.76775],[10.66864,46.75969],[10.65369,46.75499]],[[10.68499,46.85772],[10.68078,46.8566],[10.6884,46.85509],[10.68499,46.85772]],[[10.77428,46.66844],[10.77696,46.66843],[10.78148,46.66843],[10.77428,46.66844]],[[10.92136,46.75679],[10.90653,46.76605],[10.90083,46.75968],[10.92136,46.75679]],[[10.93005,46.77453],[10.92383,46.7744],[10.92466,46.76358],[10.92648,46.76942],[10.93005,46.77453]],[[10.9134,46.76666],[10.91825,46.76482],[10.91756,46.76988],[10.9134,46.76666]]],[[[10.71456,46.79088],[10.7217,46.79202],[10.71944,46.7869],[10.71456,46.79088]]],[[[10.68076,46.79748],[10.68441,46.79477],[10.68019,46.79725],[10.68076,46.79748]]],[[[10.70581,46.79678],[10.70796,46.79667],[10.7077,46.79556],[10.70581,46.79678]]],[[[10.7321,46.79347],[10.72518,46.79515],[10.7221,46.80055],[10.73086,46.804],[10.7321,46.79347]]],[[[10.74179,46.80607],[10.74145,46.80743],[10.74602,46.80731],[10.74179,46.80607]]],[[[10.73095,46.8093],[10.73445,46.80938],[10.73295,46.80709],[10.73095,46.8093]]],[[[10.73425,46.8136],[10.73194,46.81432],[10.73254,46.8164],[10.73425,46.8136]]],[[[10.71805,46.82194],[10.72468,46.81936],[10.72178,46.8085],[10.71805,46.82194]]],[[[10.72728,46.82682],[10.71697,46.82978],[10.71847,46.83209],[10.72728,46.82682]]],[[[10.87703,45.80037],[10.87705,45.80031],[10.87703,45.8003],[10.87703,45.80037]]],[[[10.87702,45.80128],[10.87701,45.80126],[10.877,45.80132],[10.87702,45.80128]]],[[[10.87717,45.80321],[10.87897,45.80474],[10.87914,45.80467],[10.87717,45.80321]]],[[[10.87969,45.80516],[10.87958,45.80516],[10.87976,45.80527],[10.87969,45.80516]]],[[[10.87994,45.8053],[10.87979,45.80529],[10.87996,45.80538],[10.87994,45.8053]]],[[[10.88784,45.81116],[10.88697,45.81058],[10.88771,45.81128],[10.88784,45.81116]]],[[[10.88725,45.81192],[10.88718,45.812],[10.88727,45.81198],[10.88725,45.81192]]],[[[10.88664,45.81259],[10.88696,45.81251],[10.88702,45.81217],[10.88664,45.81259]]],[[[10.88357,45.81699],[10.87639,45.81963],[10.87787,45.8192],[10.88357,45.81699]]],[[[10.8557,45.82737],[10.85609,45.82757],[10.86564,45.82399],[10.8557,45.82737]]],[[[11.18413,46.22585],[11.184,46.2263],[11.1852,46.2272],[11.18862,46.22635],[11.18413,46.22585]]],[[[11.17914,46.22903],[11.1797,46.2287],[11.18047,46.22813],[11.17914,46.22903]]],[[[11.1779,46.2299],[11.17799,46.22981],[11.17773,46.22998],[11.1779,46.2299]]],[[[11.1776,46.2301],[11.17768,46.23002],[11.17745,46.23017],[11.1776,46.2301]]],[[[11.17706,46.23044],[11.17689,46.23055],[11.177,46.2305],[11.17706,46.23044]]],[[[11.17658,46.23076],[11.17557,46.23223],[11.1758,46.2321],[11.17658,46.23076]]],[[[11.17557,46.23223],[11.17501,46.2325],[11.1752,46.2325],[11.17557,46.23223]]],[[[11.1749,46.2326],[11.17499,46.23251],[11.17459,46.2327],[11.1749,46.2326]]],[[[11.17448,46.23276],[11.17527,46.23463],[11.1754,46.2335],[11.17448,46.23276]]],[[[11.17443,46.23467],[11.17417,46.2348],[11.1743,46.2348],[11.17443,46.23467]]],[[[11.17386,46.23504],[11.1741,46.2349],[11.17398,46.2349],[11.17386,46.23504]]],[[[11.17372,46.2352],[11.1738,46.2352],[11.1738,46.23511],[11.17372,46.2352]]],[[[11.17367,46.23526],[11.17349,46.23547],[11.1735,46.2356],[11.17367,46.23526]]],[[[11.17314,46.23601],[11.17303,46.2363],[11.1731,46.2363],[11.17314,46.23601]]],[[[11.17265,46.23685],[11.1727,46.2369],[11.1729,46.2365],[11.17265,46.23685]]],[[[11.1914,46.2458],[11.19136,46.24585],[11.19144,46.2458],[11.1914,46.2458]]],[[[11.1912,46.2459],[11.19112,46.24598],[11.19126,46.2459],[11.1912,46.2459]]],[[[11.19044,46.24663],[11.19099,46.24606],[11.1907,46.2462],[11.19044,46.24663]]],[[[11.19,46.24713],[11.19028,46.24682],[11.19,46.2471],[11.19,46.24713]]],[[[11.1898,46.24743],[11.18994,46.2472],[11.1898,46.2473],[11.1898,46.24743]]],[[[11.1897,46.24786],[11.18974,46.24756],[11.1897,46.2476],[11.1897,46.24786]]],[[[11.18982,46.24882],[11.18978,46.24874],[11.1897,46.2487],[11.18982,46.24882]]],[[[11.1899,46.24896],[11.1899,46.249],[11.18995,46.24905],[11.1899,46.24896]]],[[[11.18999,46.24914],[11.1898,46.2498],[11.18987,46.2503],[11.18999,46.24914]]],[[[11.18537,46.25233],[11.18593,46.25259],[11.18644,46.25271],[11.18462,46.2519],[11.18537,46.25233]]],[[[11.17531,46.2592],[11.1986,46.2598],[11.20202,46.25668],[11.19794,46.25966],[11.19419,46.25773],[11.19167,46.25749],[11.17531,46.2592]]],[[[11.17529,46.2592],[11.17466,46.25926],[11.1747,46.2593],[11.17529,46.2592]]],[[[11.16679,46.26229],[11.16757,46.26216],[11.1673,46.2622],[11.16679,46.26229]]],[[[11.15072,46.27898],[11.15344,46.27513],[11.15276,46.27568],[11.15072,46.27898]]],[[[11.1501,46.27973],[11.14701,46.281],[11.149,46.2806],[11.1498,46.2801],[11.1501,46.27973]]],[[[11.13914,46.28379],[11.13917,46.28438],[11.14338,46.28848],[11.14524,46.28831],[11.13989,46.28285],[11.13914,46.28379]]],[[[11.15368,46.2897],[11.1524,46.2885],[11.1497,46.2879],[11.14557,46.28787],[11.14715,46.28867],[11.15154,46.2885],[11.15244,46.2896],[11.15351,46.28979],[11.15368,46.2897]]],[[[11.15553,46.2895],[11.1562,46.28955],[11.1562,46.2895],[11.15553,46.2895]]],[[[11.1586,46.2894],[11.16116,46.29151],[11.1606,46.2897],[11.1586,46.2894]]],[[[11.16172,46.29165],[11.16148,46.29163],[11.16166,46.29172],[11.16172,46.29165]]],[[[11.16309,46.29258],[11.16273,46.29204],[11.16263,46.29246],[11.16309,46.29258]]],[[[11.16317,46.29342],[11.1633,46.29426],[11.1633,46.2937],[11.16317,46.29342]]],[[[11.1634,46.29491],[11.16383,46.29595],[11.1635,46.2951],[11.1634,46.29491]]],[[[11.16908,46.29898],[11.1681,46.2975],[11.16657,46.29804],[11.16815,46.29891],[11.16908,46.29898]]],[[[11.177,46.3021],[11.1727,46.2998],[11.16934,46.29912],[11.17792,46.30504],[11.177,46.3021]]],[[[11.17999,46.31104],[11.18121,46.31181],[11.17736,46.30535],[11.17999,46.31104]]],[[[11.1821,46.3126],[11.18187,46.31237],[11.18213,46.31269],[11.1821,46.3126]]],[[[11.18288,46.3134],[11.1862,46.32068],[11.18826,46.32025],[11.184,46.3138],[11.18288,46.3134]]],[[[11.18874,46.32661],[11.19038,46.32297],[11.18836,46.32589],[11.18874,46.32661]]],[[[11.192,46.3602],[11.19159,46.35967],[11.19219,46.36117],[11.192,46.3602]]],[[[11.19331,46.36466],[11.19224,46.3613],[11.19302,46.36431],[11.19331,46.36466]]],[[[10.90598,46.76966],[10.90514,46.7703],[10.90823,46.77043],[10.90598,46.76966]]],[[[11.0109,46.771],[11.01088,46.771],[11.01091,46.77101],[11.0109,46.771]]],[[[10.89957,46.77086],[10.89833,46.77081],[10.89899,46.7718],[10.89957,46.77086]]],[[[11.0156,46.77076],[11.02403,46.76865],[11.02555,46.77535],[11.03561,46.79501],[11.0436,46.8024],[11.0357,46.7931],[11.0251,46.7671],[11.0156,46.77076]]],[[[11.07408,46.82182],[11.0832,46.8232],[11.0577,46.8085],[11.0425,46.80801],[11.05696,46.81047],[11.07408,46.82182]]],[[[10.7442,46.81868],[10.7529,46.81694],[10.75186,46.81389],[10.74977,46.81392],[10.7442,46.81868]]],[[[11.1171,46.8305],[11.117,46.8307],[11.1171,46.8306],[11.1171,46.8305]]],[[[11.1169,46.8308],[11.117,46.8308],[11.117,46.8307],[11.1169,46.8308]]],[[[11.1163,46.8309],[11.1163,46.831],[11.1164,46.831],[11.1163,46.8309]]],[[[11.1163,46.8321],[11.1162,46.8319],[11.1161,46.8319],[11.1163,46.8321]]],[[[11.117,46.8333],[11.117,46.8332],[11.1169,46.8332],[11.117,46.8333]]],[[[11.07089,46.83948],[11.07083,46.84111],[11.07164,46.84113],[11.07089,46.83948]]],[[[11.0735,46.84666],[11.07378,46.84876],[11.0741,46.848],[11.0735,46.84666]]],[[[11.1016,46.8899],[11.07162,46.85412],[11.09051,46.88274],[11.1016,46.8899]]],[[[11.09715,46.89673],[11.0992,46.89993],[11.0992,46.8971],[11.09715,46.89673]]],[[[11.09916,46.90137],[11.09911,46.90144],[11.0992,46.9014],[11.09916,46.90137]]],[[[11.09519,46.90841],[11.0953,46.9104],[11.0956,46.9088],[11.09519,46.90841]]],[[[11.11079,46.92229],[11.109,46.9162],[11.09594,46.91422],[11.10944,46.91834],[11.11079,46.92229]]],[[[11.1684,46.9447],[11.15,46.9317],[11.1303,46.9282],[11.10979,46.92832],[11.11636,46.93397],[11.13884,46.93035],[11.1684,46.9447]]],[[[11.16454,46.96265],[11.1646,46.96309],[11.1646,46.9629],[11.16454,46.96265]]],[[[11.17423,46.9652],[11.16455,46.96565],[11.17123,46.96664],[11.17423,46.9652]]],[[[11.17952,46.96676],[11.17911,46.96577],[11.17482,46.96511],[11.17952,46.96676]]],[[[11.19112,45.81675],[11.1978,45.81836],[11.18912,45.81303],[11.19248,45.80213],[11.18886,45.81358],[11.19112,45.81675]]],[[[11.19784,45.82166],[11.19782,45.82038],[11.19776,45.82062],[11.19784,45.82166]]],[[[11.20358,45.82716],[11.20112,45.82589],[11.20289,45.82704],[11.20358,45.82716]]],[[[11.21091,45.82947],[11.21134,45.8296],[11.21094,45.82946],[11.21091,45.82947]]],[[[11.21901,45.83332],[11.21899,45.83344],[11.21913,45.83298],[11.21901,45.83332]]],[[[11.21846,45.83533],[11.21849,45.83522],[11.21847,45.83525],[11.21846,45.83533]]],[[[11.22006,45.83853],[11.21998,45.83841],[11.22,45.83867],[11.22006,45.83853]]],[[[11.21878,45.84282],[11.21878,45.8417],[11.21851,45.84116],[11.2187,45.84228],[11.21878,45.84282]]],[[[11.22201,45.84896],[11.22152,45.84856],[11.22145,45.84853],[11.2219,45.84897],[11.22201,45.84896]]],[[[11.22568,45.84896],[11.22625,45.84917],[11.22595,45.84898],[11.22568,45.84896]]],[[[11.23151,45.85225],[11.23062,45.85144],[11.22943,45.85082],[11.23151,45.85225]]],[[[11.23193,45.85248],[11.23352,45.85305],[11.23328,45.8528],[11.23193,45.85248]]],[[[11.23612,45.85531],[11.23648,45.85547],[11.23607,45.85525],[11.23612,45.85531]]],[[[11.23938,45.85704],[11.23988,45.85912],[11.2404,45.8607],[11.23938,45.85704]]],[[[11.24117,45.86392],[11.24073,45.86207],[11.24073,45.86268],[11.24117,45.86392]]],[[[11.24298,45.87146],[11.24174,45.86642],[11.24198,45.86768],[11.24298,45.87146]]],[[[11.24341,45.87318],[11.24382,45.87485],[11.2442,45.87657],[11.24404,45.87549],[11.24341,45.87318]]],[[[11.23988,45.87616],[11.23975,45.87667],[11.23984,45.87632],[11.23988,45.87616]]],[[[11.24647,45.88645],[11.24688,45.88626],[11.23645,45.87825],[11.24647,45.88645]]],[[[11.25507,45.88349],[11.25212,45.88429],[11.25504,45.88401],[11.25507,45.88349]]],[[[11.2494,45.89848],[11.25502,45.88522],[11.24901,45.89926],[11.2494,45.89848]]],[[[11.2604,45.91006],[11.26074,45.90855],[11.26047,45.90921],[11.2604,45.91006]]],[[[11.26108,45.91354],[11.26131,45.91465],[11.26122,45.91391],[11.26108,45.91354]]],[[[11.26138,45.91525],[11.26137,45.91631],[11.2615,45.9166],[11.26138,45.91525]]],[[[11.26958,45.91663],[11.26939,45.91663],[11.26931,45.91664],[11.26958,45.91663]]],[[[11.27105,45.91669],[11.27055,45.91661],[11.27003,45.91663],[11.27105,45.91669]]],[[[11.28954,45.91682],[11.28981,45.91691],[11.28961,45.91682],[11.28954,45.91682]]],[[[11.28826,45.91705],[11.28835,45.91705],[11.28836,45.91703],[11.28826,45.91705]]],[[[11.28386,45.91713],[11.28382,45.91708],[11.28379,45.91714],[11.28386,45.91713]]],[[[11.28997,45.91699],[11.29044,45.91749],[11.29063,45.91744],[11.28997,45.91699]]],[[[11.2672,45.91736],[11.2678,45.91716],[11.26746,45.91724],[11.2672,45.91736]]],[[[11.29095,45.91761],[11.29135,45.91804],[11.29171,45.91795],[11.29095,45.91761]]],[[[11.30084,45.91856],[11.30107,45.91854],[11.29997,45.91789],[11.29988,45.91796],[11.30084,45.91856]]],[[[11.26408,45.91825],[11.26371,45.91843],[11.26442,45.91819],[11.26408,45.91825]]],[[[11.29918,45.91854],[11.29907,45.91868],[11.29936,45.91839],[11.29918,45.91854]]],[[[11.26314,45.91865],[11.26323,45.91864],[11.26336,45.91857],[11.26314,45.91865]]],[[[11.27921,45.91869],[11.27757,45.91863],[11.27831,45.91869],[11.27921,45.91869]]],[[[11.29251,45.91818],[11.29257,45.91964],[11.29334,45.91952],[11.29251,45.91818]]],[[[11.27125,45.91934],[11.27068,45.91849],[11.27072,45.91928],[11.27125,45.91934]]],[[[11.26259,45.91766],[11.2582,45.92023],[11.25904,45.92056],[11.26259,45.91766]]],[[[11.29419,45.91946],[11.29413,45.91949],[11.2944,45.91954],[11.29419,45.91946]]],[[[11.29635,45.91967],[11.29645,45.91963],[11.2967,45.91948],[11.29635,45.91967]]],[[[11.27357,45.91963],[11.27469,45.91966],[11.27297,45.91956],[11.27357,45.91963]]],[[[11.29562,45.92],[11.29629,45.9197],[11.29469,45.91965],[11.29562,45.92]]],[[[11.29831,45.93174],[11.2982,45.93226],[11.299,45.93322],[11.29831,45.93174]]],[[[11.30094,45.93285],[11.3008,45.93319],[11.30056,45.93564],[11.30094,45.93285]]],[[[11.30087,45.93633],[11.30054,45.93572],[11.3008,45.93765],[11.30087,45.93633]]],[[[11.3008,45.93819],[11.30057,45.93803],[11.30073,45.93823],[11.30088,45.93824],[11.3008,45.93819]]],[[[11.20659,46.21835],[11.20209,46.222],[11.20813,46.21896],[11.20659,46.21835]]],[[[11.19684,46.22438],[11.2016,46.2225],[11.20189,46.22212],[11.19828,46.22331],[11.19684,46.22438]]],[[[11.246,46.2306],[11.25207,46.23598],[11.24668,46.23027],[11.22605,46.2249],[11.246,46.2306]]],[[[11.2527,46.237],[11.25362,46.23782],[11.25213,46.23605],[11.2527,46.237]]],[[[11.26383,46.242],[11.26379,46.242],[11.26387,46.24203],[11.26383,46.242]]],[[[11.1974,46.24719],[11.19729,46.24741],[11.1974,46.2472],[11.1974,46.24719]]],[[[11.19714,46.24765],[11.1972,46.2476],[11.1972,46.24756],[11.19714,46.24765]]],[[[11.197,46.248],[11.19701,46.24787],[11.19692,46.24808],[11.197,46.248]]],[[[11.1969,46.24814],[11.19682,46.24838],[11.1969,46.2483],[11.1969,46.24814]]],[[[11.19662,46.2488],[11.19661,46.24889],[11.1968,46.2486],[11.19662,46.2488]]],[[[11.19655,46.24917],[11.1966,46.249],[11.1966,46.24893],[11.19655,46.24917]]],[[[11.1965,46.25029],[11.19641,46.25002],[11.19639,46.25012],[11.1965,46.25029]]],[[[11.28992,46.2612],[11.2772,46.25221],[11.2789,46.2544],[11.28992,46.2612]]],[[[11.29472,46.2606],[11.2948,46.2606],[11.29512,46.26052],[11.29472,46.2606]]],[[[11.19931,46.33573],[11.2009,46.3382],[11.19942,46.33573],[11.19746,46.33232],[11.19931,46.33573]]],[[[11.20327,46.34344],[11.20303,46.34421],[11.2026,46.34606],[11.20327,46.34344]]],[[[11.20112,46.34854],[11.20125,46.34903],[11.2014,46.3491],[11.20112,46.34854]]],[[[11.19374,46.36501],[11.1938,46.365],[11.19367,46.36496],[11.19374,46.36501]]],[[[11.2053,46.367],[11.1999,46.3646],[11.19489,46.36524],[11.2004,46.36504],[11.2053,46.367]]],[[[11.20413,46.3692],[11.1995,46.37209],[11.20183,46.37467],[11.20413,46.3692]]],[[[11.2032,46.37682],[11.2032,46.3768],[11.20317,46.37677],[11.2032,46.37682]]],[[[11.20353,46.3774],[11.2036,46.37764],[11.20357,46.37748],[11.20353,46.3774]]],[[[11.204,46.3801],[11.20351,46.38043],[11.20731,46.38052],[11.204,46.3801]]],[[[11.20683,46.38324],[11.20675,46.38353],[11.2069,46.3833],[11.20711,46.38237],[11.20683,46.38324]]],[[[11.20662,46.38717],[11.2074,46.3846],[11.20661,46.38399],[11.20677,46.3861],[11.20662,46.38717]]],[[[11.20931,46.39208],[11.2095,46.3921],[11.20935,46.3915],[11.20931,46.39208]]],[[[11.21367,46.39699],[11.21256,46.3948],[11.21299,46.39699],[11.21367,46.39699]]],[[[11.21394,46.3991],[11.2142,46.3991],[11.21429,46.39835],[11.21394,46.3991]]],[[[11.19888,46.96923],[11.19979,46.96974],[11.19999,46.9693],[11.19888,46.96923]]],[[[11.26905,46.98089],[11.2679,46.98028],[11.26433,46.9807],[11.26905,46.98089]]],[[[11.33961,45.91139],[11.34013,45.9113],[11.33967,45.91119],[11.33961,45.91139]]],[[[11.34367,45.91169],[11.3439,45.91152],[11.34267,45.91169],[11.34221,45.91209],[11.34367,45.91169]]],[[[11.33882,45.91309],[11.33895,45.9128],[11.33798,45.91279],[11.33882,45.91309]]],[[[11.34522,45.90933],[11.35073,45.91397],[11.3495,45.91508],[11.34858,45.91604],[11.34655,45.91857],[11.34543,45.92109],[11.35095,45.91395],[11.34522,45.90933]]],[[[11.33643,45.91561],[11.33634,45.91564],[11.3365,45.91559],[11.33643,45.91561]]],[[[11.33168,45.91679],[11.33187,45.91688],[11.33172,45.91675],[11.33168,45.91679]]],[[[11.33539,45.9169],[11.33541,45.91689],[11.33543,45.91681],[11.33539,45.9169]]],[[[11.32792,45.91687],[11.32813,45.91717],[11.3293,45.91702],[11.32792,45.91687]]],[[[11.32954,45.91701],[11.33107,45.91732],[11.33112,45.91727],[11.32954,45.91701]]],[[[11.33367,45.9174],[11.334,45.91733],[11.33414,45.91725],[11.33367,45.9174]]],[[[11.33206,45.91705],[11.33259,45.91766],[11.33235,45.91733],[11.33206,45.91705]]],[[[11.32494,45.91734],[11.32471,45.91736],[11.32516,45.91744],[11.32494,45.91734]]],[[[11.32584,45.91755],[11.32599,45.91758],[11.32606,45.91751],[11.32584,45.91755]]],[[[11.30302,45.91815],[11.30319,45.91845],[11.30324,45.91822],[11.30302,45.91815]]],[[[11.31784,45.92012],[11.31809,45.92118],[11.31577,45.92328],[11.31449,45.92548],[11.32031,45.91925],[11.31811,45.91965],[11.31784,45.92012]]],[[[11.30119,45.92603],[11.30303,45.91915],[11.3002,45.9278],[11.30119,45.92603]]],[[[11.35716,45.92484],[11.35693,45.9248],[11.35767,45.92504],[11.35716,45.92484]]],[[[11.31354,45.92644],[11.31255,45.92722],[11.31296,45.92692],[11.31354,45.92644]]],[[[11.30526,45.9272],[11.30556,45.92763],[11.30538,45.9273],[11.30526,45.9272]]],[[[11.31208,45.92766],[11.31209,45.92756],[11.31206,45.92758],[11.31208,45.92766]]],[[[11.31229,45.92789],[11.31223,45.92809],[11.31225,45.92812],[11.31229,45.92789]]],[[[11.30561,45.92771],[11.30606,45.92797],[11.30753,45.92844],[11.30561,45.92771]]],[[[11.35702,45.92794],[11.35707,45.92817],[11.35716,45.92839],[11.35702,45.92794]]],[[[11.31233,45.92837],[11.31235,45.92828],[11.31227,45.92818],[11.31233,45.92837]]],[[[11.30181,45.93],[11.30463,45.92662],[11.30322,45.9281],[11.30181,45.93]]],[[[11.30801,45.92863],[11.30778,45.92852],[11.30773,45.9285],[11.30801,45.92863]]],[[[11.31264,45.92884],[11.31269,45.92877],[11.31247,45.92859],[11.31264,45.92884]]],[[[11.30805,45.92864],[11.30924,45.92888],[11.30917,45.92883],[11.30805,45.92864]]],[[[11.31,45.92922],[11.31059,45.92978],[11.3126,45.92994],[11.31,45.92922]]],[[[11.35857,45.93019],[11.35863,45.93177],[11.35874,45.93028],[11.35857,45.93019]]],[[[11.30169,45.93045],[11.30093,45.93217],[11.30096,45.93281],[11.30169,45.93045]]],[[[11.36096,45.93452],[11.3592,45.9332],[11.36048,45.93664],[11.36096,45.93452]]],[[[11.36018,45.93809],[11.36051,45.93863],[11.36063,45.93716],[11.36018,45.93809]]],[[[11.36873,45.9422],[11.37179,45.94224],[11.37069,45.94216],[11.36985,45.94214],[11.36873,45.9422]]],[[[11.36168,45.94297],[11.36395,45.94251],[11.3637,45.94252],[11.36168,45.94297]]],[[[11.35831,45.94366],[11.35943,45.94351],[11.36066,45.94321],[11.35831,45.94366]]],[[[11.38245,45.94226],[11.38186,45.94254],[11.38353,45.95102],[11.38245,45.94226]]],[[[11.37959,45.95469],[11.3795,45.95478],[11.38021,45.95439],[11.37959,45.95469]]],[[[11.37918,45.95515],[11.37941,45.95487],[11.37875,45.95555],[11.37918,45.95515]]],[[[11.37851,45.95579],[11.3782,45.95623],[11.37843,45.95605],[11.37851,45.95579]]],[[[11.37797,45.95731],[11.37804,45.95657],[11.37798,45.95673],[11.37795,45.95718],[11.37797,45.95731]]],[[[11.37792,45.95852],[11.37812,45.95815],[11.37804,45.95796],[11.37792,45.95852]]],[[[11.37789,45.95865],[11.37785,45.95877],[11.37789,45.9587],[11.37789,45.95865]]],[[[11.37753,45.95932],[11.37673,45.96017],[11.37721,45.95979],[11.37753,45.95932]]],[[[11.37645,45.96172],[11.37644,45.96185],[11.37649,45.962],[11.37645,45.96172]]],[[[11.37576,45.96317],[11.37576,45.96322],[11.37579,45.96317],[11.37576,45.96317]]],[[[11.37577,45.96351],[11.37577,45.96375],[11.37581,45.96366],[11.37577,45.96351]]],[[[11.37563,45.96406],[11.37562,45.96408],[11.37559,45.96416],[11.37563,45.96406]]],[[[11.37581,45.96472],[11.37568,45.96441],[11.37572,45.96454],[11.37581,45.96472]]],[[[11.37595,45.96503],[11.37595,45.96499],[11.37592,45.96496],[11.37595,45.96503]]],[[[11.37617,45.96559],[11.37617,45.96554],[11.37613,45.96546],[11.37617,45.96559]]],[[[11.37625,45.96579],[11.37624,45.96577],[11.37624,45.96578],[11.37625,45.96579]]],[[[11.37632,45.96617],[11.37633,45.96615],[11.37633,45.96604],[11.37632,45.96617]]],[[[11.37625,45.96659],[11.37533,45.967],[11.37496,45.96728],[11.37471,45.96757],[11.37615,45.96674],[11.37625,45.96659]]],[[[11.37397,45.96923],[11.37375,45.96963],[11.37385,45.96948],[11.37397,45.96923]]],[[[11.37359,45.96985],[11.37356,45.9699],[11.37351,45.97035],[11.37359,45.96985]]],[[[11.37326,45.97126],[11.37335,45.97107],[11.37315,45.9714],[11.37326,45.97126]]],[[[11.37282,45.97212],[11.3728,45.97224],[11.37283,45.9721],[11.37282,45.97212]]],[[[11.37279,45.97239],[11.37279,45.97229],[11.37276,45.97253],[11.37279,45.97239]]],[[[11.37268,45.97272],[11.3727,45.97267],[11.37245,45.9731],[11.37268,45.97272]]],[[[11.37259,45.97484],[11.37321,45.98143],[11.3728,45.97646],[11.37259,45.97484]]],[[[11.39307,45.98077],[11.39175,45.98155],[11.39361,45.98059],[11.39307,45.98077]]],[[[11.38889,45.98214],[11.3891,45.98213],[11.39168,45.98157],[11.38889,45.98214]]],[[[11.38588,45.98258],[11.38587,45.98257],[11.38548,45.98271],[11.38588,45.98258]]],[[[11.37337,45.98297],[11.37349,45.98321],[11.37333,45.98278],[11.37337,45.98297]]],[[[11.3836,45.9825],[11.38161,45.98356],[11.38327,45.98319],[11.3836,45.9825]]],[[[11.37927,45.98346],[11.37943,45.98346],[11.37929,45.98345],[11.37927,45.98346]]],[[[11.37489,45.98375],[11.37356,45.98349],[11.37429,45.98377],[11.37489,45.98375]]],[[[11.37841,45.98423],[11.37863,45.98393],[11.3756,45.98387],[11.37841,45.98423]]],[[[11.30565,46.2585],[11.29522,46.2605],[11.31039,46.26584],[11.30565,46.2585]]],[[[11.30938,46.26768],[11.30932,46.26766],[11.30941,46.2677],[11.30938,46.26768]]],[[[11.31081,46.26821],[11.31063,46.26816],[11.31116,46.26838],[11.31081,46.26821]]],[[[11.31138,46.2685],[11.3113,46.2685],[11.31143,46.26863],[11.31138,46.2685]]],[[[11.3124,46.26955],[11.31234,46.26951],[11.3123,46.2695],[11.3124,46.26955]]],[[[11.31295,46.2701],[11.31254,46.26967],[11.31341,46.27098],[11.31295,46.2701]]],[[[11.31531,46.27351],[11.31496,46.27294],[11.31533,46.27376],[11.31531,46.27351]]],[[[11.3118,46.2806],[11.31171,46.28074],[11.31213,46.28046],[11.3118,46.2806]]],[[[11.33239,46.29578],[11.33224,46.29549],[11.33214,46.29588],[11.33239,46.29578]]],[[[11.53168,45.88237],[11.53179,45.88233],[11.53174,45.88233],[11.53168,45.88237]]],[[[11.64685,45.96388],[11.63615,45.96117],[11.63346,45.96115],[11.64499,45.96378],[11.64685,45.96388]]],[[[11.66821,45.96363],[11.66753,45.96373],[11.66841,45.96365],[11.66821,45.96363]]],[[[11.66892,45.96377],[11.66848,45.96365],[11.66907,45.96387],[11.66892,45.96377]]],[[[11.66619,45.96416],[11.66581,45.96434],[11.66602,45.96426],[11.66619,45.96416]]],[[[11.67067,45.96442],[11.67056,45.96441],[11.67073,45.96447],[11.67142,45.96446],[11.67067,45.96442]]],[[[11.67246,45.96445],[11.67348,45.96465],[11.67276,45.96443],[11.67246,45.96445]]],[[[11.66431,45.96471],[11.66516,45.9646],[11.66531,45.96454],[11.66431,45.96471]]],[[[11.66013,45.96483],[11.66028,45.9648],[11.66002,45.96481],[11.66013,45.96483]]],[[[11.66267,45.96487],[11.66297,45.96487],[11.66279,45.96484],[11.66267,45.96487]]],[[[11.62303,45.96975],[11.63006,45.96937],[11.63062,45.96735],[11.62789,45.96056],[11.62313,45.96966],[11.62109,45.97147],[11.61843,45.9713],[11.61449,45.96699],[11.61198,45.9666],[11.61111,45.96742],[11.6185,45.97141],[11.62102,45.97154],[11.62303,45.96975]]],[[[11.67899,45.9672],[11.6763,45.96566],[11.67531,45.96516],[11.67505,45.96511],[11.67877,45.96726],[11.68113,45.96785],[11.67899,45.9672]]],[[[11.60901,45.96935],[11.60962,45.96879],[11.60895,45.96936],[11.60901,45.96935]]],[[[11.5918,45.96978],[11.58773,45.96937],[11.59435,45.9716],[11.5918,45.96978]]],[[[11.68239,45.97507],[11.68247,45.97499],[11.68233,45.97511],[11.68239,45.97507]]],[[[11.39853,45.98017],[11.39922,45.98028],[11.40125,45.98004],[11.39853,45.98017]]],[[[11.39375,45.98055],[11.39647,45.98059],[11.39844,45.98018],[11.39375,45.98055]]],[[[11.4254,45.98047],[11.42537,45.98046],[11.42458,45.98035],[11.4254,45.98047]]],[[[11.43023,45.9809],[11.42938,45.9805],[11.42687,45.98067],[11.43023,45.9809]]],[[[11.41978,45.98133],[11.41967,45.98164],[11.42282,45.98015],[11.41978,45.98133]]],[[[11.44575,45.98112],[11.4466,45.98086],[11.44616,45.98078],[11.44575,45.98112]]],[[[11.40471,45.98111],[11.40542,45.98164],[11.40592,45.98148],[11.40471,45.98111]]],[[[11.44193,45.98194],[11.44335,45.98148],[11.43502,45.98106],[11.44193,45.98194]]],[[[11.40688,45.98168],[11.40681,45.9817],[11.4068,45.98174],[11.40688,45.98168]]],[[[11.408,45.98161],[11.4082,45.98187],[11.40814,45.98163],[11.408,45.98161]]],[[[11.40646,45.98187],[11.40652,45.98197],[11.40665,45.98187],[11.40646,45.98187]]],[[[11.41092,45.98201],[11.41163,45.98221],[11.41241,45.98181],[11.41224,45.98187],[11.41092,45.98201]]],[[[11.41089,45.982],[11.40917,45.98212],[11.40931,45.98226],[11.41089,45.982]]],[[[11.44912,45.98253],[11.44968,45.98282],[11.44897,45.98218],[11.44912,45.98253]]],[[[11.45044,45.98416],[11.45216,45.98378],[11.4497,45.98284],[11.45044,45.98416]]],[[[11.4531,45.98397],[11.4535,45.98412],[11.45317,45.98398],[11.4531,45.98397]]],[[[11.58379,45.98519],[11.58419,45.98354],[11.58394,45.98448],[11.58379,45.98519]]],[[[11.45602,45.98718],[11.45689,45.98851],[11.45697,45.98861],[11.45602,45.98718]]],[[[11.4572,45.98889],[11.45705,45.98872],[11.45712,45.98881],[11.4572,45.98889]]],[[[11.45751,45.98919],[11.45771,45.98921],[11.45747,45.98912],[11.45751,45.98919]]],[[[11.45873,45.98959],[11.45855,45.9895],[11.45868,45.98959],[11.45873,45.98959]]],[[[11.45912,45.9898],[11.45951,45.99002],[11.46114,45.99093],[11.45912,45.9898]]],[[[11.58282,45.98897],[11.58199,45.99209],[11.58183,45.99289],[11.58282,45.98897]]],[[[11.46222,45.99298],[11.46217,45.99286],[11.46216,45.99291],[11.46222,45.99298]]],[[[11.46602,45.99479],[11.46574,45.99474],[11.46611,45.99486],[11.46602,45.99479]]],[[[11.46803,45.99756],[11.46778,45.9966],[11.46745,45.99597],[11.46803,45.99756]]],[[[11.47346,45.99765],[11.46994,45.99765],[11.48016,45.99814],[11.47346,45.99765]]],[[[11.67705,46.00558],[11.68396,45.99684],[11.68285,45.99814],[11.67705,46.00558]]],[[[11.48355,46.00113],[11.48385,46.00162],[11.48445,46.00185],[11.48355,46.00113]]],[[[11.48465,46.00201],[11.48484,46.00229],[11.4848,46.00214],[11.48465,46.00201]]],[[[11.57816,46.00525],[11.57816,46.00529],[11.57819,46.00518],[11.57816,46.00525]]],[[[11.57763,46.0068],[11.57796,46.00585],[11.57743,46.0068],[11.57763,46.0068]]],[[[11.67569,46.00734],[11.67694,46.00569],[11.67608,46.00667],[11.67569,46.00734]]],[[[11.56588,46.00654],[11.56585,46.00667],[11.56597,46.00649],[11.56588,46.00654]]],[[[11.57184,46.00758],[11.57373,46.00665],[11.57261,46.00707],[11.57184,46.00758]]],[[[11.56288,46.00729],[11.56371,46.00706],[11.56366,46.007],[11.56288,46.00729]]],[[[11.57129,46.00741],[11.57127,46.00727],[11.57115,46.00725],[11.57129,46.00741]]],[[[11.57154,46.00769],[11.57169,46.00763],[11.57151,46.00766],[11.57154,46.00769]]],[[[11.48946,46.00823],[11.48882,46.00811],[11.48877,46.0085],[11.48946,46.00823]]],[[[11.56082,46.00859],[11.5613,46.00813],[11.56045,46.00868],[11.56082,46.00859]]],[[[11.55673,46.01055],[11.55832,46.00931],[11.55529,46.01129],[11.55673,46.01055]]],[[[11.67518,46.00927],[11.671,46.0107],[11.67172,46.0122],[11.67454,46.01132],[11.67494,46.01086],[11.67518,46.00927]]],[[[11.54969,46.01159],[11.54948,46.01161],[11.54905,46.01181],[11.54969,46.01159]]],[[[11.55298,46.01193],[11.55296,46.01191],[11.55294,46.01191],[11.55298,46.01193]]],[[[11.54869,46.01199],[11.54858,46.01204],[11.54826,46.01235],[11.54869,46.01199]]],[[[11.67169,46.01438],[11.67038,46.01509],[11.67341,46.01382],[11.67169,46.01438]]],[[[11.66617,46.01721],[11.6671,46.01723],[11.66762,46.01608],[11.66617,46.01721]]],[[[11.67324,46.02111],[11.67308,46.02089],[11.67317,46.02105],[11.67324,46.02111]]],[[[11.67688,46.02855],[11.67743,46.02873],[11.68034,46.02823],[11.67688,46.02855]]],[[[11.67167,46.03139],[11.67031,46.03204],[11.67105,46.03194],[11.67167,46.03139]]],[[[11.6686,46.03421],[11.66871,46.03409],[11.66791,46.0343],[11.66661,46.03541],[11.66809,46.03426],[11.6686,46.03421]]],[[[11.66777,46.03845],[11.66787,46.03837],[11.66679,46.03795],[11.66777,46.03845]]],[[[11.67172,46.04071],[11.66976,46.03949],[11.6686,46.03892],[11.67172,46.04071]]],[[[11.68252,46.04487],[11.68265,46.04475],[11.67401,46.04179],[11.68203,46.0451],[11.68252,46.04487]]],[[[11.68263,46.07708],[11.68254,46.0772],[11.68288,46.07699],[11.68263,46.07708]]],[[[11.68258,46.07843],[11.68266,46.07835],[11.6827,46.07814],[11.68258,46.07843]]],[[[11.68215,46.08634],[11.6822,46.08626],[11.68215,46.08633],[11.68215,46.08634]]],[[[11.68227,46.08745],[11.68219,46.08726],[11.68209,46.08716],[11.68227,46.08745]]],[[[11.68236,46.08759],[11.68243,46.0877],[11.68241,46.08766],[11.68236,46.08759]]],[[[11.68222,46.08868],[11.68232,46.08838],[11.68219,46.08863],[11.68222,46.08868]]],[[[11.68238,46.08999],[11.68248,46.09026],[11.68239,46.08997],[11.68238,46.08999]]],[[[11.68285,46.09077],[11.6829,46.09085],[11.68275,46.0906],[11.68285,46.09077]]],[[[11.48178,47.0121],[11.5138,47.0062],[11.53868,46.98559],[11.62767,47.0143],[11.66467,46.99419],[11.71141,46.9949],[11.72575,46.98096],[11.70882,46.9889],[11.71727,46.98114],[11.70773,46.98577],[11.70752,46.9778],[11.69646,46.97968],[11.70053,46.97471],[11.71143,46.97825],[11.68966,46.96589],[11.72828,46.97468],[11.75806,46.97274],[11.77897,46.98986],[11.76748,46.97386],[11.78081,46.98181],[11.77993,46.97505],[11.78207,46.99015],[11.78715,46.97923],[11.79446,46.98717],[11.79997,46.96983],[11.81392,46.9846],[11.83722,46.98718],[11.82891,46.99441],[11.89248,47.0175],[11.91674,47.0347],[11.94815,47.03526],[11.97801,47.05139],[12.03214,47.05275],[11.999,47.0492],[11.999,46.66835],[11.999,46.6356],[11.6645,46.6353],[11.6215,46.5991],[11.5318,46.5982],[11.5125,46.5604],[11.5148,46.5511],[11.4965,46.527],[11.4993,46.449],[11.5824,46.4572],[11.61982,46.4495],[11.61994,46.42564],[11.60876,46.42353],[11.61479,46.41968],[11.60175,46.38979],[11.56359,46.38073],[11.55013,46.34457],[11.52714,46.35628],[11.47678,46.36417],[11.47959,46.35613],[11.4621,46.34996],[11.45466,46.33475],[11.40429,46.32498],[11.40024,46.30864],[11.35957,46.29961],[11.38132,46.29116],[11.39767,46.26496],[11.35816,46.26546],[11.3562,46.27641],[11.33564,46.29068],[11.3401,46.29855],[11.3323,46.29712],[11.3323,46.4507],[11.3495,46.4875],[11.3503,46.5089],[11.3325,46.5056],[11.3323,46.66851],[11.36186,46.66846],[11.3323,46.66852],[11.3323,46.9887],[11.3198,46.9925],[11.3078,46.9841],[11.26434,46.98213],[11.25681,46.97414],[11.20656,46.96424],[11.20351,46.96935],[11.19575,46.97128],[11.1923,46.9688],[11.18985,46.97255],[11.18275,46.96776],[11.18054,46.96724],[11.18982,46.97286],[11.20242,46.97086],[11.20826,46.96532],[11.22092,46.97128],[11.25612,46.97646],[11.25856,46.97961],[11.26349,46.98238],[11.29359,46.98811],[11.30786,46.98597],[11.32036,46.99406],[11.33719,46.98685],[11.35772,46.99241],[11.38137,46.97296],[11.40527,46.96682],[11.44094,46.97714],[11.48178,47.0121]],[[11.36352,46.33523],[11.39038,46.33514],[11.38173,46.33517],[11.36352,46.33523]],[[11.35977,46.33524],[11.35004,46.33527],[11.35935,46.33524],[11.35977,46.33524]],[[11.3633,46.66846],[11.36937,46.66845],[11.36999,46.66845],[11.3633,46.66846]],[[11.37167,46.66844],[11.3818,46.66842],[11.39229,46.6684],[11.37167,46.66844]],[[11.69399,46.96088],[11.72078,46.9577],[11.70955,46.95608],[11.71796,46.95205],[11.74859,46.96874],[11.73198,46.97312],[11.72048,46.96353],[11.69399,46.96088]],[[11.51593,46.92009],[11.50467,46.91254],[11.52698,46.92231],[11.5249,46.93345],[11.51159,46.92527],[11.51593,46.92009]],[[11.48149,46.86398],[11.48927,46.8645],[11.48559,46.87137],[11.45871,46.87031],[11.47258,46.87006],[11.48149,46.86398]],[[11.58997,46.39838],[11.5852,46.39575],[11.5899,46.39404],[11.58997,46.39838]],[[11.45315,46.70888],[11.45317,46.74076],[11.45316,46.72939],[11.45315,46.70888]],[[11.45318,46.37024],[11.45317,46.36662],[11.45318,46.36901],[11.45318,46.37024]],[[11.44273,46.66828],[11.45313,46.66825],[11.44741,46.66827],[11.44273,46.66828]],[[11.40709,46.66837],[11.44167,46.66828],[11.42656,46.66832],[11.40709,46.66837]],[[11.44983,46.74491],[11.4463,46.74491],[11.44256,46.74101],[11.44937,46.74376],[11.44983,46.74491]],[[11.57452,46.92117],[11.57477,46.92473],[11.56547,46.92178],[11.57452,46.92117]],[[11.5923,46.90168],[11.58795,46.90098],[11.58922,46.89823],[11.5923,46.90168]],[[11.65798,46.87971],[11.65673,46.87948],[11.65754,46.87711],[11.65798,46.87971]],[[11.95317,46.9182],[11.95313,46.89045],[11.95311,46.87191],[11.95317,46.9182]],[[11.95315,46.71926],[11.95315,46.71671],[11.95316,46.75154],[11.95315,46.71926]],[[11.80714,46.97578],[11.81036,46.96921],[11.81497,46.97228],[11.80714,46.97578]],[[11.73005,46.94096],[11.73098,46.94379],[11.72791,46.94293],[11.73005,46.94096]],[[11.72371,46.97071],[11.71983,46.96655],[11.72518,46.9678],[11.72371,46.97071]],[[11.75072,46.96283],[11.74867,46.96647],[11.74572,46.96434],[11.75072,46.96283]],[[11.76878,46.96758],[11.76489,46.97304],[11.75909,46.96648],[11.76878,46.96758]],[[11.75415,46.96683],[11.75824,46.96769],[11.75766,46.97084],[11.75415,46.96683]],[[11.90359,46.80072],[11.90396,46.79901],[11.90637,46.7997],[11.90359,46.80072]],[[11.8453,46.99154],[11.85194,46.99518],[11.84743,46.99801],[11.8453,46.99154]],[[11.83359,46.97398],[11.83317,46.97743],[11.82895,46.97622],[11.83359,46.97398]],[[11.81982,46.98026],[11.81625,46.97828],[11.82025,46.97878],[11.81982,46.98026]],[[11.93712,46.78461],[11.93321,46.78409],[11.93782,46.78368],[11.93712,46.78461]],[[11.86298,46.99893],[11.86608,47.00125],[11.85624,47.0012],[11.86298,46.99893]],[[11.92248,46.77711],[11.92126,46.77595],[11.93621,46.77572],[11.92248,46.77711]],[[11.93397,46.77936],[11.93715,46.77763],[11.9378,46.78042],[11.93397,46.77936]],[[11.88951,46.7763],[11.89054,46.77625],[11.88778,46.77819],[11.88951,46.7763]],[[11.91124,46.7693],[11.91193,46.7696],[11.91168,46.77077],[11.91124,46.7693]],[[11.97265,46.66829],[11.98096,46.66831],[11.97997,46.66831],[11.97265,46.66829]]],[[[11.6853,45.96983],[11.68491,45.97127],[11.68549,45.96994],[11.68528,45.968],[11.68115,45.96787],[11.6853,45.96983]]],[[[11.68316,45.97354],[11.68309,45.97363],[11.68306,45.97373],[11.68316,45.97354]]],[[[11.68181,45.97557],[11.68409,45.97698],[11.68362,45.97662],[11.68181,45.97557]]],[[[11.68519,45.9797],[11.6856,45.97802],[11.68371,45.98071],[11.68519,45.9797]]],[[[11.68377,45.98246],[11.68396,45.98215],[11.68375,45.98186],[11.68377,45.98246]]],[[[11.68452,45.98401],[11.68414,45.98406],[11.68607,45.98565],[11.68452,45.98401]]],[[[11.68913,46.04433],[11.6876,46.04409],[11.68703,46.04415],[11.68913,46.04433]]],[[[11.68339,46.04422],[11.68322,46.04432],[11.68621,46.04416],[11.68339,46.04422]]],[[[11.6935,46.04452],[11.69184,46.04423],[11.69163,46.04431],[11.6935,46.04452]]],[[[11.69087,46.04466],[11.69048,46.04475],[11.69114,46.04467],[11.69124,46.0446],[11.69087,46.04466]]],[[[11.69896,46.04487],[11.69977,46.04476],[11.70061,46.04452],[11.6991,46.04483],[11.69802,46.04471],[11.69725,46.04481],[11.69896,46.04487]]],[[[11.70097,46.04453],[11.70396,46.04487],[11.70155,46.04454],[11.70097,46.04453]]],[[[11.69694,46.04481],[11.69462,46.0447],[11.69631,46.04482],[11.69694,46.04481]]],[[[11.68988,46.04475],[11.69005,46.0448],[11.69006,46.04479],[11.68988,46.04475]]],[[[11.70451,46.04856],[11.70416,46.04762],[11.7044,46.04909],[11.70451,46.04856]]],[[[11.70436,46.04918],[11.70399,46.04978],[11.70422,46.04948],[11.70436,46.04918]]],[[[11.70454,46.05105],[11.70445,46.05084],[11.70427,46.0507],[11.70454,46.05105]]],[[[11.70428,46.0515],[11.70453,46.05135],[11.70457,46.05121],[11.70428,46.0515]]],[[[11.70466,46.05316],[11.70467,46.053],[11.70444,46.05362],[11.70466,46.05316]]],[[[11.70307,46.05578],[11.70413,46.05498],[11.7044,46.0546],[11.70448,46.05419],[11.70307,46.05578]]],[[[11.69982,46.05615],[11.69966,46.05669],[11.70008,46.05572],[11.69982,46.05615]]],[[[11.69807,46.05876],[11.69824,46.05814],[11.69766,46.05902],[11.69724,46.06009],[11.69769,46.05917],[11.69807,46.05876]]],[[[11.69697,46.06044],[11.69609,46.06156],[11.6969,46.06099],[11.69697,46.06044]]],[[[11.69423,46.06231],[11.6952,46.06196],[11.69385,46.06219],[11.69423,46.06231]]],[[[11.69249,46.06233],[11.69253,46.0622],[11.69167,46.06254],[11.69249,46.06233]]],[[[11.69133,46.06258],[11.69161,46.06254],[11.69096,46.06254],[11.69088,46.06256],[11.69133,46.06258]]],[[[11.69029,46.0627],[11.69046,46.06271],[11.69057,46.06269],[11.69029,46.0627]]],[[[11.68962,46.06312],[11.68973,46.06309],[11.68976,46.063],[11.68962,46.06312]]],[[[11.68937,46.06323],[11.68916,46.06343],[11.68915,46.06344],[11.68937,46.06323]]],[[[11.68847,46.06389],[11.68802,46.06415],[11.68815,46.06411],[11.68847,46.06389]]],[[[11.68642,46.06631],[11.68718,46.06525],[11.68653,46.066],[11.68642,46.06631]]],[[[11.68759,46.06887],[11.68762,46.06883],[11.68761,46.06878],[11.68759,46.06887]]],[[[11.68651,46.06976],[11.68643,46.06983],[11.68648,46.06981],[11.68651,46.06976]]],[[[11.68544,46.07072],[11.68542,46.0707],[11.68541,46.07083],[11.68544,46.07072]]],[[[11.68551,46.07157],[11.68542,46.07098],[11.68527,46.07185],[11.68551,46.07157]]],[[[11.68428,46.07326],[11.68424,46.0733],[11.68461,46.07312],[11.68428,46.07326]]],[[[11.68451,46.07422],[11.68455,46.07394],[11.68419,46.07357],[11.68451,46.07422]]],[[[11.68433,46.07494],[11.68443,46.07507],[11.68431,46.07482],[11.68433,46.07494]]],[[[11.68456,46.07533],[11.68453,46.07523],[11.6845,46.0752],[11.68456,46.07533]]],[[[11.68414,46.07605],[11.68425,46.076],[11.68401,46.07609],[11.68414,46.07605]]],[[[11.6832,46.07686],[11.68327,46.07678],[11.68342,46.07642],[11.68304,46.07694],[11.6832,46.07686]]],[[[11.68409,46.0793],[11.68352,46.07919],[11.6842,46.07937],[11.68409,46.0793]]],[[[11.68361,46.08216],[11.68359,46.08206],[11.68356,46.08232],[11.68361,46.08216]]],[[[11.68331,46.0827],[11.68334,46.08266],[11.68311,46.08287],[11.68331,46.0827]]],[[[11.68317,46.08358],[11.68303,46.08307],[11.68305,46.08321],[11.68317,46.08358]]],[[[11.68302,46.08428],[11.68304,46.0842],[11.68294,46.08446],[11.68302,46.08428]]],[[[11.70167,46.09101],[11.70318,46.09051],[11.70201,46.0907],[11.70167,46.09101]]],[[[11.68436,46.0925],[11.68392,46.09218],[11.68392,46.09227],[11.68436,46.0925]]],[[[11.69697,46.09305],[11.6964,46.0937],[11.69908,46.09206],[11.69697,46.09305]]],[[[11.68691,46.09414],[11.68552,46.09367],[11.68608,46.09389],[11.68691,46.09414]]],[[[11.69025,46.09491],[11.69196,46.09494],[11.69631,46.09378],[11.69025,46.09491]]],[[[11.68863,46.09485],[11.68887,46.09488],[11.68813,46.09477],[11.68863,46.09485]]],[[[11.68932,46.0949],[11.68921,46.09491],[11.68944,46.09491],[11.68932,46.0949]]],[[[11.75583,46.09611],[11.75582,46.09631],[11.75621,46.09579],[11.75583,46.09611]]],[[[11.75891,46.09571],[11.75911,46.09617],[11.76011,46.09658],[11.75891,46.09571]]],[[[11.71045,46.09805],[11.70735,46.09485],[11.70683,46.09434],[11.71045,46.09805]]],[[[11.75484,46.09701],[11.7555,46.0967],[11.75478,46.09694],[11.75484,46.09701]]],[[[11.76132,46.09721],[11.76158,46.09733],[11.76162,46.09733],[11.76051,46.09676],[11.76132,46.09721]]],[[[11.76327,46.09762],[11.76306,46.09759],[11.76344,46.09767],[11.76327,46.09762]]],[[[11.76664,46.09962],[11.76645,46.09928],[11.76389,46.09789],[11.76664,46.09962]]],[[[11.75352,46.09905],[11.75366,46.09884],[11.75373,46.09868],[11.75352,46.09905]]],[[[11.75319,46.10007],[11.75326,46.09952],[11.75322,46.09965],[11.75319,46.10007]]],[[[11.76806,46.10108],[11.76802,46.10105],[11.76812,46.10114],[11.76806,46.10108]]],[[[11.71857,46.1033],[11.71581,46.10211],[11.71478,46.10146],[11.71696,46.10303],[11.71857,46.1033]]],[[[11.72995,46.10392],[11.73107,46.10358],[11.71934,46.10275],[11.72995,46.10392]]],[[[11.7716,46.10362],[11.77157,46.10349],[11.77151,46.10343],[11.77113,46.10446],[11.7716,46.10362]]],[[[11.7344,46.10417],[11.73433,46.10412],[11.73407,46.10394],[11.7344,46.10417]]],[[[11.74814,46.10425],[11.74812,46.10431],[11.7484,46.10434],[11.74814,46.10425]]],[[[11.74417,46.10446],[11.74387,46.10453],[11.74438,46.10448],[11.74417,46.10446]]],[[[11.74971,46.10465],[11.74932,46.10466],[11.74991,46.10475],[11.74971,46.10465]]],[[[11.75033,46.10492],[11.75012,46.10483],[11.75007,46.10481],[11.75031,46.10492],[11.75033,46.10492]]],[[[11.77118,46.10524],[11.7712,46.10546],[11.77133,46.1054],[11.77118,46.10524]]],[[[11.72583,46.95889],[11.72864,46.96044],[11.72928,46.96037],[11.72583,46.95889]]],[[[11.73497,46.96348],[11.7339,46.9634],[11.73446,46.96396],[11.73497,46.96348]]],[[[11.72439,46.97432],[11.72535,46.97404],[11.72373,46.97389],[11.72439,46.97432]]],[[[11.71998,46.98148],[11.71282,46.97497],[11.70835,46.9733],[11.71998,46.98148]]],[[[11.72128,46.97799],[11.71921,46.97777],[11.71949,46.97812],[11.72128,46.97799]]],[[[11.72261,46.98072],[11.72311,46.97975],[11.72222,46.98051],[11.72261,46.98072]]],[[[11.7806,46.10273],[11.77988,46.10272],[11.77935,46.10284],[11.7806,46.10273]]],[[[11.78452,46.1025],[11.78374,46.10267],[11.78769,46.10312],[11.78452,46.1025]]],[[[11.79479,46.10316],[11.79257,46.10303],[11.79556,46.10344],[11.79479,46.10316]]],[[[11.80108,46.10364],[11.80317,46.10393],[11.80136,46.10361],[11.80108,46.10364]]],[[[11.77594,46.10357],[11.77337,46.10428],[11.77415,46.1046],[11.77594,46.10357]]],[[[11.81789,46.10687],[11.81414,46.10316],[11.81687,46.10699],[11.81789,46.10687]]],[[[11.77204,46.10623],[11.77163,46.10575],[11.77172,46.10606],[11.77204,46.10623]]],[[[11.77316,46.10729],[11.77302,46.10732],[11.77313,46.10743],[11.77316,46.10729]]],[[[11.83235,46.11018],[11.83244,46.11021],[11.83183,46.10988],[11.83235,46.11018]]],[[[11.82944,46.28845],[11.82953,46.28846],[11.8294,46.28828],[11.82944,46.28845]]],[[[11.83025,46.2935],[11.83011,46.29362],[11.83019,46.29376],[11.83025,46.2935]]],[[[11.83164,46.29523],[11.8319,46.29564],[11.83217,46.29567],[11.83164,46.29523]]],[[[11.83247,46.29597],[11.83263,46.29607],[11.83262,46.29604],[11.83247,46.29597]]],[[[11.83287,46.29689],[11.83346,46.29677],[11.83305,46.29655],[11.83287,46.29689]]],[[[11.83463,46.29794],[11.83488,46.29766],[11.83471,46.29748],[11.83463,46.29794]]],[[[11.8329,46.31558],[11.83338,46.31561],[11.83348,46.3155],[11.8329,46.31558]]],[[[11.83241,46.31608],[11.83199,46.31651],[11.83188,46.31676],[11.83235,46.31617],[11.83241,46.31608]]],[[[11.83261,46.31982],[11.83129,46.32165],[11.8316,46.3213],[11.83261,46.31982]]],[[[11.83229,46.32225],[11.83224,46.32209],[11.83198,46.32216],[11.83229,46.32225]]],[[[11.83205,46.32298],[11.83217,46.32282],[11.83219,46.32272],[11.83205,46.32298]]],[[[11.83162,46.32377],[11.83157,46.32386],[11.83163,46.32396],[11.83162,46.32377]]],[[[11.82969,46.3264],[11.83116,46.32571],[11.82983,46.32632],[11.82969,46.3264]]],[[[11.82825,46.32691],[11.82793,46.32668],[11.82517,46.32692],[11.82628,46.32684],[11.82825,46.32691]]],[[[11.81837,46.32949],[11.81996,46.32855],[11.81822,46.32943],[11.81837,46.32949]]],[[[11.81614,46.32959],[11.81698,46.32933],[11.81638,46.3294],[11.81614,46.32959]]],[[[11.81524,46.32986],[11.81535,46.33066],[11.81536,46.32984],[11.81524,46.32986]]],[[[11.81389,46.33149],[11.81436,46.33129],[11.81436,46.33124],[11.81389,46.33149]]],[[[11.81002,46.33183],[11.81097,46.33167],[11.81069,46.33156],[11.81002,46.33183]]],[[[11.81188,46.33214],[11.81231,46.33215],[11.81334,46.33174],[11.81188,46.33214]]],[[[11.80886,46.33202],[11.80921,46.33198],[11.80901,46.33198],[11.80886,46.33202]]],[[[11.80696,46.33231],[11.80803,46.33215],[11.80749,46.33211],[11.80696,46.33231]]],[[[11.80212,46.33513],[11.80283,46.33307],[11.8028,46.33308],[11.80212,46.33513]]],[[[11.80192,46.33574],[11.80208,46.33544],[11.80212,46.33513],[11.80192,46.33574]]],[[[11.79979,46.34534],[11.80137,46.34409],[11.80185,46.33594],[11.79979,46.34534]]],[[[11.774,46.35775],[11.77439,46.35717],[11.77427,46.35734],[11.774,46.35775]]],[[[11.77491,46.35867],[11.77515,46.35864],[11.77447,46.35823],[11.77491,46.35867]]],[[[11.77708,46.36013],[11.77548,46.3589],[11.77617,46.35994],[11.77708,46.36013]]],[[[11.7774,46.36042],[11.77745,46.36041],[11.77734,46.36033],[11.7774,46.36042]]],[[[11.77803,46.36132],[11.77773,46.36124],[11.77822,46.36159],[11.77803,46.36132]]],[[[11.78088,46.36184],[11.78164,46.3626],[11.78156,46.36244],[11.78088,46.36184]]],[[[11.78906,46.36373],[11.78862,46.36352],[11.78841,46.3635],[11.78906,46.36373]]],[[[11.7822,46.36385],[11.78206,46.36348],[11.78214,46.36383],[11.7822,46.36385]]],[[[11.78348,46.36454],[11.78473,46.36447],[11.78397,46.36427],[11.78348,46.36454]]],[[[11.79013,46.36458],[11.79017,46.36464],[11.79082,46.3656],[11.79013,46.36458]]],[[[11.7912,46.36562],[11.79118,46.36554],[11.79098,46.36561],[11.7912,46.36562]]],[[[11.83471,46.36607],[11.83315,46.36607],[11.8317,46.36666],[11.83501,46.36616],[11.83542,46.36562],[11.83471,46.36607]]],[[[11.79593,46.36749],[11.79132,46.36636],[11.7923,46.3678],[11.79593,46.36749]]],[[[11.83536,46.36737],[11.83535,46.36792],[11.83554,46.36745],[11.83536,46.36737]]],[[[11.81514,46.36778],[11.81486,46.36801],[11.81519,46.36816],[11.81514,46.36778]]],[[[11.82932,46.36852],[11.82798,46.36913],[11.82776,46.3694],[11.82951,46.36852],[11.83055,46.3673],[11.82932,46.36852]]],[[[11.83478,46.36903],[11.8348,46.36897],[11.83435,46.36948],[11.83478,46.36903]]],[[[11.82745,46.36961],[11.82704,46.36985],[11.82696,46.37009],[11.82745,46.36961]]],[[[11.82519,46.37118],[11.82498,46.37162],[11.82664,46.37041],[11.82519,46.37118]]],[[[11.83426,46.37285],[11.83426,46.37264],[11.83416,46.37302],[11.83426,46.37285]]],[[[11.82354,46.37338],[11.82402,46.37265],[11.82325,46.37367],[11.82354,46.37338]]],[[[11.83395,46.37332],[11.834,46.37329],[11.83402,46.37325],[11.83395,46.37332]]],[[[11.81526,46.37073],[11.81606,46.37465],[11.81824,46.37613],[11.81627,46.37476],[11.81526,46.37073]]],[[[11.8219,46.37517],[11.82183,46.37565],[11.82192,46.37534],[11.82292,46.37436],[11.82305,46.37405],[11.8219,46.37517]]],[[[11.83311,46.37566],[11.83314,46.37559],[11.83309,46.37552],[11.83311,46.37566]]],[[[11.83303,46.3762],[11.83315,46.37607],[11.83308,46.37605],[11.83303,46.3762]]],[[[11.82119,46.37651],[11.82153,46.37643],[11.82169,46.37636],[11.82119,46.37651]]],[[[11.83348,46.37722],[11.83199,46.3794],[11.83279,46.37861],[11.83348,46.37722]]],[[[11.83194,46.37947],[11.8323,46.37981],[11.83362,46.38103],[11.83194,46.37947]]],[[[11.83408,46.38159],[11.83436,46.38246],[11.83497,46.3827],[11.83408,46.38159]]],[[[11.83291,46.38598],[11.83497,46.38394],[11.83514,46.38359],[11.83291,46.38598]]],[[[11.83471,46.39483],[11.83465,46.39448],[11.83462,46.39452],[11.83471,46.39483]]],[[[11.82523,46.47545],[11.82554,46.47544],[11.8254,46.4754],[11.82523,46.47545]]],[[[11.82449,46.47549],[11.82354,46.47556],[11.8234,46.47568],[11.82449,46.47549]]],[[[11.83284,46.47631],[11.83081,46.47599],[11.82969,46.47632],[11.83284,46.47631]]],[[[11.82841,46.47617],[11.82878,46.47626],[11.82856,46.47614],[11.82841,46.47617]]],[[[11.83309,46.47634],[11.83305,46.47633],[11.83297,46.47632],[11.83309,46.47634]]],[[[11.83339,46.47637],[11.83395,46.47644],[11.83364,46.47636],[11.83339,46.47637]]],[[[11.83493,46.47655],[11.83483,46.47651],[11.83463,46.47651],[11.83493,46.47655]]],[[[11.81751,46.47655],[11.81901,46.47667],[11.81848,46.47658],[11.81751,46.47655]]],[[[11.81233,46.47824],[11.81257,46.47843],[11.81459,46.47768],[11.81659,46.47677],[11.81233,46.47824]]],[[[11.81252,46.98562],[11.81219,46.98756],[11.81346,46.98529],[11.81252,46.98562]]],[[[11.82152,46.9892],[11.82166,46.98872],[11.81932,46.98918],[11.82152,46.9892]]],[[[11.78337,46.99422],[11.82875,46.9939],[11.82661,46.9892],[11.80411,46.99193],[11.78337,46.99422]]],[[[11.836,46.1111],[11.83849,46.11126],[11.83537,46.11105],[11.836,46.1111]]],[[[11.84476,46.11202],[11.84229,46.11135],[11.84225,46.11135],[11.84476,46.11202]]],[[[11.8554,46.11273],[11.85914,46.11418],[11.8593,46.11417],[11.85642,46.11281],[11.8554,46.11273]]],[[[11.86102,46.11424],[11.86067,46.11425],[11.86122,46.1143],[11.86102,46.11424]]],[[[11.86224,46.11465],[11.86672,46.11535],[11.86156,46.1144],[11.86224,46.11465]]],[[[11.87357,46.11566],[11.87394,46.11558],[11.87387,46.11555],[11.87357,46.11566]]],[[[11.86712,46.11531],[11.86897,46.11598],[11.86812,46.11551],[11.86712,46.11531]]],[[[11.87235,46.11591],[11.87131,46.11602],[11.87001,46.11636],[11.87235,46.11591]]],[[[11.87475,46.11604],[11.87399,46.11561],[11.87544,46.11741],[11.87475,46.11604]]],[[[11.87562,46.1176],[11.87564,46.11762],[11.87596,46.11769],[11.87562,46.1176]]],[[[11.88586,46.11798],[11.88819,46.11896],[11.88712,46.11793],[11.88586,46.11798]]],[[[11.89221,46.12066],[11.89739,46.12557],[11.8944,46.12228],[11.89221,46.12066]]],[[[11.90586,46.13507],[11.905,46.13295],[11.90184,46.13048],[11.90002,46.13005],[11.90586,46.13507]]],[[[11.90766,46.14033],[11.90745,46.14024],[11.90758,46.14031],[11.90766,46.14033]]],[[[11.91353,46.23009],[11.90957,46.22439],[11.91528,46.23347],[11.91353,46.23009]]],[[[11.89489,46.25098],[11.89478,46.25093],[11.89457,46.25099],[11.89489,46.25098]]],[[[11.9005,46.2539],[11.90013,46.25359],[11.90044,46.25408],[11.9005,46.2539]]],[[[11.90082,46.25466],[11.90097,46.2549],[11.90117,46.25498],[11.90082,46.25466]]],[[[11.90518,46.25599],[11.90524,46.25594],[11.90501,46.256],[11.90518,46.25599]]],[[[11.88809,46.27419],[11.88719,46.25733],[11.88738,46.26441],[11.88809,46.27419]]],[[[11.858,46.27031],[11.85894,46.27054],[11.858,46.27022],[11.858,46.27031]]],[[[11.85465,46.27045],[11.85458,46.27047],[11.85474,46.27046],[11.85465,46.27045]]],[[[11.86336,46.27078],[11.86409,46.27099],[11.8641,46.27099],[11.86336,46.27078]]],[[[11.8611,46.27105],[11.86142,46.27097],[11.86101,46.27103],[11.8611,46.27105]]],[[[11.84859,46.27111],[11.8503,46.27106],[11.85102,46.27093],[11.84859,46.27111]]],[[[11.86434,46.27113],[11.86458,46.27125],[11.86422,46.27106],[11.86434,46.27113]]],[[[11.88612,46.27785],[11.88616,46.27759],[11.88592,46.27789],[11.88612,46.27785]]],[[[11.84076,46.30523],[11.84087,46.30521],[11.84071,46.30498],[11.84076,46.30523]]],[[[11.84182,46.30653],[11.84155,46.30658],[11.84184,46.30657],[11.84182,46.30653]]],[[[11.83931,46.30952],[11.83954,46.30959],[11.83964,46.30952],[11.83931,46.30952]]],[[[11.83597,46.3982],[11.83579,46.39753],[11.83568,46.39737],[11.83597,46.3982]]],[[[11.83614,46.39914],[11.83615,46.39922],[11.8362,46.39905],[11.83614,46.39914]]],[[[11.83952,46.40404],[11.84113,46.40704],[11.8408,46.40602],[11.83952,46.40404]]],[[[11.8401,46.41299],[11.84048,46.41266],[11.8401,46.4128],[11.8401,46.41299]]],[[[11.83826,46.41523],[11.83844,46.41503],[11.83857,46.41456],[11.83826,46.41523]]],[[[11.84393,46.42156],[11.8438,46.42181],[11.84467,46.42221],[11.84393,46.42156]]],[[[11.86804,46.43336],[11.86805,46.43335],[11.86798,46.43338],[11.86804,46.43336]]],[[[11.86828,46.43339],[11.86855,46.43341],[11.86822,46.43337],[11.86828,46.43339]]],[[[11.86867,46.43343],[11.86859,46.43342],[11.86863,46.43344],[11.86867,46.43343]]],[[[11.8633,46.43345],[11.86333,46.43344],[11.86328,46.43345],[11.8633,46.43345]]],[[[11.86927,46.43344],[11.86931,46.43345],[11.86933,46.43345],[11.86927,46.43344]]],[[[11.86955,46.43349],[11.86969,46.43347],[11.86946,46.43347],[11.86955,46.43349]]],[[[11.86691,46.43355],[11.86465,46.43338],[11.86334,46.43343],[11.86563,46.4336],[11.86691,46.43355]]],[[[11.86998,46.43354],[11.87088,46.43356],[11.86973,46.43347],[11.86998,46.43354]]],[[[11.86759,46.43356],[11.86767,46.43356],[11.86774,46.43349],[11.86759,46.43356]]],[[[11.87104,46.43358],[11.87124,46.43357],[11.87096,46.43356],[11.87104,46.43358]]],[[[11.86751,46.43358],[11.86743,46.43358],[11.86746,46.43361],[11.86751,46.43358]]],[[[11.87129,46.43358],[11.87146,46.43362],[11.87156,46.4336],[11.87129,46.43358]]],[[[11.87174,46.43364],[11.87178,46.43372],[11.8722,46.43372],[11.87174,46.43364]]],[[[11.87241,46.43377],[11.87263,46.43386],[11.87277,46.43384],[11.87241,46.43377]]],[[[11.87287,46.43385],[11.87309,46.43392],[11.87341,46.43389],[11.87287,46.43385]]],[[[11.87348,46.43392],[11.87351,46.43394],[11.87368,46.43399],[11.87348,46.43392]]],[[[11.85018,46.43424],[11.85272,46.4344],[11.84997,46.43361],[11.85018,46.43424]]],[[[11.85382,46.4345],[11.85392,46.43443],[11.8537,46.43441],[11.85382,46.4345]]],[[[11.85558,46.43494],[11.85583,46.4349],[11.85519,46.43457],[11.85425,46.43448],[11.85558,46.43494]]],[[[11.87541,46.43487],[11.8755,46.43486],[11.87555,46.43476],[11.87541,46.43487]]],[[[11.87405,46.43505],[11.87425,46.43466],[11.874,46.43497],[11.87405,46.43505]]],[[[11.87576,46.4351],[11.87557,46.43475],[11.87571,46.43503],[11.87576,46.4351]]],[[[11.87526,46.435],[11.87536,46.43492],[11.87499,46.43508],[11.87526,46.435]]],[[[11.87796,46.43704],[11.87831,46.43732],[11.87858,46.43737],[11.87796,46.43704]]],[[[11.88654,46.45389],[11.88792,46.45716],[11.88712,46.45139],[11.88654,46.45389]]],[[[11.88669,46.46472],[11.8865,46.46484],[11.88666,46.4648],[11.88669,46.46472]]],[[[11.88501,46.46573],[11.88493,46.46568],[11.88472,46.46576],[11.88501,46.46573]]],[[[11.88128,46.46755],[11.88087,46.46775],[11.88075,46.46795],[11.88128,46.46755]]],[[[11.87226,46.47287],[11.87203,46.47305],[11.87542,46.47259],[11.87226,46.47287]]],[[[11.86501,46.47303],[11.86477,46.47297],[11.86454,46.47314],[11.86501,46.47303]]],[[[11.87019,46.47302],[11.86978,46.47323],[11.87128,46.47313],[11.87019,46.47302]]],[[[11.86902,46.47315],[11.86895,46.47312],[11.8689,46.47311],[11.86902,46.47315]]],[[[11.86093,46.47339],[11.86112,46.47338],[11.86101,46.47333],[11.86093,46.47339]]],[[[11.85999,46.47361],[11.85963,46.47397],[11.86037,46.47359],[11.85999,46.47361]]],[[[11.85888,46.47398],[11.8591,46.47399],[11.85897,46.47392],[11.85888,46.47398]]],[[[11.85079,46.47524],[11.85093,46.47518],[11.84933,46.47483],[11.84799,46.47529],[11.85079,46.47524]]],[[[11.85434,46.4756],[11.85343,46.47522],[11.85406,46.47556],[11.85434,46.4756]]],[[[11.85466,46.47539],[11.85457,46.47563],[11.85548,46.47523],[11.85466,46.47539]]],[[[11.84659,46.47544],[11.84571,46.47537],[11.84511,46.47552],[11.84659,46.47544]]],[[[11.84383,46.47574],[11.84344,46.47612],[11.84446,46.47566],[11.84383,46.47574]]],[[[11.83645,46.47622],[11.83646,46.47635],[11.83789,46.47651],[11.83645,46.47622]]],[[[11.84249,46.47656],[11.84192,46.47683],[11.84267,46.47648],[11.84249,46.47656]]],[[[11.9186,46.15572],[11.92186,46.15004],[11.92082,46.15092],[11.9186,46.15572]]],[[[11.92656,46.1653],[11.92226,46.16228],[11.92189,46.16229],[11.92656,46.1653]]],[[[12.53993,46.45629],[12.56933,46.47661],[12.60629,46.46401],[12.62417,46.47519],[12.66148,46.46773],[12.65353,46.48515],[12.63014,46.50107],[12.6306,46.51212],[12.7,46.5406],[12.69922,45.80877],[12.68317,45.8],[12.65282,45.8],[12.64789,45.8197],[12.63512,45.81715],[12.63174,45.82985],[12.61634,45.82917],[12.60708,45.83864],[12.59435,45.83117],[12.59425,45.81537],[12.56545,45.83196],[12.559,45.82613],[12.54998,45.83922],[12.55897,45.84677],[12.54977,45.84996],[12.54967,45.86085],[12.52939,45.86386],[12.53701,45.86836],[12.52859,45.87732],[12.5336,45.88551],[12.5217,45.88456],[12.50746,45.89799],[12.52363,45.90341],[12.50913,45.9097],[12.506,45.92233],[12.46267,45.93326],[12.46493,45.94076],[12.45428,45.94762],[12.42591,45.9475],[12.42837,45.99537],[12.41542,46.02668],[12.39909,46.04128],[12.43734,46.08481],[12.48443,46.10424],[12.49694,46.12996],[12.4964,46.15189],[12.44733,46.17999],[12.44642,46.20778],[12.40581,46.20711],[12.40039,46.21116],[12.4093,46.22168],[12.40189,46.22899],[12.37642,46.22277],[12.33841,46.23897],[12.32111,46.2686],[12.32966,46.28398],[12.35613,46.29365],[12.35304,46.31883],[12.37733,46.33108],[12.43908,46.33493],[12.41408,46.33496],[12.42087,46.34222],[12.41768,46.35479],[12.42855,46.35167],[12.45491,46.36482],[12.45146,46.37058],[12.46328,46.36939],[12.45501,46.39155],[12.46834,46.38986],[12.49926,46.41251],[12.49442,46.42654],[12.51417,46.44639],[12.53094,46.44843],[12.53092,46.46472],[12.53993,46.45629]],[[12.47635,46.00162],[12.47036,46.00161],[12.47071,46.00161],[12.47635,46.00162]],[[12.60881,46.33503],[12.6194,46.33504],[12.60428,46.33503],[12.60881,46.33503]],[[12.45317,46.36062],[12.45315,46.33491],[12.45317,46.35393],[12.45317,46.36062]],[[12.51962,46.33498],[12.50647,46.33497],[12.50764,46.33497],[12.51962,46.33498]],[[12.48965,46.33495],[12.47861,46.33494],[12.48037,46.33494],[12.48965,46.33495]],[[12.49637,46.00164],[12.49958,46.00165],[12.49811,46.00165],[12.49637,46.00164]],[[12.54411,46.33499],[12.53314,46.33498],[12.54644,46.33499],[12.54411,46.33499]],[[12.56912,46.44241],[12.57037,46.43905],[12.57344,46.44669],[12.56912,46.44241]]],[[[11.95095,46.1703],[11.95145,46.16958],[11.94868,46.17016],[11.94647,46.17115],[11.95095,46.1703]]],[[[11.92947,46.17202],[11.9284,46.17268],[11.92839,46.17393],[11.92947,46.17202]]],[[[11.93565,46.17507],[11.93577,46.175],[11.93556,46.17508],[11.93565,46.17507]]],[[[11.92856,46.17578],[11.92843,46.17545],[11.92844,46.17579],[11.92856,46.17578]]],[[[11.95004,46.18209],[11.95258,46.18181],[11.94971,46.18083],[11.95004,46.18209]]],[[[11.9558,46.18382],[11.95623,46.18394],[11.95581,46.18339],[11.9558,46.18382]]],[[[11.95739,46.1841],[11.95687,46.18413],[11.95758,46.18416],[11.95739,46.1841]]],[[[11.95833,46.18419],[11.95842,46.18426],[11.95852,46.18429],[11.95833,46.18419]]],[[[11.95879,46.18444],[11.95868,46.18438],[11.95898,46.18473],[11.95879,46.18444]]],[[[11.96109,46.18636],[11.96071,46.18622],[11.96119,46.18656],[11.96109,46.18636]]],[[[11.96179,46.18738],[11.96245,46.18802],[11.96218,46.18765],[11.96179,46.18738]]],[[[11.96202,46.19084],[11.96234,46.19081],[11.96269,46.19064],[11.96271,46.19054],[11.96202,46.19084]]],[[[11.96163,46.19129],[11.96166,46.19122],[11.96168,46.19116],[11.96163,46.19129]]],[[[11.96199,46.19224],[11.96201,46.19217],[11.96174,46.19248],[11.96174,46.1925],[11.96199,46.19224]]],[[[11.96194,46.19324],[11.96187,46.19353],[11.96202,46.19323],[11.96194,46.19324]]],[[[11.96172,46.19467],[11.96175,46.19466],[11.96182,46.19455],[11.96172,46.19467]]],[[[11.96223,46.19776],[11.96221,46.19754],[11.96217,46.19792],[11.96223,46.19776]]],[[[11.94483,46.19946],[11.94522,46.19947],[11.94586,46.19919],[11.94308,46.19844],[11.94223,46.19901],[11.94483,46.19946]]],[[[11.96029,46.19908],[11.95989,46.19889],[11.95983,46.19889],[11.96029,46.19908]]],[[[11.95375,46.19948],[11.95167,46.19934],[11.94921,46.19963],[11.95381,46.19962],[11.95942,46.19871],[11.95463,46.19913],[11.95375,46.19948]]],[[[11.94734,46.19948],[11.94747,46.19959],[11.94737,46.19949],[11.94734,46.19948]]],[[[11.9374,46.20035],[11.94018,46.19912],[11.93939,46.19882],[11.9374,46.20035]]],[[[11.96245,46.19978],[11.96263,46.19985],[11.96256,46.19973],[11.96245,46.19978]]],[[[11.93518,46.20184],[11.93574,46.20164],[11.93594,46.20141],[11.93518,46.20184]]],[[[11.93399,46.20385],[11.934,46.20226],[11.93345,46.20233],[11.93399,46.20385]]],[[[11.93217,46.20504],[11.9316,46.20544],[11.93276,46.20478],[11.93217,46.20504]]],[[[11.92931,46.2077],[11.93093,46.20594],[11.92872,46.20812],[11.92931,46.2077]]],[[[11.92789,46.20875],[11.92797,46.20859],[11.92769,46.20882],[11.92753,46.21015],[11.92789,46.20875]]],[[[11.9264,46.21391],[11.92696,46.21285],[11.92737,46.21077],[11.92666,46.21289],[11.9264,46.21391]]],[[[11.92629,46.21493],[11.92638,46.21414],[11.92606,46.21509],[11.92629,46.21493]]],[[[11.92431,46.21713],[11.92507,46.21626],[11.92588,46.21554],[11.92594,46.21526],[11.92431,46.21713]]],[[[11.92353,46.21754],[11.92327,46.21769],[11.92346,46.21763],[11.92353,46.21754]]],[[[11.92198,46.21846],[11.92211,46.21831],[11.92126,46.21879],[11.92198,46.21846]]],[[[11.91964,46.22082],[11.91998,46.2205],[11.9205,46.21941],[11.91906,46.22096],[11.91964,46.22082]]],[[[11.91732,46.22135],[11.91723,46.22125],[11.91709,46.22132],[11.91732,46.22135]]],[[[11.91572,46.22092],[11.91365,46.22221],[11.91609,46.22103],[11.91572,46.22092]]],[[[11.91646,46.22162],[11.91647,46.22162],[11.91669,46.22152],[11.91646,46.22162]]],[[[11.91297,46.22259],[11.91323,46.22244],[11.91285,46.22264],[11.91297,46.22259]]],[[[11.92413,46.24226],[11.92406,46.24213],[11.92394,46.24209],[11.92413,46.24226]]],[[[11.92864,46.24816],[11.92896,46.24862],[11.92882,46.24829],[11.92864,46.24816]]],[[[11.92907,46.24887],[11.92905,46.24882],[11.92721,46.2485],[11.92907,46.24887]]],[[[11.91221,46.25308],[11.91303,46.25255],[11.91298,46.25237],[11.91221,46.25308]]],[[[11.999,46.53376],[11.999,46.5991],[12.04862,46.5991],[12.04604,46.58385],[11.999,46.53376]],[[12.00564,46.55339],[12.00594,46.55224],[12.00684,46.55328],[12.00564,46.55339]]],[[[12.19171,46.59524],[12.19231,46.5991],[12.20322,46.5991],[12.19478,46.59519],[12.19171,46.59524]]],[[[11.9461,46.6214],[11.9461,46.6215],[11.9462,46.6216],[11.9461,46.6214]]],[[[12.62009,46.66393],[12.63169,46.66271],[12.64223,46.65406],[12.6597,46.65911],[12.6893,46.65916],[12.7,46.65133],[12.66562,46.6579],[12.64179,46.65193],[12.61975,46.66185],[12.56492,46.65179],[12.50364,46.68034],[12.51878,46.67914],[12.52735,46.67664],[12.56809,46.65337],[12.57782,46.65859],[12.62009,46.66393]]],[[[12.3881,46.71584],[12.44087,46.69062],[12.50129,46.67982],[12.43416,46.66842],[12.40554,46.64259],[12.38007,46.6432],[12.38581,46.63047],[12.3806,46.62815],[12.38999,46.62752],[12.3851,46.62258],[12.35995,46.61937],[12.33788,46.6331],[12.33344,46.6289],[12.3324,46.7797],[12.32544,46.78392],[12.35888,46.77673],[12.36832,46.74307],[12.3881,46.71584]],[[12.34337,46.66851],[12.34448,46.66851],[12.33381,46.66853],[12.34337,46.66851]],[[12.42589,46.66832],[12.4266,46.66832],[12.41921,46.66834],[12.42589,46.66832]],[[12.3973,46.6684],[12.38944,46.66841],[12.39824,46.66839],[12.3973,46.6684]]],[[[12.3047,46.7839],[12.28741,46.78478],[12.30986,46.78699],[12.32526,46.78396],[12.3083,46.7854],[12.3047,46.7839]]],[[[12.28418,46.78614],[12.2832,46.7865],[12.28126,46.79029],[12.28418,46.78614]]],[[[12.28811,46.79898],[12.28829,46.79764],[12.2881,46.7979],[12.28811,46.79898]]],[[[12.2848,46.7991],[12.2793,46.7991],[12.282,46.7992],[12.2848,46.7991]]],[[[12.30655,46.84441],[12.30562,46.84214],[12.29609,46.8466],[12.30655,46.84441]]],[[[12.2955,46.8484],[12.2922,46.8501],[12.29143,46.85365],[12.2955,46.8484]]],[[[12.29119,46.85461],[12.2904,46.8551],[12.29007,46.85817],[12.29119,46.85461]]],[[[12.2897,46.8639],[12.29043,46.86403],[12.29042,46.86175],[12.2897,46.8639]]],[[[12.2805,46.8695],[12.2753,46.8748],[12.29134,46.86693],[12.2805,46.8695]]],[[[12.1717,46.8861],[12.17184,46.88614],[12.1718,46.8861],[12.1717,46.8861]]],[[[12.27769,46.88071],[12.2665,46.8871],[12.2468,46.889],[12.24302,46.89231],[12.27277,46.88734],[12.27769,46.88071]]],[[[12.1905,46.9075],[12.1903,46.90793],[12.19126,46.9076],[12.1905,46.9075]]],[[[12.1852,46.90847],[12.1844,46.9083],[12.1819,46.9095],[12.1852,46.90847]]],[[[12.1625,46.908],[12.15627,46.91088],[12.16838,46.91048],[12.1625,46.908]]],[[[12.16889,46.9107],[12.17096,46.91104],[12.17644,46.90947],[12.1705,46.9109],[12.16889,46.9107]]],[[[12.15113,46.95463],[12.1551,46.95266],[12.14571,46.9548],[12.15113,46.95463]]],[[[12.1362,46.96052],[12.14234,46.95715],[12.1379,46.9583],[12.1362,46.96052]]],[[[12.1289,46.9871],[12.13596,46.98506],[12.129,46.9857],[12.1289,46.9871]]],[[[12.1275,46.9974],[12.1276,46.99825],[12.13026,46.99579],[12.1275,46.9974]]],[[[12.12619,47.00165],[12.12726,47.00165],[12.12664,47.00008],[12.12565,47.00165],[12.12619,47.00165]]],[[[12.12161,47.00748],[12.12619,47.00165],[12.1215,47.0074],[12.12161,47.00748]]],[[[12.18915,47.0375],[12.1892,47.0376],[12.1892,47.0375],[12.18915,47.0375]]],[[[12.2126,47.0418],[12.21278,47.04189],[12.21269,47.04116],[12.2126,47.0418]]],[[[12.21677,47.05368],[12.21717,47.05113],[12.21571,47.05461],[12.21677,47.05368]]],[[[12.03524,47.05835],[12.03954,47.06108],[12.04884,47.06283],[12.07749,47.06062],[12.03305,47.05525],[12.03524,47.05835]]],[[[12.186,47.0921],[12.1515,47.0792],[12.119,47.0733],[12.0928,47.0763],[12.07812,47.06202],[12.09423,47.07911],[12.1199,47.07571],[12.13618,47.08346],[12.15941,47.08333],[12.186,47.09409],[12.22541,47.08448],[12.24204,47.07153],[12.186,47.0921]]]]}},{"type":"Feature","properties":{"source":"geosphere-geologicunits-500k","attribution":"© GeoSphere Austria - INSPIRE Geologische Einheiten 1:500.000 Österreich - CC BY 4.0 (modified)","license":"CC BY 4.0","scale":"1:500,000","scale_denominator":500000,"label":"interpreted"},"geometry":{"type":"MultiPolygon","coordinates":[[[[10.5538,46.84266],[10.55244,46.84979],[10.51109,46.84676],[10.48129,46.8589],[10.47006,46.85493],[10.46486,46.88416],[10.48656,46.91504],[10.48979,46.93763],[10.42406,46.95903],[10.42686,46.97554],[10.38929,47.00053],[10.37212,46.99071],[10.34646,46.98959],[10.32785,46.95413],[10.30795,46.94787],[10.3161,46.92535],[10.3,46.92416],[10.3,47.2],[12.7,47.2],[12.7,46.65344],[12.66584,46.65966],[12.64223,46.65406],[12.62009,46.66393],[12.56809,46.65337],[12.52584,46.67722],[12.48214,46.67838],[12.47526,46.68789],[12.44087,46.69062],[12.37804,46.72366],[12.35888,46.77673],[12.28418,46.78614],[12.2883,46.7991],[12.3169,46.7992],[12.3324,46.814],[12.3121,46.8222],[12.30655,46.84441],[12.29612,46.84656],[12.29132,46.8673],[12.27649,46.87525],[12.27364,46.88656],[12.24302,46.89231],[12.2494,46.8992],[12.2449,46.9077],[12.2157,46.9],[12.2046,46.9084],[12.1472,46.9148],[12.1692,46.9384],[12.1591,46.9508],[12.1362,46.96052],[12.1411,46.983],[12.129,46.98713],[12.12165,47.00697],[12.1474,47.0246],[12.16445,47.01844],[12.20485,47.02658],[12.2169,47.05853],[12.24204,47.07153],[12.22541,47.08448],[12.186,47.09409],[12.1199,47.07571],[12.09423,47.07911],[12.07749,47.06062],[12.04208,47.06197],[12.02174,47.04896],[11.97801,47.05139],[11.94815,47.03526],[11.91674,47.0347],[11.837,46.99427],[11.78337,46.99422],[11.76564,46.97497],[11.75628,46.97457],[11.74837,46.97099],[11.73558,46.97386],[11.72684,46.97408],[11.71141,46.9949],[11.66467,46.99419],[11.62767,47.0143],[11.53868,46.98559],[11.5138,47.0062],[11.48178,47.0121],[11.44094,46.97714],[11.40527,46.96682],[11.38137,46.97296],[11.35772,46.99241],[11.33719,46.98685],[11.32036,46.99406],[11.30786,46.98597],[11.26349,46.98238],[11.25856,46.97961],[11.25612,46.97646],[11.22092,46.97128],[11.20826,46.96532],[11.20242,46.97086],[11.18982,46.97286],[11.1775,46.964],[11.16444,46.96877],[11.16533,46.94354],[11.13884,46.93035],[11.11549,46.93377],[11.10944,46.91834],[11.09634,46.91489],[11.09933,46.89012],[11.07189,46.85718],[11.0702,46.8382],[11.08291,46.82307],[11.0425,46.80801],[11.0494,46.80821],[11.03951,46.80518],[11.02267,46.76802],[11.01423,46.77234],[10.91772,46.77692],[10.88158,46.76357],[10.84032,46.78196],[10.81408,46.7754],[10.78566,46.79766],[10.77835,46.79044],[10.73069,46.7922],[10.72995,46.78892],[10.72784,46.79835],[10.74592,46.80464],[10.76384,46.82332],[10.75575,46.83259],[10.69469,46.8521],[10.69763,46.86326],[10.66896,46.87961],[10.65171,46.86723],[10.62359,46.86568],[10.5538,46.84266]],[[10.89833,46.77081],[10.89899,46.7718],[10.89676,46.7717],[10.89833,46.77081]],[[11.17846,46.96542],[11.17618,46.96518],[11.17482,46.96511],[11.17628,46.96486],[11.17846,46.96542]]],[[[10.73652,46.78967],[10.74586,46.78755],[10.73419,46.78847],[10.73652,46.78967]]],[[[11.01878,46.76862],[11.02106,46.76726],[11.02148,46.76641],[11.01878,46.76862]]],[[[10.92728,46.77415],[10.92824,46.77297],[10.9243,46.77479],[10.92728,46.77415]]],[[[11.05095,46.80862],[11.05644,46.80881],[11.05675,46.80826],[11.05095,46.80862]]],[[[11.20638,46.96463],[11.20625,46.96306],[11.20492,46.96482],[11.20638,46.96463]]],[[[11.20475,46.96567],[11.19774,46.96954],[11.19854,46.97075],[11.20351,46.96935],[11.20475,46.96567]]],[[[11.21311,46.96576],[11.22668,46.97114],[11.24073,46.97008],[11.21311,46.96576]]],[[[11.19584,46.9699],[11.19652,46.97109],[11.19768,46.96955],[11.19584,46.9699]]],[[[11.25263,46.97537],[11.25573,46.9745],[11.24964,46.9744],[11.25263,46.97537]]],[[[11.27284,46.98055],[11.26525,46.98106],[11.25966,46.97967],[11.26572,46.98229],[11.27284,46.98055]]],[[[11.74027,46.97168],[11.74779,46.96935],[11.73726,46.97087],[11.74027,46.97168]]],[[[11.75254,46.9717],[11.75385,46.97249],[11.75473,46.97235],[11.75254,46.9717]]],[[[11.73507,46.97336],[11.73642,46.97112],[11.73013,46.97208],[11.73507,46.97336]]],[[[11.7274,46.97264],[11.72793,46.97277],[11.72863,46.97232],[11.7274,46.97264]]],[[[11.76312,46.97308],[11.76452,46.97308],[11.76237,46.97279],[11.76312,46.97308]]],[[[12.1518,46.95307],[12.1496,46.9539],[12.14771,46.9539],[12.1518,46.95307]]],[[[12.14759,46.9538],[12.14764,46.95384],[12.1476,46.9538],[12.14759,46.9538]]],[[[11.81188,46.99003],[11.81576,46.99],[11.81345,46.98978],[11.81188,46.99003]]],[[[11.78389,46.99211],[11.80513,46.99189],[11.80956,46.99041],[11.78935,46.98996],[11.78389,46.99211]]],[[[11.82445,46.99193],[11.82495,46.99221],[11.82521,46.99217],[11.82445,46.99193]]],[[[11.832,46.99279],[11.83274,46.99257],[11.8313,46.99254],[11.832,46.99279]]],[[[11.83581,46.99314],[11.83557,46.99341],[11.83617,46.99331],[11.83581,46.99314]]]]}}]}
