{"type":"FeatureCollection","features":[{"type":"Feature","geometry":{"type":"MultiPolygon","coordinates":[[[[13.2089,46.32481],[13.21183,46.32325],[13.21197,46.32109],[13.21399,46.31849],[13.21448,46.31565],[13.21958,46.31461],[13.22387,46.31131],[13.23006,46.3096],[13.23802,46.30509],[13.24254,46.30591],[13.24376,46.30757],[13.24301,46.31198],[13.24477,46.31379],[13.24783,46.31498],[13.25258,46.31489],[13.26315,46.31224],[13.26353,46.31148],[13.25949,46.30997],[13.25029,46.31039],[13.24768,46.30983],[13.2465,46.3086],[13.24633,46.30673],[13.24846,46.30339],[13.25099,46.30212],[13.25122,46.29909],[13.24721,46.29743],[13.24572,46.29852],[13.24114,46.29605],[13.23899,46.29616],[13.23896,46.29737],[13.23827,46.29751],[13.23702,46.29714],[13.23735,46.29627],[13.23669,46.29581],[13.2331,46.29666],[13.22941,46.29641],[13.22805,46.29688],[13.22811,46.29777],[13.23035,46.29842],[13.23067,46.29891],[13.23054,46.29972],[13.22998,46.29857],[13.22824,46.29826],[13.22625,46.30027],[13.22757,46.29655],[13.22382,46.29621],[13.22214,46.29718],[13.22171,46.2961],[13.21869,46.29661],[13.21896,46.29806],[13.21711,46.30029],[13.21735,46.29804],[13.21477,46.2957],[13.21295,46.29587],[13.21139,46.29841],[13.2069,46.29661],[13.20715,46.29865],[13.2056,46.29859],[13.20627,46.29715],[13.20143,46.29797],[13.19698,46.29703],[13.19513,46.29775],[13.19526,46.29882],[13.1967,46.29955],[13.19603,46.30018],[13.1946,46.2988],[13.19381,46.29945],[13.19057,46.29894],[13.18948,46.29954],[13.18953,46.2977],[13.18762,46.29695],[13.18662,46.29712],[13.18575,46.29919],[13.1839,46.29745],[13.18472,46.29677],[13.18448,46.2959],[13.18288,46.29497],[13.18163,46.29717],[13.18245,46.29795],[13.18339,46.3023],[13.18831,46.30362],[13.18963,46.30558],[13.18731,46.31],[13.1877,46.31309],[13.18907,46.31586],[13.1877,46.32072],[13.19132,46.32091],[13.19357,46.31913],[13.19463,46.31517],[13.19243,46.31144],[13.19479,46.30691],[13.19494,46.30518],[13.19785,46.30289],[13.20101,46.30192],[13.20097,46.30034],[13.20219,46.29908],[13.20311,46.30014],[13.20171,46.30165],[13.20321,46.30261],[13.20268,46.30446],[13.20395,46.30741],[13.21001,46.31089],[13.20727,46.31702],[13.20736,46.3202],[13.20887,46.32277],[13.20807,46.32436],[13.2089,46.32481]],[[13.24884,46.30207],[13.24857,46.30171],[13.24888,46.30171],[13.24884,46.30207]],[[13.24849,46.3012],[13.24798,46.30059],[13.24857,46.30072],[13.24849,46.3012]],[[13.24612,46.30017],[13.24557,46.29975],[13.24565,46.29939],[13.24633,46.2996],[13.24612,46.30017]],[[13.23515,46.3042],[13.23499,46.30359],[13.23577,46.30183],[13.23674,46.30122],[13.23789,46.30195],[13.23674,46.30269],[13.23705,46.30313],[13.23549,46.30326],[13.23515,46.3042]],[[13.23751,46.3038],[13.23712,46.30388],[13.2371,46.30369],[13.23751,46.3038]],[[13.2285,46.2996],[13.22876,46.30206],[13.22697,46.30217],[13.2285,46.2996]],[[13.22229,46.30809],[13.22586,46.30285],[13.22678,46.30246],[13.22711,46.30436],[13.22229,46.30809]],[[13.21977,46.31061],[13.22097,46.30916],[13.22207,46.30983],[13.22144,46.31049],[13.21977,46.31061]],[[13.21769,46.30917],[13.21546,46.30991],[13.21333,46.30556],[13.21477,46.30275],[13.2168,46.30135],[13.21864,46.30355],[13.21729,46.30418],[13.21881,46.3058],[13.21769,46.30917]],[[13.20728,46.3052],[13.20765,46.30625],[13.20924,46.30748],[13.20683,46.30705],[13.20728,46.3052]]],[[[12.68119,46.26295],[12.68153,46.26209],[12.68063,46.26009],[12.67601,46.25591],[12.6763,46.25399],[12.67564,46.25298],[12.67635,46.25189],[12.67944,46.25271],[12.68096,46.25577],[12.68361,46.25811],[12.69014,46.26052],[12.69185,46.25996],[12.68495,46.25564],[12.68269,46.25274],[12.68149,46.2455],[12.68166,46.24062],[12.67992,46.23887],[12.68063,46.23709],[12.68008,46.23351],[12.68128,46.23255],[12.68023,46.23091],[12.68091,46.22973],[12.67955,46.22947],[12.67817,46.23079],[12.67697,46.23045],[12.67674,46.22951],[12.67822,46.22674],[12.67782,46.22533],[12.6748,46.22408],[12.67299,46.22158],[12.66685,46.22029],[12.66402,46.22111],[12.66435,46.22661],[12.66564,46.22835],[12.668,46.22896],[12.66738,46.2298],[12.66503,46.22878],[12.66392,46.22984],[12.66508,46.2327],[12.66486,46.23433],[12.66596,46.23542],[12.67244,46.2376],[12.67611,46.24136],[12.67576,46.24525],[12.67356,46.24593],[12.67114,46.24133],[12.6709,46.23918],[12.6634,46.23409],[12.66376,46.23199],[12.66226,46.23092],[12.66359,46.22911],[12.66253,46.22801],[12.66413,46.22682],[12.66318,46.22322],[12.66377,46.22214],[12.65895,46.2176],[12.65533,46.21752],[12.6537,46.21832],[12.64903,46.2228],[12.6486,46.22903],[12.65005,46.23155],[12.64861,46.23178],[12.6486,46.23353],[12.65069,46.2373],[12.65347,46.23808],[12.65695,46.24481],[12.65785,46.25057],[12.65549,46.25687],[12.65741,46.25863],[12.6588,46.25833],[12.65796,46.25533],[12.66132,46.24934],[12.65936,46.24165],[12.65829,46.24109],[12.65607,46.23525],[12.65709,46.23471],[12.65873,46.23542],[12.66088,46.23826],[12.66734,46.24227],[12.66863,46.24531],[12.66981,46.24612],[12.67018,46.24894],[12.67284,46.25337],[12.67193,46.25511],[12.67206,46.25755],[12.66864,46.25979],[12.66847,46.26095],[12.67177,46.26201],[12.68119,46.26295]]],[[[12.57956,46.18407],[12.58598,46.17508],[12.58805,46.16899],[12.59182,46.16398],[12.5929,46.16323],[12.59559,46.16532],[12.59721,46.16541],[12.59847,46.16395],[12.59874,46.15869],[12.59618,46.1539],[12.58895,46.15129],[12.58899,46.14603],[12.58814,46.145],[12.58162,46.14578],[12.57808,46.14382],[12.57659,46.14058],[12.57098,46.13896],[12.569,46.13501],[12.56456,46.13087],[12.56155,46.13289],[12.55378,46.13451],[12.55086,46.13787],[12.54628,46.14114],[12.54628,46.14276],[12.5483,46.14136],[12.55054,46.1413],[12.54803,46.14304],[12.54379,46.14502],[12.54146,46.14297],[12.54074,46.14004],[12.53804,46.13836],[12.53867,46.13282],[12.53697,46.12585],[12.53463,46.12155],[12.53481,46.11782],[12.53274,46.1129],[12.53292,46.10748],[12.53059,46.10187],[12.52969,46.09421],[12.52529,46.08624],[12.51765,46.08212],[12.51532,46.08219],[12.5163,46.08393],[12.52044,46.08742],[12.52205,46.09022],[12.52214,46.09502],[12.52115,46.09776],[12.51999,46.09994],[12.51729,46.10169],[12.51487,46.10144],[12.51334,46.10032],[12.50869,46.10013],[12.50588,46.09739],[12.50238,46.09714],[12.50283,46.0949],[12.50597,46.09296],[12.50669,46.09141],[12.50301,46.08873],[12.50103,46.08898],[12.49564,46.09253],[12.4925,46.09303],[12.49124,46.09247],[12.49052,46.08985],[12.49313,46.08468],[12.49277,46.08268],[12.49106,46.08325],[12.4837,46.09203],[12.47139,46.09321],[12.46726,46.0924],[12.45594,46.08804],[12.45423,46.08848],[12.45378,46.08966],[12.45495,46.09078],[12.46753,46.09596],[12.47381,46.10025],[12.47489,46.10156],[12.47426,46.10368],[12.47265,46.1053],[12.46681,46.10748],[12.45261,46.10436],[12.4448,46.10779],[12.44453,46.10891],[12.45441,46.10835],[12.45872,46.10991],[12.46196,46.11234],[12.46582,46.11352],[12.46905,46.11358],[12.47462,46.11209],[12.48055,46.11277],[12.48316,46.11227],[12.48675,46.11489],[12.4898,46.11508],[12.49142,46.11719],[12.49295,46.11782],[12.49528,46.1175],[12.49663,46.11626],[12.49672,46.11402],[12.49582,46.11252],[12.49807,46.11296],[12.50013,46.11171],[12.50912,46.11109],[12.50615,46.11315],[12.50022,46.11526],[12.50112,46.11626],[12.50067,46.11707],[12.49438,46.11906],[12.49519,46.12124],[12.49322,46.12479],[12.49385,46.12809],[12.49573,46.12871],[12.50148,46.12635],[12.50292,46.12311],[12.50552,46.12249],[12.50714,46.12099],[12.50867,46.11757],[12.51181,46.11682],[12.51576,46.12087],[12.51639,46.12286],[12.51585,46.12467],[12.51801,46.12716],[12.519,46.13102],[12.51711,46.13207],[12.51397,46.13214],[12.50831,46.12971],[12.50463,46.12965],[12.50292,46.12871],[12.49843,46.1294],[12.4978,46.12996],[12.49897,46.13276],[12.49843,46.13537],[12.50076,46.13624],[12.50121,46.13786],[12.50355,46.13712],[12.50714,46.13761],[12.51109,46.13562],[12.5155,46.13662],[12.51253,46.13867],[12.50669,46.14017],[12.49933,46.1388],[12.49645,46.14129],[12.49636,46.14228],[12.49825,46.14346],[12.49807,46.14465],[12.50184,46.14415],[12.50454,46.14483],[12.51002,46.14396],[12.51927,46.13805],[12.52241,46.13786],[12.52367,46.13861],[12.52987,46.14533],[12.52969,46.14639],[12.52115,46.14776],[12.51675,46.14602],[12.51666,46.14496],[12.51415,46.14546],[12.51244,46.14384],[12.51136,46.14409],[12.51181,46.14564],[12.51711,46.14925],[12.53068,46.14963],[12.53247,46.15031],[12.53553,46.15442],[12.53589,46.1574],[12.54047,46.15759],[12.54092,46.15952],[12.53903,46.16388],[12.53526,46.16854],[12.5349,46.17377],[12.54388,46.18173],[12.55107,46.18397],[12.5526,46.18235],[12.55188,46.17775],[12.54882,46.17352],[12.54604,46.17115],[12.54523,46.16836],[12.54604,46.16537],[12.54757,46.16325],[12.54766,46.16089],[12.54909,46.15915],[12.54873,46.15654],[12.55238,46.15583],[12.56276,46.14979],[12.56465,46.1474],[12.56478,46.14559],[12.56536,46.14652],[12.56433,46.15228],[12.56141,46.15458],[12.55975,46.15704],[12.55777,46.16121],[12.55768,46.16283],[12.55899,46.16308],[12.55414,46.17039],[12.55405,46.1716],[12.55575,46.17415],[12.55467,46.1799],[12.55993,46.17779],[12.56438,46.17452],[12.5659,46.17225],[12.56766,46.17207],[12.5695,46.17325],[12.5659,46.18053],[12.56941,46.18233],[12.57188,46.18221],[12.57659,46.17312],[12.57893,46.17185],[12.58001,46.17269],[12.58108,46.17592],[12.57969,46.17953],[12.57956,46.18407]],[[12.55508,46.14565],[12.55328,46.14662],[12.55041,46.15079],[12.54694,46.15367],[12.54415,46.14726],[12.54433,46.14547],[12.55288,46.14447],[12.55494,46.14484],[12.55508,46.14565]],[[12.49169,46.09913],[12.49169,46.09795],[12.49376,46.09658],[12.49349,46.09863],[12.49169,46.09913]],[[12.47804,46.10816],[12.47902,46.10611],[12.48037,46.10555],[12.48073,46.10735],[12.47804,46.10816]]],[[[11.82393,45.89212],[11.82661,45.88996],[11.8308,45.88996],[11.83009,45.8866],[11.829,45.88596],[11.82877,45.88666],[11.82705,45.8845],[11.82529,45.8848],[11.82312,45.89155],[11.82393,45.89212]]],[[[11.80455,45.91848],[11.80562,45.91804],[11.80531,45.91608],[11.80745,45.91098],[11.80427,45.90658],[11.80666,45.90544],[11.8073,45.90382],[11.80906,45.90394],[11.81121,45.9029],[11.80929,45.89792],[11.81073,45.8953],[11.80976,45.89203],[11.81155,45.89093],[11.81178,45.88982],[11.80863,45.88697],[11.81277,45.88409],[11.81648,45.88419],[11.81635,45.88293],[11.81471,45.88145],[11.8152,45.87936],[11.81327,45.87949],[11.8107,45.87753],[11.81357,45.87735],[11.81422,45.87621],[11.80922,45.87321],[11.80941,45.87213],[11.8144,45.86994],[11.81226,45.86926],[11.8117,45.86764],[11.81289,45.86093],[11.81194,45.8606],[11.80934,45.86289],[11.80447,45.86209],[11.80466,45.85698],[11.7978,45.85554],[11.79363,45.85546],[11.7994,45.85815],[11.79958,45.85878],[11.7984,45.85905],[11.79617,45.85732],[11.79593,45.85912],[11.79687,45.86081],[11.79242,45.85909],[11.79177,45.86055],[11.79097,45.86063],[11.78941,45.85955],[11.78891,45.85811],[11.78751,45.86166],[11.78343,45.86288],[11.78256,45.86154],[11.78039,45.86091],[11.77606,45.85744],[11.7727,45.85805],[11.77193,45.85889],[11.77243,45.86016],[11.77491,45.86085],[11.77729,45.86264],[11.77968,45.86583],[11.78254,45.86659],[11.78366,45.86925],[11.78522,45.8691],[11.78651,45.86773],[11.78648,45.86943],[11.79007,45.87135],[11.78774,45.87293],[11.78307,45.8739],[11.77626,45.87405],[11.77583,45.87471],[11.7814,45.87547],[11.7865,45.87476],[11.7893,45.87555],[11.78293,45.87689],[11.77902,45.87897],[11.77615,45.87955],[11.76816,45.87726],[11.76546,45.87968],[11.7688,45.87987],[11.77081,45.88274],[11.77394,45.8845],[11.78524,45.88387],[11.78931,45.8823],[11.79317,45.8825],[11.78637,45.88586],[11.78188,45.88633],[11.77993,45.88892],[11.77826,45.88827],[11.77586,45.88917],[11.77522,45.89286],[11.77647,45.89494],[11.78023,45.89536],[11.78341,45.90171],[11.78509,45.90146],[11.79116,45.90533],[11.79011,45.90729],[11.79048,45.90814],[11.79496,45.90766],[11.80123,45.90979],[11.80181,45.91061],[11.80129,45.91297],[11.80264,45.91673],[11.80455,45.91848]],[[11.80498,45.87877],[11.8023,45.87852],[11.80199,45.8782],[11.80446,45.87805],[11.80498,45.87877]],[[11.80357,45.8768],[11.80228,45.87655],[11.8038,45.87653],[11.80357,45.8768]],[[11.80121,45.88678],[11.8004,45.88591],[11.80008,45.88493],[11.80267,45.88669],[11.80121,45.88678]],[[11.80242,45.89443],[11.80108,45.89347],[11.80054,45.88887],[11.80248,45.8897],[11.80242,45.89443]],[[11.79933,45.90607],[11.79629,45.90201],[11.79584,45.89999],[11.79119,45.89724],[11.79078,45.89581],[11.7921,45.89318],[11.79311,45.89294],[11.79616,45.89593],[11.80014,45.89746],[11.80173,45.89948],[11.80107,45.90427],[11.79933,45.90607]],[[11.78475,45.88171],[11.78187,45.88142],[11.78419,45.88014],[11.79108,45.87958],[11.78475,45.88171]]],[[[11.54016,46.01386],[11.54385,46.01379],[11.54385,46.01158],[11.54712,46.01333],[11.54964,46.01149],[11.55224,46.0113],[11.55395,46.01214],[11.55862,46.00915],[11.56078,46.00634],[11.56612,46.00266],[11.57825,45.99926],[11.58768,45.99195],[11.59137,45.99008],[11.59554,45.99021],[11.60084,45.99267],[11.60304,45.99258],[11.60336,45.98955],[11.60206,45.98593],[11.60255,45.98372],[11.60565,45.97841],[11.60996,45.97526],[11.6198,45.9742],[11.62052,45.97204],[11.62159,45.97136],[11.62025,45.94241],[11.61549,45.94272],[11.60619,45.946],[11.59244,45.95478],[11.58099,45.95562],[11.57021,45.95137],[11.5615,45.95156],[11.56046,45.95059],[11.55975,45.94728],[11.56675,45.93957],[11.56859,45.93526],[11.5685,45.93254],[11.56698,45.92957],[11.56734,45.92523],[11.56522,45.92348],[11.56662,45.92239],[11.56698,45.91964],[11.56873,45.9181],[11.57008,45.91535],[11.5703,45.91198],[11.57277,45.90757],[11.57066,45.90235],[11.56666,45.89892],[11.56531,45.89541],[11.56419,45.89573],[11.56262,45.9006],[11.56639,45.90898],[11.56455,45.91379],[11.5597,45.91704],[11.55615,45.92217],[11.55121,45.92248],[11.54892,45.92388],[11.54753,45.92585],[11.54793,45.92985],[11.54578,45.93129],[11.5403,45.9376],[11.53693,45.93932],[11.53518,45.93794],[11.53405,45.93544],[11.53441,45.9281],[11.53589,45.92604],[11.53679,45.92039],[11.5345,45.91467],[11.53473,45.90679],[11.53598,45.89885],[11.53881,45.88969],[11.535,45.88519],[11.53095,45.884],[11.52965,45.88525],[11.52916,45.89323],[11.52655,45.89776],[11.52467,45.9066],[11.52417,45.91567],[11.52498,45.91929],[11.52332,45.92073],[11.52089,45.92798],[11.52112,45.93935],[11.52345,45.9435],[11.52359,45.94625],[11.52291,45.94828],[11.51874,45.95325],[11.51851,45.95806],[11.51317,45.96236],[11.5107,45.96346],[11.50944,45.96308],[11.50805,45.95765],[11.50648,45.95615],[11.50068,45.95359],[11.50122,45.94778],[11.50032,45.94375],[11.49857,45.94085],[11.4987,45.93404],[11.49381,45.92498],[11.48851,45.91982],[11.48739,45.9171],[11.48519,45.91548],[11.48069,45.91501],[11.47072,45.90982],[11.46884,45.90798],[11.4692,45.90292],[11.47207,45.89885],[11.47319,45.89551],[11.47414,45.88338],[11.47252,45.8816],[11.46646,45.88138],[11.46425,45.88432],[11.46192,45.88579],[11.46102,45.88801],[11.46138,45.89176],[11.45608,45.9031],[11.45096,45.91051],[11.44853,45.91829],[11.44759,45.92626],[11.44822,45.92742],[11.44993,45.92813],[11.45401,45.92648],[11.46151,45.9187],[11.46412,45.9186],[11.4674,45.92417],[11.46789,45.93251],[11.46619,45.93904],[11.46318,45.94332],[11.46246,45.94853],[11.46151,45.95022],[11.45401,45.95406],[11.45033,45.96277],[11.44723,45.96436],[11.44795,45.98119],[11.45577,45.98587],[11.45707,45.98874],[11.46205,45.99133],[11.46273,45.99551],[11.46632,45.99483],[11.47337,45.9976],[11.47508,45.99841],[11.47584,46.00013],[11.47885,46.0006],[11.47899,46.00256],[11.48002,46.00369],[11.482,46.00419],[11.48532,46.00359],[11.48698,46.00459],[11.48842,46.00681],[11.49331,46.00955],[11.49848,46.01074],[11.50818,46.01071],[11.5111,46.01236],[11.51213,46.01139],[11.51092,46.01043],[11.51604,46.01014],[11.51766,46.00921],[11.5204,46.01139],[11.52579,46.01195],[11.5301,46.01139],[11.53356,46.01186],[11.53455,46.0127],[11.53769,46.0127],[11.54016,46.01386]],[[11.56572,45.99399],[11.56388,45.99152],[11.55534,45.99142],[11.55539,45.98977],[11.5575,45.98846],[11.56159,45.98833],[11.56527,45.98712],[11.57165,45.98915],[11.57196,45.99052],[11.57026,45.99305],[11.56837,45.99417],[11.56572,45.99399]],[[11.49929,45.97139],[11.49853,45.96748],[11.49646,45.96336],[11.49749,45.9619],[11.49821,45.96196],[11.49978,45.96661],[11.5032,45.96933],[11.50207,45.97129],[11.49929,45.97139]],[[11.47517,45.95287],[11.47436,45.95187],[11.47427,45.94972],[11.47611,45.94419],[11.4767,45.93182],[11.47849,45.92957],[11.48177,45.92835],[11.48339,45.93566],[11.48262,45.94466],[11.4767,45.95218],[11.47517,45.95287]],[[11.47804,45.96667],[11.47921,45.96664],[11.48123,45.96845],[11.48137,45.97142],[11.48051,45.97267],[11.47804,45.96667]],[[11.47728,45.96018],[11.4798,45.96358],[11.47863,45.96539],[11.47777,45.96546],[11.4758,45.96015],[11.47517,45.95459],[11.47818,45.9564],[11.47728,45.96018]]]]},"properties":{"mid":"030","pid":"092-100","source_citation":"Rettig et al., 2023","source_reference":"Rettig, L., Monegato, G., Spagnolo, M., Hajdas, I. & Mozzi, P. The Equilibrium Line Altitude of isolated glaciers during the Last Glacial Maximum \u2013 New insights from the geomorphological record of the Monte Cavallo Group (south-eastern European Alps).","source_doi":"10.1016/j.catena.2023.107187","source_year":2023,"range":"Central European Highlands","sub_range":"Eastern Alps","deglaciation_upper_yr":25500,"deglaciation_lower_yr":23500,"area_km2":162.291061194,"paleo_ela_m":1342.22}},{"type":"Feature","geometry":{"type":"MultiPolygon","coordinates":[[[[13.5,46.22135],[13.48633,46.22841],[13.47887,46.22959],[13.47063,46.22841],[13.44393,46.22841],[13.44236,46.22449],[13.44433,46.22096],[13.4404,46.21625],[13.43451,46.21389],[13.42745,46.2135],[13.42038,46.21507],[13.41606,46.22056],[13.42195,46.23077],[13.43726,46.23155],[13.43962,46.23901],[13.4349,46.24255],[13.42352,46.2398],[13.42077,46.24176],[13.41606,46.24333],[13.4086,46.24765],[13.4035,46.25629],[13.40914,46.26202],[13.42566,46.26336],[13.4404,46.26559],[13.48596,46.26157],[13.5,46.26157],[13.5,46.22135]]],[[[13.5,46.27756],[13.46988,46.2848],[13.4212,46.29373],[13.40691,46.29418],[13.39931,46.29597],[13.38055,46.29552],[13.37787,46.29686],[13.37653,46.29909],[13.38145,46.30043],[13.4011,46.30043],[13.40959,46.30803],[13.41897,46.30624],[13.41629,46.31204],[13.41673,46.3174],[13.42075,46.32098],[13.42432,46.32321],[13.42924,46.32366],[13.43951,46.32276],[13.44174,46.325],[13.44219,46.33616],[13.44487,46.34152],[13.44308,46.3518],[13.4471,46.36162],[13.45112,46.36296],[13.46274,46.36296],[13.4681,46.36207],[13.4739,46.35939],[13.47748,46.35894],[13.48418,46.36296],[13.48239,46.36654],[13.48373,46.371],[13.5,46.37334],[13.5,46.27756]]]]},"properties":{"mid":"040","pid":"182-183","source_citation":"Ferk et al., 2017","source_reference":"Ferk, M., Gabrovec, M., Komac, B., Zorn, M. & Stepi\u0161nik, U. Pleistocene glaciation in Mediterranean Slovenia. SP 433, 179\u2013191 (2017)","source_doi":"10.1144/SP433.2","source_year":2017,"range":"Central European Highlands, Southeast European Highlands","sub_range":"Eastern Alps, High Dinaric Alps","deglaciation_upper_yr":25000,"deglaciation_lower_yr":23000,"area_km2":1706.35241117,"paleo_ela_m":1185.0}},{"type":"Feature","geometry":{"type":"MultiPolygon","coordinates":[[[[10.56903,47.49979],[10.56648,47.48981],[10.56511,47.48838],[10.537,47.48593],[10.53268,47.4864],[10.52948,47.48792],[10.52773,47.48994],[10.52559,47.49528],[10.5219,47.49784],[10.51361,47.49923],[10.49656,47.49851],[10.48892,47.5],[10.56903,47.49979]]],[[[10.40196,47.49983],[10.40174,47.49437],[10.40281,47.48833],[10.419,47.48293],[10.42938,47.47774],[10.44067,47.47029],[10.44429,47.46148],[10.44519,47.45245],[10.43706,47.43732],[10.42893,47.42716],[10.42035,47.41994],[10.41832,47.41023],[10.41493,47.40413],[10.41019,47.40142],[10.40319,47.403],[10.38784,47.403],[10.38219,47.40503],[10.37993,47.40752],[10.38016,47.41339],[10.38422,47.41971],[10.38897,47.42378],[10.41042,47.42716],[10.42125,47.4371],[10.42329,47.44161],[10.42003,47.45134],[10.42008,47.45582],[10.41886,47.45982],[10.41518,47.46231],[10.40808,47.46427],[10.40591,47.46664],[10.40555,47.47029],[10.40277,47.47236],[10.39489,47.47555],[10.39279,47.47829],[10.39249,47.48031],[10.38596,47.48015],[10.36663,47.4746],[10.36256,47.46933],[10.35964,47.46286],[10.3596,47.45672],[10.36134,47.44747],[10.35989,47.44054],[10.35671,47.43823],[10.35397,47.43895],[10.34414,47.44675],[10.34255,47.45036],[10.34414,47.45629],[10.35093,47.46496],[10.35512,47.47204],[10.36813,47.47984],[10.37294,47.49083],[10.36194,47.49124],[10.35115,47.48935],[10.34035,47.48463],[10.33648,47.47995],[10.33422,47.47849],[10.32667,47.47784],[10.32413,47.47659],[10.32193,47.47451],[10.321,47.47202],[10.32171,47.46075],[10.32088,47.45674],[10.31672,47.45189],[10.30968,47.44952],[10.30715,47.44543],[10.30602,47.44158],[10.30586,47.42517],[10.30304,47.40525],[10.30392,47.39998],[10.30648,47.39596],[10.30908,47.39414],[10.31593,47.39376],[10.32026,47.39425],[10.32909,47.39707],[10.33624,47.39688],[10.34004,47.39566],[10.35226,47.38908],[10.36066,47.38681],[10.36624,47.3871],[10.37323,47.39055],[10.37841,47.39006],[10.37917,47.38899],[10.37893,47.38642],[10.37541,47.38199],[10.37486,47.37966],[10.3753,47.37734],[10.37868,47.37239],[10.38017,47.36664],[10.37994,47.3609],[10.37775,47.35652],[10.37617,47.3553],[10.37383,47.35509],[10.3653,47.35632],[10.36259,47.35785],[10.36091,47.36067],[10.3606,47.36396],[10.36433,47.36799],[10.36486,47.37029],[10.36174,47.37306],[10.34864,47.3745],[10.33775,47.38181],[10.32985,47.38423],[10.32327,47.38448],[10.32074,47.38362],[10.31802,47.38146],[10.31313,47.38086],[10.31163,47.3793],[10.31124,47.37761],[10.31165,47.37605],[10.31323,47.37454],[10.31799,47.37213],[10.33393,47.3699],[10.33931,47.36776],[10.34413,47.36184],[10.34912,47.35932],[10.35245,47.35659],[10.35469,47.35319],[10.35573,47.34949],[10.35469,47.34804],[10.35135,47.34633],[10.34502,47.34616],[10.34292,47.3478],[10.33907,47.35433],[10.33219,47.36001],[10.32409,47.36309],[10.31981,47.36341],[10.31739,47.36227],[10.31475,47.35761],[10.31452,47.3541],[10.31544,47.35201],[10.32043,47.34991],[10.32957,47.34944],[10.33361,47.34791],[10.33759,47.34223],[10.34289,47.33805],[10.34461,47.3328],[10.3421,47.33086],[10.33723,47.3312],[10.32622,47.33696],[10.32371,47.33734],[10.32076,47.33664],[10.31852,47.33403],[10.31697,47.32969],[10.31676,47.32677],[10.31758,47.32408],[10.32289,47.32023],[10.33391,47.31755],[10.3356,47.31464],[10.33574,47.31128],[10.33175,47.30957],[10.32609,47.31048],[10.32422,47.31169],[10.32088,47.31657],[10.31741,47.31863],[10.31502,47.31912],[10.31267,47.31687],[10.31294,47.31013],[10.30985,47.30795],[10.30605,47.30747],[10.30341,47.30866],[10.30112,47.31187],[10.30143,47.31767],[10.3005,47.31982],[10.29426,47.32223],[10.28966,47.32905],[10.28899,47.33603],[10.29218,47.35198],[10.29236,47.35883],[10.29125,47.36442],[10.28966,47.36699],[10.28757,47.36794],[10.28448,47.36721],[10.28252,47.36524],[10.28102,47.36118],[10.27913,47.3471],[10.27867,47.33619],[10.28015,47.3239],[10.28348,47.31392],[10.28419,47.30773],[10.28616,47.30414],[10.28566,47.30096],[10.28327,47.29949],[10.27903,47.29901],[10.2752,47.29598],[10.27214,47.2956],[10.27075,47.29617],[10.26976,47.29781],[10.26899,47.30381],[10.267,47.3042],[10.26417,47.30346],[10.2576,47.2969],[10.24994,47.29474],[10.24067,47.28752],[10.23384,47.28561],[10.23173,47.28131],[10.23207,47.28036],[10.23464,47.27952],[10.23352,47.27715],[10.23083,47.27629],[10.22299,47.27631],[10.21866,47.27495],[10.21767,47.27045],[10.21828,47.26732],[10.22221,47.26342],[10.22963,47.26124],[10.23466,47.25813],[10.23854,47.25762],[10.24346,47.25834],[10.24618,47.26002],[10.24886,47.26385],[10.24981,47.27264],[10.25117,47.2756],[10.25589,47.27822],[10.26165,47.27851],[10.26521,47.27637],[10.26663,47.27326],[10.26559,47.26756],[10.26185,47.26085],[10.26248,47.25659],[10.2643,47.25564],[10.27817,47.25364],[10.28255,47.25416],[10.28703,47.25592],[10.28961,47.25764],[10.29352,47.26196],[10.29872,47.26447],[10.31051,47.26519],[10.31687,47.26767],[10.32358,47.26753],[10.3277,47.27036],[10.32934,47.27408],[10.32939,47.2783],[10.32613,47.28116],[10.32232,47.28194],[10.31429,47.2817],[10.3065,47.27849],[10.301,47.27776],[10.2948,47.27902],[10.29315,47.28055],[10.29304,47.28185],[10.29551,47.28443],[10.29936,47.28655],[10.30937,47.28893],[10.31679,47.29161],[10.31847,47.29325],[10.31895,47.29788],[10.321,47.30024],[10.32336,47.2999],[10.32513,47.29673],[10.32904,47.29689],[10.33565,47.30617],[10.34784,47.31078],[10.35416,47.31662],[10.35684,47.31796],[10.35918,47.31762],[10.35772,47.31297],[10.34987,47.30746],[10.34355,47.30469],[10.34259,47.30339],[10.34232,47.30091],[10.34389,47.2983],[10.34977,47.2974],[10.35262,47.29468],[10.3542,47.29085],[10.35348,47.28174],[10.35408,47.27812],[10.3556,47.27598],[10.36093,47.27539],[10.36356,47.27581],[10.36686,47.27845],[10.37185,47.27894],[10.37326,47.28088],[10.37331,47.28233],[10.37147,47.28339],[10.3641,47.28326],[10.36344,47.28677],[10.36593,47.28846],[10.36978,47.28954],[10.37412,47.28964],[10.38314,47.28588],[10.3899,47.28507],[10.39375,47.28577],[10.39748,47.2885],[10.39657,47.29069],[10.3944,47.29192],[10.39047,47.29298],[10.38322,47.29338],[10.37849,47.29611],[10.37262,47.29658],[10.37093,47.29962],[10.37126,47.30407],[10.36959,47.30811],[10.36984,47.30938],[10.37121,47.31038],[10.37562,47.30943],[10.37837,47.30635],[10.38015,47.30292],[10.38173,47.30201],[10.38531,47.30205],[10.3898,47.30461],[10.40267,47.30236],[10.40717,47.30468],[10.41031,47.30981],[10.41315,47.31268],[10.41858,47.31521],[10.4206,47.31367],[10.42254,47.31013],[10.42247,47.30275],[10.42392,47.30172],[10.42669,47.30143],[10.44621,47.30544],[10.4471,47.30675],[10.44739,47.31165],[10.44969,47.31329],[10.46005,47.31185],[10.46937,47.3126],[10.46969,47.31349],[10.46732,47.31737],[10.46887,47.32068],[10.47388,47.32226],[10.48152,47.32245],[10.48659,47.32421],[10.48956,47.32708],[10.49277,47.33368],[10.49608,47.33757],[10.49976,47.33909],[10.51039,47.34074],[10.51432,47.3426],[10.51947,47.34746],[10.52631,47.34825],[10.53038,47.35284],[10.52964,47.3563],[10.52725,47.35755],[10.5056,47.36043],[10.49534,47.36025],[10.48098,47.35843],[10.4794,47.35722],[10.47931,47.35392],[10.47733,47.35229],[10.47188,47.35487],[10.46885,47.35457],[10.46782,47.34979],[10.4684,47.34365],[10.46654,47.34007],[10.46422,47.33819],[10.46093,47.33895],[10.46212,47.34525],[10.46062,47.34798],[10.45846,47.34969],[10.45364,47.34985],[10.44454,47.34645],[10.44251,47.34433],[10.44164,47.34167],[10.44729,47.34025],[10.44847,47.33674],[10.44734,47.33357],[10.44391,47.33149],[10.44077,47.33129],[10.43778,47.3324],[10.43561,47.33753],[10.43331,47.33927],[10.43071,47.33893],[10.42962,47.3373],[10.42963,47.33372],[10.43176,47.33046],[10.43032,47.329],[10.4277,47.32971],[10.42554,47.33493],[10.42141,47.33739],[10.41578,47.33774],[10.40794,47.336],[10.40577,47.33413],[10.40619,47.33141],[10.40772,47.32983],[10.41169,47.32881],[10.41299,47.32648],[10.41235,47.32422],[10.40907,47.32292],[10.40574,47.32306],[10.40284,47.32454],[10.40132,47.3268],[10.40111,47.33079],[10.3983,47.33219],[10.39454,47.33205],[10.39197,47.3307],[10.39086,47.32856],[10.39182,47.32507],[10.39133,47.32402],[10.38495,47.32273],[10.38018,47.32387],[10.37957,47.32728],[10.37841,47.32791],[10.3752,47.328],[10.36708,47.3259],[10.3664,47.32699],[10.36656,47.32966],[10.36958,47.33621],[10.37559,47.34078],[10.38037,47.34155],[10.3834,47.33917],[10.38715,47.33867],[10.39375,47.34016],[10.39593,47.34368],[10.39225,47.34615],[10.39194,47.34796],[10.39338,47.34918],[10.39955,47.34975],[10.4114,47.34917],[10.42189,47.35295],[10.4274,47.35363],[10.4271,47.35637],[10.42528,47.35738],[10.41308,47.35772],[10.399,47.3556],[10.39465,47.35636],[10.39373,47.35749],[10.39429,47.35926],[10.39547,47.3601],[10.40467,47.36176],[10.40788,47.36317],[10.41023,47.36611],[10.41044,47.37018],[10.4119,47.37209],[10.41481,47.37288],[10.42111,47.37271],[10.426,47.37685],[10.42834,47.37783],[10.43056,47.37747],[10.43141,47.3715],[10.43387,47.36895],[10.43964,47.36837],[10.45062,47.36913],[10.46049,47.36623],[10.46444,47.36679],[10.46604,47.36778],[10.46621,47.37055],[10.46374,47.37306],[10.46275,47.37599],[10.46437,47.37782],[10.46738,47.37859],[10.47716,47.37776],[10.4815,47.37481],[10.48435,47.37383],[10.49556,47.37284],[10.50546,47.37356],[10.5081,47.37608],[10.51192,47.37706],[10.51427,47.37697],[10.5171,47.37515],[10.52056,47.37476],[10.52473,47.37522],[10.52823,47.37665],[10.53156,47.37996],[10.53361,47.38434],[10.53369,47.38793],[10.53164,47.39197],[10.53243,47.3945],[10.53404,47.39599],[10.53916,47.39814],[10.54055,47.40012],[10.54079,47.4022],[10.53855,47.4035],[10.53222,47.40399],[10.52757,47.40339],[10.52112,47.39781],[10.51878,47.39686],[10.5142,47.39758],[10.50801,47.40068],[10.50381,47.401],[10.50005,47.39796],[10.4981,47.39298],[10.49551,47.39239],[10.49163,47.39478],[10.49186,47.40223],[10.4906,47.40503],[10.48884,47.40669],[10.48436,47.40833],[10.47145,47.40835],[10.4637,47.40643],[10.45877,47.40231],[10.45842,47.3986],[10.46082,47.39571],[10.46146,47.39354],[10.46138,47.39205],[10.46042,47.39121],[10.45818,47.39078],[10.45518,47.39212],[10.45218,47.39205],[10.44949,47.3866],[10.44684,47.38499],[10.44422,47.38488],[10.44343,47.38531],[10.44369,47.38663],[10.44615,47.38869],[10.44657,47.39061],[10.44317,47.39256],[10.44264,47.39427],[10.44339,47.39761],[10.44748,47.39772],[10.44982,47.40177],[10.44998,47.40468],[10.44911,47.40726],[10.44794,47.40849],[10.44483,47.40936],[10.44418,47.41054],[10.44437,47.41262],[10.44694,47.41425],[10.45074,47.41477],[10.45957,47.41338],[10.46983,47.41389],[10.47247,47.41517],[10.47438,47.4177],[10.4739,47.42097],[10.47123,47.42193],[10.47157,47.42369],[10.47314,47.42494],[10.47608,47.42572],[10.47919,47.4255],[10.48061,47.42209],[10.48478,47.42082],[10.48619,47.42139],[10.48785,47.4251],[10.48919,47.42589],[10.49202,47.42556],[10.49358,47.42286],[10.49591,47.42253],[10.49753,47.42423],[10.49669,47.42673],[10.49783,47.42715],[10.50106,47.42615],[10.50566,47.4204],[10.51546,47.41824],[10.52167,47.4184],[10.52513,47.41975],[10.52563,47.42229],[10.525,47.42385],[10.52151,47.42683],[10.52091,47.42906],[10.52245,47.43084],[10.52499,47.43112],[10.52937,47.43044],[10.53252,47.42814],[10.53792,47.42775],[10.54586,47.42526],[10.55553,47.42539],[10.56011,47.42466],[10.56156,47.42281],[10.56388,47.41349],[10.56377,47.40263],[10.55979,47.37633],[10.56006,47.34341],[10.55923,47.32497],[10.55835,47.31817],[10.5564,47.31118],[10.55326,47.30655],[10.54897,47.30497],[10.54359,47.30632],[10.53665,47.30535],[10.53036,47.30907],[10.52645,47.30909],[10.52456,47.30786],[10.52435,47.30487],[10.52312,47.3032],[10.52108,47.30163],[10.51554,47.29977],[10.51448,47.29767],[10.5148,47.29631],[10.51804,47.2959],[10.51968,47.29427],[10.51821,47.28918],[10.51893,47.28675],[10.5238,47.28464],[10.53017,47.28372],[10.53513,47.2856],[10.53699,47.28284],[10.53944,47.28231],[10.54549,47.28376],[10.54867,47.28658],[10.55146,47.28616],[10.5513,47.28329],[10.54991,47.28068],[10.54435,47.27863],[10.54346,47.27741],[10.5441,47.27534],[10.54721,47.27402],[10.55018,47.27397],[10.55288,47.27533],[10.55452,47.27209],[10.55318,47.26188],[10.55373,47.25156],[10.55324,47.24347],[10.55211,47.23828],[10.54998,47.23407],[10.5483,47.23271],[10.54637,47.23252],[10.5396,47.235],[10.53265,47.23573],[10.53131,47.24009],[10.5328,47.24572],[10.52826,47.24807],[10.52219,47.248],[10.52188,47.25275],[10.51868,47.2516],[10.51683,47.24813],[10.51508,47.24705],[10.51192,47.24639],[10.50935,47.24772],[10.50789,47.25003],[10.50754,47.25293],[10.50846,47.25568],[10.51109,47.25859],[10.51109,47.25991],[10.5037,47.26627],[10.50372,47.27519],[10.49859,47.27825],[10.49646,47.28046],[10.49512,47.28275],[10.49441,47.28684],[10.49069,47.28823],[10.48772,47.28708],[10.48499,47.2846],[10.48339,47.27851],[10.47827,47.27727],[10.47592,47.27416],[10.47641,47.27159],[10.47789,47.26944],[10.48499,47.2654],[10.48766,47.26246],[10.48825,47.25787],[10.48644,47.2547],[10.48131,47.25455],[10.47488,47.25672],[10.47026,47.25598],[10.46806,47.25664],[10.46425,47.26145],[10.462,47.26834],[10.46049,47.27059],[10.45464,47.27431],[10.44881,47.27572],[10.44566,47.27512],[10.44365,47.27317],[10.44318,47.27078],[10.44477,47.2683],[10.44351,47.26571],[10.4404,47.26452],[10.43495,47.265],[10.43248,47.26447],[10.4272,47.26188],[10.42427,47.25832],[10.42511,47.25609],[10.42798,47.2555],[10.42782,47.25364],[10.42603,47.25106],[10.42661,47.25029],[10.43027,47.24931],[10.43928,47.24898],[10.4446,47.24582],[10.44772,47.24488],[10.45456,47.24629],[10.45918,47.24408],[10.4663,47.24373],[10.4701,47.24133],[10.47083,47.23674],[10.47256,47.23562],[10.47866,47.23597],[10.48386,47.2375],[10.48894,47.23748],[10.49107,47.23565],[10.4897,47.23186],[10.49082,47.23039],[10.49318,47.23021],[10.49891,47.23186],[10.50055,47.23137],[10.50144,47.22801],[10.49855,47.22577],[10.50071,47.22297],[10.50537,47.22144],[10.51484,47.22062],[10.51595,47.21978],[10.51563,47.21688],[10.50938,47.21396],[10.50567,47.21429],[10.49989,47.21829],[10.49749,47.21911],[10.49422,47.21883],[10.48966,47.21658],[10.48548,47.21593],[10.48248,47.21709],[10.48175,47.22138],[10.48089,47.22255],[10.47645,47.2242],[10.47403,47.22397],[10.47271,47.22095],[10.47329,47.2174],[10.47952,47.21503],[10.48082,47.21367],[10.48106,47.21172],[10.4786,47.21032],[10.47348,47.21053],[10.46985,47.20586],[10.46681,47.19932],[10.46478,47.1908],[10.4654,47.18908],[10.46909,47.18855],[10.46848,47.18587],[10.46489,47.18056],[10.45896,47.17641],[10.45631,47.17699],[10.45517,47.17862],[10.45633,47.18298],[10.45806,47.18596],[10.45803,47.18821],[10.45291,47.19076],[10.45119,47.19364],[10.45183,47.19602],[10.45421,47.19706],[10.45468,47.19822],[10.45452,47.20036],[10.45267,47.20438],[10.45258,47.20745],[10.45689,47.21157],[10.45728,47.21497],[10.45379,47.21939],[10.4482,47.22127],[10.43561,47.22152],[10.43283,47.22096],[10.43198,47.21969],[10.43192,47.21744],[10.43708,47.21628],[10.4384,47.21379],[10.43844,47.21098],[10.43384,47.2098],[10.43289,47.20619],[10.43002,47.20372],[10.42202,47.20201],[10.42081,47.1992],[10.42102,47.19461],[10.41823,47.19366],[10.41443,47.1943],[10.41042,47.19045],[10.40671,47.18897],[10.39988,47.18781],[10.39743,47.18847],[10.39686,47.1916],[10.39757,47.19436],[10.40553,47.19943],[10.40767,47.20242],[10.40899,47.2071],[10.40891,47.21749],[10.4096,47.2216],[10.41119,47.2243],[10.41651,47.22903],[10.41885,47.23365],[10.41723,47.23631],[10.41358,47.23614],[10.4108,47.23482],[10.40842,47.23219],[10.40463,47.2311],[10.40249,47.22946],[10.40052,47.22673],[10.39919,47.22283],[10.39916,47.21422],[10.39732,47.20832],[10.39537,47.20653],[10.39258,47.20677],[10.38937,47.21306],[10.38542,47.21546],[10.38388,47.21744],[10.38305,47.21991],[10.38326,47.22357],[10.38728,47.23111],[10.38751,47.23724],[10.38979,47.24153],[10.39591,47.24511],[10.40189,47.24449],[10.40336,47.24527],[10.4041,47.25133],[10.40278,47.25281],[10.4007,47.25344],[10.3965,47.25336],[10.39219,47.24923],[10.38521,47.24946],[10.38314,47.24862],[10.3816,47.24593],[10.38228,47.24094],[10.3813,47.23724],[10.37524,47.23283],[10.36992,47.22437],[10.36096,47.21747],[10.35829,47.20999],[10.35589,47.20768],[10.35319,47.20651],[10.34968,47.20765],[10.34895,47.20964],[10.34951,47.21506],[10.34507,47.21797],[10.34377,47.22058],[10.34434,47.22364],[10.34755,47.23004],[10.34669,47.23683],[10.3487,47.23796],[10.34991,47.23439],[10.35081,47.23376],[10.35296,47.23414],[10.35453,47.23588],[10.3523,47.24173],[10.35518,47.2466],[10.35569,47.24968],[10.35514,47.25124],[10.35224,47.25123],[10.34727,47.2494],[10.3413,47.24486],[10.33874,47.24059],[10.34006,47.23405],[10.33791,47.23081],[10.33708,47.23172],[10.33553,47.23933],[10.33245,47.24219],[10.32718,47.24253],[10.31988,47.24017],[10.31864,47.2389],[10.31881,47.23742],[10.32418,47.22916],[10.3243,47.22713],[10.32292,47.22621],[10.32041,47.22684],[10.31751,47.23194],[10.31395,47.23513],[10.30959,47.23657],[10.3046,47.23654],[10.30539,47.23342],[10.30969,47.23145],[10.31318,47.22821],[10.31447,47.22531],[10.31482,47.21993],[10.3157,47.21818],[10.3199,47.21687],[10.32702,47.21716],[10.32955,47.21523],[10.33239,47.20791],[10.33224,47.19659],[10.33456,47.19227],[10.33821,47.19054],[10.3418,47.18664],[10.34437,47.1862],[10.34899,47.18802],[10.355,47.19423],[10.35664,47.19378],[10.3568,47.19069],[10.35339,47.18619],[10.3495,47.18364],[10.34408,47.18191],[10.3278,47.17911],[10.32326,47.17936],[10.32069,47.18226],[10.31948,47.19034],[10.31845,47.19215],[10.31453,47.19439],[10.30727,47.19614],[10.30474,47.19127],[10.2987,47.18933],[10.2953,47.18733],[10.28488,47.18781],[10.28508,47.18455],[10.2907,47.18201],[10.29133,47.17867],[10.29041,47.17744],[10.28794,47.17671],[10.28186,47.17735],[10.28056,47.17366],[10.28342,47.17227],[10.28407,47.17033],[10.28084,47.16831],[10.27492,47.16738],[10.26909,47.16946],[10.26593,47.16929],[10.26187,47.16763],[10.25737,47.16368],[10.25535,47.16295],[10.24614,47.16405],[10.23911,47.16138],[10.23591,47.16097],[10.22476,47.16234],[10.22219,47.1657],[10.22297,47.16921],[10.22824,47.17131],[10.23692,47.17282],[10.2425,47.17496],[10.24587,47.17854],[10.25157,47.18192],[10.25574,47.19026],[10.26565,47.19493],[10.27083,47.20538],[10.28087,47.20845],[10.28188,47.21253],[10.28092,47.21912],[10.28269,47.22234],[10.28302,47.22516],[10.28158,47.22819],[10.27851,47.23059],[10.27488,47.23178],[10.27166,47.23142],[10.26999,47.22578],[10.2683,47.2238],[10.25924,47.22036],[10.25958,47.21368],[10.25736,47.21042],[10.24533,47.20491],[10.22223,47.18502],[10.21499,47.1822],[10.2112,47.18191],[10.20843,47.18564],[10.21003,47.19024],[10.21175,47.19105],[10.21676,47.19133],[10.21871,47.19242],[10.22437,47.20195],[10.23438,47.20973],[10.23733,47.21308],[10.23977,47.21903],[10.24061,47.22865],[10.23957,47.23112],[10.23652,47.23299],[10.23327,47.23274],[10.23018,47.23108],[10.22746,47.22844],[10.22494,47.22432],[10.22011,47.21372],[10.2199,47.20788],[10.21633,47.20351],[10.21244,47.20029],[10.20867,47.19873],[10.20447,47.19861],[10.19969,47.20006],[10.19892,47.20159],[10.19957,47.20402],[10.20594,47.2041],[10.20844,47.20542],[10.20953,47.20743],[10.20713,47.20842],[10.20283,47.20708],[10.19946,47.20731],[10.19787,47.20922],[10.1988,47.21215],[10.20078,47.21325],[10.20895,47.2137],[10.21129,47.21664],[10.21176,47.21984],[10.21045,47.22213],[10.20877,47.22299],[10.19841,47.22212],[10.19617,47.2243],[10.19593,47.22619],[10.19682,47.22746],[10.1996,47.22855],[10.20625,47.2276],[10.20814,47.22803],[10.21004,47.23148],[10.20796,47.23447],[10.20827,47.23708],[10.21546,47.24005],[10.21792,47.24237],[10.2192,47.24718],[10.2189,47.24992],[10.21697,47.25095],[10.21092,47.2518],[10.2082,47.25164],[10.2063,47.25051],[10.20542,47.24714],[10.20347,47.24532],[10.19599,47.24456],[10.19129,47.24221],[10.19034,47.24039],[10.19212,47.23768],[10.19231,47.23503],[10.18893,47.23168],[10.18592,47.23034],[10.18053,47.23117],[10.17671,47.22769],[10.17558,47.22489],[10.17552,47.22159],[10.18097,47.21735],[10.18111,47.21217],[10.18339,47.2072],[10.18239,47.20433],[10.17891,47.20342],[10.17361,47.20385],[10.1657,47.20578],[10.16175,47.20554],[10.15667,47.20293],[10.15543,47.19869],[10.15626,47.19567],[10.15855,47.19369],[10.16111,47.19274],[10.16855,47.19276],[10.17556,47.18599],[10.18265,47.18301],[10.19091,47.18225],[10.1916,47.18322],[10.19155,47.18748],[10.19336,47.1889],[10.1951,47.18911],[10.19706,47.18735],[10.19784,47.18346],[10.20178,47.18049],[10.20187,47.17538],[10.20003,47.16991],[10.20015,47.1651],[10.19932,47.16419],[10.19701,47.16429],[10.19515,47.16538],[10.19012,47.17187],[10.18724,47.17391],[10.1826,47.17529],[10.17953,47.17473],[10.17931,47.16819],[10.17567,47.15861],[10.17435,47.15242],[10.17455,47.14806],[10.17733,47.14617],[10.19459,47.1501],[10.19831,47.14963],[10.20172,47.14521],[10.21516,47.1434],[10.23459,47.14441],[10.24025,47.1485],[10.24374,47.14989],[10.2492,47.14747],[10.25316,47.14709],[10.2565,47.14883],[10.25828,47.15431],[10.2639,47.15765],[10.27045,47.15911],[10.28334,47.16002],[10.29303,47.16228],[10.30118,47.16276],[10.3048,47.16414],[10.30849,47.16753],[10.3113,47.16843],[10.3149,47.16843],[10.31894,47.16684],[10.32224,47.1669],[10.32617,47.16878],[10.32936,47.17167],[10.33187,47.17229],[10.34035,47.17222],[10.34331,47.1714],[10.34524,47.16898],[10.34722,47.16804],[10.35944,47.16536],[10.36629,47.16517],[10.3709,47.1675],[10.37307,47.1716],[10.37333,47.17607],[10.37541,47.17777],[10.37764,47.17829],[10.38334,47.17793],[10.38735,47.17672],[10.38832,47.17365],[10.38671,47.17012],[10.3883,47.16793],[10.39027,47.16719],[10.3963,47.16728],[10.40025,47.16435],[10.40204,47.1639],[10.40574,47.16494],[10.41018,47.17114],[10.41736,47.17295],[10.42093,47.17663],[10.42368,47.17694],[10.42719,47.1716],[10.42698,47.16403],[10.42768,47.16189],[10.43761,47.15867],[10.44161,47.15474],[10.44308,47.14986],[10.44743,47.14807],[10.45602,47.14926],[10.4605,47.15427],[10.46376,47.15317],[10.46811,47.15005],[10.47414,47.15015],[10.47964,47.15399],[10.4882,47.15608],[10.49556,47.16393],[10.503,47.1658],[10.507,47.16542],[10.51795,47.1617],[10.52719,47.16273],[10.53539,47.16027],[10.54349,47.1612],[10.54618,47.15969],[10.54744,47.15675],[10.54779,47.15218],[10.5463,47.14179],[10.54534,47.12126],[10.54269,47.11095],[10.54041,47.10799],[10.53651,47.10648],[10.52708,47.111],[10.52386,47.11112],[10.52032,47.1098],[10.51575,47.10606],[10.51182,47.10062],[10.51175,47.09957],[10.51419,47.09849],[10.51472,47.0968],[10.51432,47.09482],[10.51206,47.09206],[10.50927,47.08979],[10.5032,47.08907],[10.49946,47.08669],[10.49849,47.08401],[10.49883,47.08103],[10.50067,47.07868],[10.50569,47.07566],[10.50618,47.07079],[10.50428,47.0671],[10.50122,47.0644],[10.49698,47.06458],[10.49139,47.06657],[10.4899,47.06659],[10.48885,47.06554],[10.48971,47.06097],[10.49616,47.05503],[10.49813,47.0509],[10.49737,47.04967],[10.49148,47.05162],[10.49092,47.04763],[10.49186,47.0438],[10.4891,47.04092],[10.4866,47.03977],[10.48365,47.04071],[10.47919,47.04636],[10.47488,47.049],[10.472,47.05518],[10.47056,47.05657],[10.46608,47.05805],[10.46236,47.05782],[10.45944,47.05525],[10.45793,47.05218],[10.45545,47.03884],[10.45309,47.03375],[10.45299,47.0316],[10.454,47.02967],[10.45276,47.02669],[10.45038,47.0239],[10.44306,47.01808],[10.43916,47.017],[10.4374,47.01884],[10.43675,47.02321],[10.43752,47.02776],[10.44159,47.03272],[10.44151,47.03426],[10.43952,47.03712],[10.44165,47.0437],[10.4395,47.04818],[10.43599,47.05221],[10.43136,47.05519],[10.42951,47.05518],[10.42762,47.05212],[10.42413,47.0507],[10.4216,47.05128],[10.41748,47.05513],[10.41382,47.05534],[10.41259,47.05419],[10.41108,47.05048],[10.40952,47.03528],[10.40992,47.0286],[10.41217,47.02263],[10.41193,47.01959],[10.41059,47.01663],[10.40843,47.01434],[10.40598,47.01341],[10.40293,47.0134],[10.40063,47.01445],[10.40162,47.02018],[10.39889,47.02261],[10.39801,47.02484],[10.39898,47.02701],[10.40192,47.03011],[10.40274,47.0339],[10.39728,47.04293],[10.39696,47.04742],[10.3983,47.05208],[10.3966,47.05381],[10.39468,47.05392],[10.39056,47.05187],[10.38701,47.04765],[10.38283,47.04508],[10.38094,47.04249],[10.38022,47.03697],[10.38326,47.031],[10.3835,47.02873],[10.37891,47.021],[10.37745,47.01378],[10.3752,47.0124],[10.3714,47.01328],[10.36932,47.01746],[10.36883,47.02164],[10.37054,47.0304],[10.36808,47.03534],[10.36766,47.03827],[10.36964,47.04667],[10.36842,47.04746],[10.36584,47.04718],[10.36388,47.04367],[10.36201,47.03293],[10.35972,47.03294],[10.35799,47.0368],[10.35631,47.03767],[10.35307,47.03764],[10.35131,47.03572],[10.35068,47.03061],[10.35277,47.02109],[10.35207,47.01903],[10.35036,47.01728],[10.3472,47.01621],[10.34401,47.01663],[10.34319,47.01844],[10.34402,47.02308],[10.34218,47.02499],[10.34016,47.02575],[10.33828,47.02377],[10.33876,47.01877],[10.33696,47.0169],[10.33347,47.01683],[10.32949,47.01999],[10.32527,47.02121],[10.32416,47.02042],[10.32187,47.01565],[10.31574,47.01602],[10.31241,47.01394],[10.3119,47.01224],[10.3137,47.01089],[10.32014,47.01017],[10.32271,47.00849],[10.32435,47.00586],[10.32808,47.00544],[10.33122,47.00361],[10.33482,46.99953],[10.33542,46.99527],[10.33331,46.99417],[10.32981,46.99463],[10.32597,46.99657],[10.32272,47.00046],[10.32033,47.00146],[10.31908,47.00103],[10.31741,46.99517],[10.31272,46.99088],[10.31187,46.98866],[10.31248,46.98584],[10.31635,46.98242],[10.31802,46.97916],[10.31911,46.97446],[10.31854,46.97084],[10.31585,46.96848],[10.31291,46.96867],[10.31205,46.96994],[10.31128,46.97498],[10.30853,46.97543],[10.30447,46.96989],[10.29702,46.96416],[10.29523,46.96124],[10.29425,46.95727],[10.29507,46.9482],[10.29381,46.94751],[10.28816,46.94849],[10.28397,46.94504],[10.27932,46.93141],[10.27781,46.92102],[10.27932,46.91452],[10.28074,46.91281],[10.2825,46.91231],[10.28763,46.91436],[10.29456,46.91299],[10.29851,46.91352],[10.30094,46.91634],[10.30263,46.92104],[10.30541,46.92299],[10.30939,46.9216],[10.31436,46.91792],[10.32436,46.91859],[10.32598,46.91672],[10.32631,46.91267],[10.32485,46.91019],[10.32221,46.90884],[10.32136,46.90631],[10.3289,46.90598],[10.33034,46.9031],[10.32844,46.90118],[10.32861,46.89938],[10.33217,46.89868],[10.33917,46.8997],[10.34479,46.89515],[10.34764,46.89614],[10.34976,46.89991],[10.35091,46.90036],[10.35407,46.89798],[10.35351,46.89419],[10.35432,46.89361],[10.3579,46.89451],[10.3615,46.8977],[10.36501,46.89733],[10.36671,46.89394],[10.3664,46.8892],[10.36122,46.88514],[10.35915,46.8825],[10.3644,46.88073],[10.36557,46.87905],[10.36546,46.87677],[10.36257,46.87414],[10.36271,46.87004],[10.35946,46.86857],[10.35501,46.86814],[10.35353,46.86583],[10.35345,46.8631],[10.35495,46.86075],[10.35789,46.85974],[10.36947,46.85962],[10.37511,46.86061],[10.37953,46.8632],[10.38195,46.86589],[10.38037,46.87317],[10.38476,46.87836],[10.38513,46.88479],[10.386,46.88659],[10.38891,46.88759],[10.39431,46.88451],[10.39885,46.88422],[10.40138,46.88597],[10.40269,46.8898],[10.40526,46.8935],[10.41298,46.89755],[10.42216,46.90043],[10.4307,46.89908],[10.43305,46.8994],[10.43406,46.90107],[10.4343,46.90399],[10.43141,46.90834],[10.4313,46.91242],[10.43422,46.91327],[10.43841,46.91245],[10.43832,46.91695],[10.44094,46.91902],[10.44374,46.91902],[10.44641,46.91682],[10.44847,46.91671],[10.44945,46.91954],[10.44838,46.92447],[10.45075,46.92589],[10.45479,46.92299],[10.45844,46.92438],[10.46123,46.92873],[10.46031,46.93335],[10.4559,46.93588],[10.45078,46.93621],[10.44714,46.94034],[10.44185,46.94267],[10.43278,46.94275],[10.42647,46.94153],[10.42352,46.93953],[10.42,46.93357],[10.417,46.93224],[10.41154,46.93207],[10.40818,46.92943],[10.4072,46.92418],[10.40977,46.91775],[10.40905,46.91356],[10.39801,46.90985],[10.39311,46.90657],[10.38941,46.90534],[10.38655,46.90731],[10.38467,46.91128],[10.38405,46.91506],[10.38575,46.9197],[10.38945,46.92489],[10.3888,46.93249],[10.39184,46.94257],[10.39092,46.94398],[10.38831,46.94377],[10.38409,46.94112],[10.37696,46.93906],[10.37491,46.9374],[10.37341,46.93318],[10.37271,46.92057],[10.36931,46.90888],[10.36778,46.90767],[10.36315,46.90685],[10.35906,46.90761],[10.35584,46.91031],[10.35167,46.91067],[10.35001,46.9124],[10.351,46.91768],[10.35444,46.92327],[10.35549,46.92654],[10.35576,46.92993],[10.35473,46.93284],[10.35132,46.93254],[10.34911,46.93082],[10.34684,46.92614],[10.34655,46.9184],[10.3442,46.91586],[10.34149,46.91559],[10.3382,46.91714],[10.33587,46.92021],[10.33469,46.92422],[10.33542,46.93025],[10.3319,46.92746],[10.32839,46.92718],[10.32751,46.92894],[10.32649,46.93663],[10.32322,46.93943],[10.32048,46.94019],[10.31622,46.9391],[10.30886,46.93276],[10.30404,46.93068],[10.30095,46.93022],[10.29803,46.93161],[10.29587,46.93448],[10.29455,46.93928],[10.29525,46.94204],[10.2974,46.9431],[10.29959,46.943],[10.30312,46.93931],[10.30708,46.93874],[10.309,46.93943],[10.31155,46.94309],[10.31574,46.94565],[10.32605,46.94502],[10.3317,46.94703],[10.33899,46.94713],[10.34269,46.94834],[10.34779,46.95194],[10.35207,46.95346],[10.35378,46.95688],[10.35312,46.95762],[10.35026,46.95762],[10.34424,46.95586],[10.34233,46.95893],[10.34224,46.96192],[10.3455,46.96461],[10.35243,46.96594],[10.35255,46.9704],[10.35511,46.97264],[10.36353,46.97205],[10.37402,46.96766],[10.37911,46.96731],[10.3835,46.96818],[10.38449,46.97065],[10.38107,46.97318],[10.37096,46.97365],[10.36616,46.97563],[10.36308,46.97905],[10.3632,46.98257],[10.36866,46.98564],[10.37859,46.98612],[10.38357,46.98879],[10.38781,46.98924],[10.39041,46.98853],[10.39336,46.98644],[10.39696,46.98119],[10.399,46.97956],[10.40178,46.97841],[10.40464,46.97879],[10.40652,46.98063],[10.40723,46.98407],[10.40636,46.98739],[10.40355,46.99008],[10.40432,46.99309],[10.40693,46.99436],[10.41001,46.9943],[10.41252,46.99329],[10.4151,46.99082],[10.4182,46.99004],[10.42089,46.99048],[10.42262,46.99214],[10.42267,46.99376],[10.42137,46.99602],[10.41693,47.00009],[10.41686,47.00269],[10.41895,47.00395],[10.42328,47.00331],[10.43118,46.99958],[10.43834,47.00142],[10.44332,47.00128],[10.44563,47.00035],[10.44814,46.99807],[10.45301,46.99113],[10.45643,46.98856],[10.45709,46.9858],[10.45609,46.98322],[10.4504,46.97821],[10.44816,46.97464],[10.44761,46.97242],[10.44891,46.97042],[10.45319,46.97105],[10.45508,46.97484],[10.45651,46.97544],[10.4621,46.9735],[10.46811,46.96862],[10.47234,46.96749],[10.47935,46.96775],[10.48439,46.97163],[10.49306,46.97053],[10.49442,46.97288],[10.49273,46.97405],[10.47542,46.97598],[10.47077,46.97766],[10.46648,46.98053],[10.46577,46.98339],[10.46751,46.99195],[10.46548,46.99721],[10.46744,47.00049],[10.47048,47.00206],[10.47399,47.00198],[10.48046,46.99802],[10.48508,46.99181],[10.48904,46.99117],[10.4937,46.99216],[10.4947,46.99387],[10.4948,46.99611],[10.49349,46.99889],[10.49067,47.00149],[10.49176,47.00813],[10.48935,47.01325],[10.48907,47.01554],[10.49227,47.01992],[10.49565,47.02168],[10.49741,47.02131],[10.49948,47.0185],[10.5007,47.01434],[10.50055,47.0094],[10.5015,47.00773],[10.50292,47.00714],[10.50543,47.00743],[10.50694,47.00869],[10.50757,47.01064],[10.5063,47.01503],[10.509,47.01727],[10.51194,47.01697],[10.5158,47.015],[10.52452,47.00532],[10.52751,47.00384],[10.52953,47.00433],[10.52922,47.00671],[10.52389,47.01251],[10.52429,47.01508],[10.52564,47.01686],[10.52947,47.01866],[10.53686,47.01936],[10.53958,47.01792],[10.54178,47.01489],[10.54203,47.00994],[10.53918,46.99809],[10.53607,46.97424],[10.53533,46.94216],[10.53176,46.89203],[10.53179,46.85039],[10.52998,46.83023],[10.52614,46.80238],[10.52673,46.76998],[10.52391,46.73417],[10.52414,46.69496],[10.52313,46.66784],[10.52193,46.65585],[10.51772,46.62992],[10.51433,46.58594],[10.50956,46.55788],[10.50967,46.5236],[10.5087,46.51415],[10.50744,46.51097],[10.50373,46.50818],[10.5009,46.5082],[10.49864,46.50926],[10.49678,46.51162],[10.49613,46.51826],[10.49362,46.52104],[10.47618,46.51773],[10.47107,46.51752],[10.46811,46.5184],[10.46451,46.52083],[10.45967,46.52138],[10.45781,46.52554],[10.45858,46.53125],[10.46087,46.53541],[10.46616,46.53891],[10.4748,46.54038],[10.47603,46.54447],[10.47904,46.54708],[10.47954,46.55296],[10.48765,46.55626],[10.48923,46.55761],[10.48824,46.56206],[10.48392,46.5625],[10.48271,46.56343],[10.48153,46.56846],[10.4843,46.57302],[10.49231,46.57699],[10.49438,46.5794],[10.49459,46.58982],[10.49574,46.59581],[10.49819,46.60117],[10.49827,46.60861],[10.50402,46.61669],[10.50385,46.61936],[10.50205,46.62124],[10.49811,46.62063],[10.49334,46.61756],[10.48683,46.61691],[10.48484,46.61468],[10.48383,46.60983],[10.48225,46.60849],[10.47241,46.60694],[10.47276,46.60534],[10.47544,46.60454],[10.47601,46.60244],[10.47526,46.59861],[10.47281,46.59516],[10.473,46.59354],[10.47518,46.59095],[10.47413,46.58784],[10.47111,46.58699],[10.46796,46.58744],[10.46168,46.59413],[10.45938,46.59398],[10.45714,46.59186],[10.45472,46.58639],[10.45485,46.58136],[10.45831,46.57726],[10.46039,46.57639],[10.46333,46.5767],[10.4638,46.57597],[10.45883,46.56569],[10.45649,46.56354],[10.45169,46.56511],[10.44758,46.56541],[10.44493,46.56482],[10.44247,46.56227],[10.44018,46.56401],[10.43478,46.56574],[10.43032,46.57224],[10.42581,46.57527],[10.41953,46.57719],[10.41131,46.57758],[10.3832,46.57551],[10.38076,46.57391],[10.37665,46.56795],[10.3692,46.5655],[10.36588,46.56105],[10.36191,46.55971],[10.35637,46.55911],[10.34468,46.5596],[10.33102,46.55825],[10.32839,46.55882],[10.32668,46.56013],[10.32519,46.56633],[10.32379,46.56798],[10.32075,46.56868],[10.31109,46.56791],[10.3073,46.56854],[10.30008,46.57694],[10.29649,46.57823],[10.29007,46.57829],[10.28786,46.57899],[10.28547,46.58443],[10.28274,46.58596],[10.27679,46.58632],[10.27514,46.58219],[10.27259,46.57982],[10.26994,46.57873],[10.26358,46.57904],[10.26239,46.57698],[10.26392,46.56905],[10.26628,46.56538],[10.26951,46.56452],[10.27879,46.56529],[10.28193,46.56413],[10.283,46.56045],[10.28257,46.55373],[10.28376,46.55147],[10.28901,46.54969],[10.2941,46.5452],[10.30045,46.54263],[10.30625,46.54224],[10.31785,46.54384],[10.32214,46.54341],[10.32703,46.53837],[10.32977,46.53176],[10.33394,46.52949],[10.3371,46.52916],[10.3396,46.53049],[10.34171,46.53265],[10.34512,46.53901],[10.348,46.54121],[10.35286,46.54311],[10.35611,46.54875],[10.36185,46.55208],[10.36628,46.55169],[10.37665,46.54528],[10.38484,46.54455],[10.38677,46.54175],[10.3847,46.54006],[10.38112,46.53938],[10.36881,46.53964],[10.3641,46.53875],[10.36119,46.53687],[10.36013,46.53298],[10.3606,46.53162],[10.3622,46.53088],[10.37254,46.53021],[10.37407,46.52917],[10.37536,46.52637],[10.37958,46.52525],[10.38306,46.52119],[10.38636,46.52011],[10.3965,46.52031],[10.40384,46.52289],[10.40707,46.52703],[10.40764,46.52991],[10.40712,46.53681],[10.41,46.54113],[10.4145,46.54377],[10.41991,46.54452],[10.42432,46.54657],[10.42918,46.54655],[10.43171,46.54743],[10.43331,46.54882],[10.43308,46.55271],[10.43458,46.55497],[10.438,46.55663],[10.44145,46.55662],[10.44272,46.5552],[10.44346,46.55161],[10.44174,46.54502],[10.44444,46.54209],[10.44436,46.53792],[10.44223,46.53604],[10.44128,46.53267],[10.43844,46.53074],[10.43411,46.53049],[10.42947,46.53232],[10.42549,46.53078],[10.42453,46.52855],[10.42604,46.52528],[10.4261,46.52181],[10.4248,46.51946],[10.42117,46.5177],[10.42088,46.51419],[10.4217,46.51265],[10.42373,46.51168],[10.43639,46.5111],[10.44239,46.50903],[10.45119,46.50376],[10.45184,46.50256],[10.45123,46.50097],[10.44776,46.49993],[10.44385,46.50041],[10.44061,46.50173],[10.43523,46.50624],[10.43046,46.50678],[10.41613,46.50174],[10.41057,46.5013],[10.40079,46.50217],[10.39346,46.50122],[10.3881,46.49852],[10.38699,46.49645],[10.3878,46.49433],[10.39521,46.49126],[10.40819,46.49203],[10.4146,46.49093],[10.41807,46.48944],[10.42118,46.48568],[10.42493,46.48487],[10.42961,46.48527],[10.43547,46.48848],[10.44102,46.48941],[10.45519,46.48817],[10.47356,46.48469],[10.49595,46.48635],[10.50322,46.48347],[10.50681,46.4794],[10.50728,46.47622],[10.50631,46.46972],[10.5054,46.46826],[10.50175,46.46664],[10.49983,46.46449],[10.49989,46.45651],[10.49812,46.45192],[10.49643,46.4504],[10.49429,46.45015],[10.49261,46.45157],[10.48911,46.46274],[10.486,46.46672],[10.4822,46.46948],[10.47778,46.47055],[10.47346,46.46997],[10.46945,46.46736],[10.46727,46.46402],[10.47043,46.45737],[10.46964,46.45105],[10.47063,46.44959],[10.47451,46.44762],[10.47591,46.44596],[10.4769,46.44355],[10.47696,46.43935],[10.47825,46.43696],[10.48101,46.43533],[10.48888,46.43367],[10.49556,46.43015],[10.50116,46.42603],[10.50402,46.4217],[10.50452,46.41794],[10.50399,46.4108],[10.50141,46.39715],[10.49797,46.38745],[10.49425,46.38198],[10.4903,46.37878],[10.48792,46.37811],[10.48703,46.37882],[10.48711,46.38286],[10.4901,46.38892],[10.49066,46.39246],[10.48993,46.39438],[10.48706,46.39636],[10.48394,46.39664],[10.47368,46.39535],[10.46464,46.3995],[10.45885,46.40054],[10.4477,46.39837],[10.44454,46.39885],[10.44314,46.40216],[10.44471,46.404],[10.44727,46.40504],[10.45297,46.40468],[10.45658,46.40612],[10.45724,46.40789],[10.45687,46.41007],[10.45404,46.41215],[10.44902,46.41258],[10.44005,46.4107],[10.43054,46.41077],[10.42828,46.40957],[10.42463,46.40462],[10.42172,46.40353],[10.4191,46.40376],[10.41778,46.4067],[10.41707,46.41492],[10.41963,46.41695],[10.42491,46.41732],[10.42755,46.41903],[10.43028,46.42275],[10.42994,46.4269],[10.42706,46.43],[10.41855,46.43366],[10.41403,46.43727],[10.40948,46.43855],[10.40596,46.4381],[10.40407,46.43572],[10.403,46.43196],[10.40336,46.42942],[10.40536,46.42729],[10.40492,46.4254],[10.39944,46.42452],[10.38985,46.42625],[10.3849,46.42352],[10.38749,46.42111],[10.39285,46.41882],[10.39382,46.4164],[10.39311,46.41486],[10.38588,46.41287],[10.38421,46.41147],[10.38495,46.40169],[10.38334,46.39516],[10.38612,46.39204],[10.38676,46.38735],[10.39772,46.38739],[10.39902,46.38641],[10.39993,46.38348],[10.39805,46.38064],[10.39175,46.37732],[10.38578,46.36998],[10.38339,46.36408],[10.38461,46.35949],[10.38665,46.35871],[10.39364,46.35918],[10.39906,46.35459],[10.40248,46.35397],[10.40586,46.35445],[10.40813,46.35552],[10.40963,46.35732],[10.40964,46.36198],[10.41042,46.36376],[10.41577,46.36885],[10.42483,46.37244],[10.43516,46.37332],[10.43928,46.37627],[10.44239,46.37717],[10.44662,46.37685],[10.45932,46.37377],[10.4715,46.37541],[10.4744,46.37178],[10.4726,46.36688],[10.46981,46.36325],[10.46625,46.36055],[10.45585,46.35769],[10.45019,46.35881],[10.44524,46.36362],[10.43971,46.36338],[10.43617,46.36224],[10.43378,46.35922],[10.4342,46.35462],[10.43604,46.35343],[10.43898,46.35294],[10.44394,46.35506],[10.4464,46.35452],[10.44848,46.35123],[10.44665,46.34701],[10.44413,46.34549],[10.43995,46.34455],[10.43668,46.34026],[10.43384,46.33919],[10.42763,46.33915],[10.41998,46.34157],[10.41697,46.34161],[10.41399,46.3389],[10.41161,46.33287],[10.40964,46.33124],[10.40567,46.33005],[10.39728,46.33109],[10.39357,46.32964],[10.38658,46.32168],[10.3865,46.31947],[10.38842,46.3169],[10.38861,46.31527],[10.38784,46.31205],[10.38564,46.30853],[10.38055,46.30531],[10.36974,46.30187],[10.3664,46.29845],[10.36165,46.29739],[10.35008,46.29792],[10.34051,46.29655],[10.32559,46.29924],[10.31848,46.29678],[10.31297,46.29231],[10.30906,46.28633],[10.30802,46.28186],[10.307,46.2677],[10.30832,46.26306],[10.31049,46.26091],[10.31271,46.26007],[10.31581,46.26034],[10.31859,46.26176],[10.31954,46.26764],[10.32198,46.26998],[10.32475,46.27086],[10.3266,46.27027],[10.32872,46.26765],[10.33049,46.2625],[10.33,46.25932],[10.33094,46.25851],[10.33771,46.25846],[10.34721,46.26165],[10.35158,46.26213],[10.35254,46.25971],[10.35214,46.25648],[10.34021,46.25222],[10.33792,46.24834],[10.33739,46.24434],[10.33866,46.24184],[10.34143,46.24033],[10.3532,46.24158],[10.35591,46.24429],[10.35895,46.24988],[10.36454,46.2526],[10.36762,46.25659],[10.36689,46.26181],[10.3605,46.26504],[10.35915,46.26662],[10.35957,46.27454],[10.36104,46.27879],[10.3631,46.27995],[10.36616,46.27972],[10.36951,46.27272],[10.37144,46.2719],[10.37669,46.27458],[10.38182,46.28059],[10.38944,46.28276],[10.39285,46.28848],[10.39233,46.29622],[10.39349,46.2995],[10.39914,46.30611],[10.40281,46.31238],[10.40623,46.31469],[10.41032,46.31571],[10.4141,46.31526],[10.41498,46.31326],[10.41336,46.30343],[10.40807,46.29318],[10.40719,46.28959],[10.40744,46.28686],[10.41046,46.28301],[10.41111,46.28095],[10.41077,46.2752],[10.40829,46.26856],[10.41014,46.26591],[10.41481,46.26425],[10.41934,46.26418],[10.42531,46.26662],[10.43162,46.27082],[10.43765,46.27082],[10.44306,46.26947],[10.44759,46.2716],[10.4484,46.27359],[10.44759,46.27667],[10.44052,46.28238],[10.43791,46.2884],[10.43826,46.29569],[10.44015,46.29874],[10.44253,46.29994],[10.44697,46.29816],[10.45088,46.29511],[10.45528,46.28438],[10.461,46.27852],[10.46692,46.27598],[10.47426,46.27457],[10.47755,46.27484],[10.4809,46.27827],[10.4858,46.27831],[10.48823,46.27968],[10.48911,46.28374],[10.48774,46.28901],[10.48417,46.29373],[10.47754,46.29511],[10.47381,46.29829],[10.4714,46.30187],[10.47192,46.30715],[10.4711,46.30875],[10.46681,46.3103],[10.46124,46.31019],[10.45839,46.31192],[10.45804,46.31402],[10.45928,46.31659],[10.46443,46.31729],[10.46739,46.3191],[10.46835,46.32062],[10.46284,46.32348],[10.45487,46.32351],[10.45339,46.32614],[10.45319,46.32979],[10.45487,46.33184],[10.45981,46.33373],[10.46847,46.33285],[10.47112,46.33324],[10.47674,46.33712],[10.48533,46.34024],[10.48934,46.34401],[10.49323,46.34266],[10.49546,46.33915],[10.49472,46.32782],[10.49777,46.32294],[10.49875,46.31488],[10.49805,46.24621],[10.49646,46.23235],[10.49221,46.2114],[10.48859,46.20401],[10.48404,46.2002],[10.48465,46.19389],[10.48251,46.18582],[10.4814,46.17658],[10.47709,46.17226],[10.47159,46.17109],[10.46585,46.17282],[10.46208,46.17734],[10.46114,46.18065],[10.46137,46.18544],[10.46527,46.19649],[10.46637,46.20588],[10.46467,46.21125],[10.46164,46.21169],[10.46025,46.21353],[10.46091,46.22178],[10.45947,46.2235],[10.45673,46.22369],[10.4541,46.2218],[10.45256,46.21588],[10.45252,46.20968],[10.44911,46.20662],[10.44605,46.20644],[10.44302,46.20739],[10.43529,46.21463],[10.43181,46.2149],[10.42947,46.21369],[10.42351,46.20688],[10.42328,46.20381],[10.4254,46.19925],[10.42549,46.19662],[10.42313,46.18834],[10.42052,46.18574],[10.41573,46.18633],[10.41114,46.18969],[10.40781,46.1992],[10.4009,46.20803],[10.39714,46.20973],[10.39312,46.20889],[10.39045,46.20581],[10.39113,46.19751],[10.38969,46.19298],[10.38765,46.19157],[10.37907,46.19014],[10.37755,46.18822],[10.37798,46.18413],[10.38092,46.18248],[10.38583,46.18364],[10.38766,46.1829],[10.38933,46.17941],[10.38807,46.17476],[10.39004,46.17415],[10.39606,46.17484],[10.40155,46.17836],[10.40687,46.18038],[10.41319,46.18138],[10.41451,46.18093],[10.41496,46.17984],[10.41443,46.17645],[10.41189,46.17333],[10.39884,46.16592],[10.39616,46.16321],[10.39604,46.15992],[10.39877,46.15283],[10.39862,46.1477],[10.39967,46.1452],[10.40436,46.14101],[10.40681,46.13521],[10.41102,46.13323],[10.42091,46.13211],[10.42678,46.13358],[10.43548,46.13738],[10.44085,46.13829],[10.44228,46.13771],[10.44238,46.13508],[10.44112,46.13272],[10.43915,46.13134],[10.42169,46.12534],[10.41241,46.12033],[10.40806,46.11884],[10.40103,46.11803],[10.39311,46.12154],[10.38844,46.12113],[10.38206,46.11414],[10.37382,46.11242],[10.37172,46.11117],[10.37067,46.1093],[10.37186,46.10691],[10.37663,46.10599],[10.38123,46.1031],[10.38766,46.0955],[10.39093,46.09427],[10.39544,46.09413],[10.41251,46.09771],[10.42788,46.09749],[10.44083,46.0997],[10.4497,46.10438],[10.45886,46.108],[10.46458,46.11147],[10.4692,46.11241],[10.47002,46.11173],[10.4694,46.10957],[10.46362,46.10517],[10.44782,46.0977],[10.44236,46.09366],[10.44154,46.09139],[10.44296,46.087],[10.44384,46.086],[10.44633,46.08568],[10.4537,46.08699],[10.45807,46.08099],[10.46304,46.0796],[10.46801,46.07948],[10.47584,46.08224],[10.47718,46.08383],[10.47954,46.08982],[10.4816,46.09127],[10.48401,46.09119],[10.48548,46.09002],[10.4864,46.08751],[10.4859,46.07312],[10.48322,46.06552],[10.48022,46.06146],[10.47745,46.06066],[10.46807,46.06064],[10.46171,46.05641],[10.45817,46.05534],[10.44499,46.05563],[10.43222,46.05238],[10.42331,46.05167],[10.42006,46.05251],[10.41405,46.05655],[10.40192,46.06075],[10.39541,46.06177],[10.39119,46.06058],[10.3889,46.05749],[10.38838,46.05368],[10.38737,46.05201],[10.38576,46.05072],[10.38108,46.04932],[10.37858,46.04635],[10.37788,46.04173],[10.37839,46.03383],[10.38168,46.0104],[10.38007,46.00572],[10.37537,46.00102],[10.37485,45.99875],[10.37688,45.99709],[10.38199,45.99708],[10.38892,45.99463],[10.39787,45.9897],[10.40365,45.98788],[10.40661,45.98483],[10.39982,45.9844],[10.38813,45.98679],[10.38163,45.98714],[10.36991,45.98634],[10.36576,45.98511],[10.36252,45.98195],[10.36073,45.97664],[10.35784,45.97388],[10.35646,45.9712],[10.35278,45.96963],[10.35023,45.96679],[10.3471,45.95992],[10.34428,45.95864],[10.33863,45.95858],[10.3354,45.95768],[10.33132,45.95564],[10.32888,45.9532],[10.32766,45.94652],[10.33007,45.9405],[10.33015,45.93854],[10.32824,45.9359],[10.32395,45.9334],[10.32241,45.92995],[10.32304,45.92739],[10.32762,45.92485],[10.32812,45.92219],[10.32687,45.92065],[10.32467,45.91997],[10.31835,45.92075],[10.31467,45.9202],[10.31344,45.91949],[10.31276,45.91701],[10.30934,45.9161],[10.30465,45.91657],[10.29813,45.91895],[10.29262,45.91899],[10.28617,45.9156],[10.27915,45.91345],[10.26444,45.91168],[10.25696,45.9068],[10.2496,45.90593],[10.24317,45.90328],[10.23718,45.89879],[10.23669,45.89001],[10.2346,45.88957],[10.22625,45.89105],[10.21972,45.88809],[10.21148,45.87721],[10.20594,45.8722],[10.20393,45.86371],[10.20137,45.86244],[10.1923,45.86079],[10.18051,45.8531],[10.17721,45.84944],[10.17624,45.84351],[10.16812,45.84199],[10.15522,45.83442],[10.15054,45.83048],[10.15076,45.82584],[10.14984,45.82462],[10.13925,45.82532],[10.13448,45.82466],[10.13209,45.82333],[10.12467,45.81383],[10.12273,45.81021],[10.12211,45.80372],[10.12397,45.79632],[10.12216,45.79258],[10.12031,45.79235],[10.11479,45.79428],[10.11093,45.79377],[10.1052,45.79144],[10.09551,45.78341],[10.09184,45.78286],[10.08102,45.7835],[10.07439,45.78029],[10.07237,45.7772],[10.07135,45.77265],[10.07177,45.76849],[10.07354,45.76436],[10.0787,45.75801],[10.08592,45.75309],[10.0916,45.74596],[10.09409,45.74504],[10.10098,45.74509],[10.10396,45.74284],[10.10545,45.73805],[10.10826,45.73622],[10.10897,45.73459],[10.10865,45.733],[10.10592,45.73084],[10.10582,45.72889],[10.11077,45.72592],[10.11776,45.71694],[10.12119,45.70972],[10.12107,45.70283],[10.11791,45.69664],[10.11214,45.69034],[10.10623,45.68608],[10.09959,45.6832],[10.09052,45.68127],[10.07694,45.67991],[10.04536,45.68002],[10.04396,45.6809],[10.04369,45.68293],[10.04559,45.68552],[10.05086,45.68895],[10.05162,45.69247],[10.05101,45.69677],[10.04932,45.7005],[10.04611,45.7038],[10.03749,45.70675],[10.03623,45.71144],[10.03858,45.71612],[10.04662,45.7186],[10.04846,45.72004],[10.04831,45.73099],[10.05123,45.73747],[10.05139,45.7394],[10.05005,45.74308],[10.04779,45.74626],[10.0334,45.76001],[10.03043,45.77074],[10.02984,45.7765],[10.03111,45.78097],[10.03317,45.78334],[10.03837,45.78463],[10.04639,45.78472],[10.04914,45.78595],[10.05123,45.78918],[10.05121,45.79364],[10.05278,45.79869],[10.05126,45.80164],[10.04901,45.8032],[10.03374,45.80656],[10.02875,45.80671],[10.02274,45.80414],[10.01932,45.80435],[10.01887,45.80599],[10.01955,45.80985],[10.02259,45.81643],[10.02236,45.82272],[10.02764,45.82336],[10.0378,45.81977],[10.05396,45.81792],[10.05995,45.81791],[10.06503,45.81921],[10.06681,45.82109],[10.0696,45.82759],[10.07134,45.8297],[10.08271,45.83157],[10.08531,45.83343],[10.08791,45.83776],[10.09722,45.84064],[10.11009,45.85091],[10.11679,45.854],[10.12374,45.855],[10.1282,45.86024],[10.14036,45.86875],[10.14547,45.87351],[10.14861,45.87907],[10.14857,45.88185],[10.14559,45.88624],[10.13731,45.89102],[10.13491,45.89389],[10.13304,45.90002],[10.13365,45.90307],[10.135,45.9048],[10.13686,45.90563],[10.13838,45.90537],[10.14335,45.90276],[10.15159,45.89674],[10.15718,45.89534],[10.16946,45.89781],[10.18347,45.90388],[10.20134,45.91529],[10.20797,45.92057],[10.21147,45.9253],[10.22189,45.92713],[10.22473,45.92872],[10.22712,45.93221],[10.22762,45.93568],[10.22442,45.943],[10.22444,45.94495],[10.23121,45.94853],[10.24172,45.95102],[10.24759,45.95479],[10.24968,45.95919],[10.2476,45.96327],[10.2476,45.96691],[10.24872,45.96947],[10.2525,45.97321],[10.25309,45.97585],[10.25236,45.97887],[10.25428,45.98185],[10.25924,45.98245],[10.26653,45.98014],[10.2712,45.97493],[10.27749,45.97081],[10.27908,45.96863],[10.2795,45.96585],[10.28133,45.96548],[10.28408,45.96718],[10.28694,45.97406],[10.29297,45.98002],[10.29563,45.98603],[10.29517,45.98884],[10.29337,45.98879],[10.28726,45.98211],[10.28378,45.98105],[10.28007,45.98333],[10.27456,45.99296],[10.26695,45.99703],[10.26136,45.99821],[10.25296,45.99856],[10.24312,45.99701],[10.23708,45.99982],[10.2294,45.99934],[10.21884,45.99675],[10.21132,45.99195],[10.20944,45.98864],[10.20849,45.98433],[10.2088,45.98103],[10.21136,45.97791],[10.20977,45.97597],[10.20763,45.97788],[10.20654,45.98178],[10.20609,45.9865],[10.20669,45.99079],[10.21092,45.99836],[10.21794,46.00398],[10.23049,46.00821],[10.24757,46.00958],[10.26306,46.00906],[10.2851,46.00568],[10.29372,46.00223],[10.30018,45.99625],[10.30144,45.99175],[10.29962,45.98447],[10.30008,45.98244],[10.30638,45.98244],[10.30946,45.98372],[10.31122,45.9855],[10.31293,46.00425],[10.31102,46.01289],[10.30323,46.01963],[10.30247,46.02587],[10.29954,46.02779],[10.29183,46.03028],[10.288,46.03395],[10.28693,46.03666],[10.28932,46.04095],[10.29448,46.04406],[10.3059,46.04539],[10.31206,46.0475],[10.31444,46.0512],[10.31566,46.05583],[10.31549,46.05992],[10.31385,46.06254],[10.31039,46.06401],[10.30623,46.06441],[10.28143,46.06008],[10.26417,46.06166],[10.2584,46.06128],[10.25409,46.05923],[10.24788,46.05183],[10.24359,46.04924],[10.24219,46.0456],[10.23993,46.04437],[10.23561,46.04363],[10.22944,46.04392],[10.22336,46.04589],[10.21885,46.04897],[10.21687,46.05236],[10.21752,46.05409],[10.21958,46.05576],[10.22706,46.05522],[10.23359,46.0578],[10.23848,46.06196],[10.24406,46.06988],[10.25177,46.07466],[10.25332,46.07773],[10.25262,46.07958],[10.24952,46.08303],[10.24947,46.08708],[10.25222,46.08761],[10.25518,46.08692],[10.25892,46.08022],[10.26255,46.07983],[10.26583,46.08231],[10.26589,46.08705],[10.26719,46.09018],[10.27373,46.09345],[10.27519,46.09708],[10.27318,46.09829],[10.27191,46.10061],[10.2713,46.10661],[10.27611,46.11783],[10.27799,46.12717],[10.28326,46.13763],[10.2841,46.14239],[10.28309,46.14675],[10.27959,46.14586],[10.27404,46.1398],[10.26792,46.13755],[10.26553,46.13452],[10.26453,46.12992],[10.26297,46.12905],[10.26065,46.12989],[10.25943,46.13319],[10.259,46.13745],[10.26096,46.14031],[10.25916,46.14203],[10.25466,46.14239],[10.24748,46.14014],[10.24135,46.1399],[10.24346,46.13392],[10.24436,46.12625],[10.24611,46.12515],[10.25298,46.12392],[10.25471,46.12027],[10.25421,46.11868],[10.25211,46.11697],[10.24651,46.11517],[10.24652,46.11093],[10.24249,46.10931],[10.2366,46.10875],[10.22596,46.10973],[10.21848,46.10803],[10.21471,46.1087],[10.21364,46.11144],[10.21631,46.12103],[10.21581,46.12506],[10.21347,46.12775],[10.20984,46.12988],[10.20614,46.13076],[10.20347,46.13009],[10.19955,46.12472],[10.19882,46.12028],[10.1945,46.11831],[10.19366,46.11638],[10.19391,46.113],[10.19538,46.10953],[10.20035,46.10548],[10.20134,46.10381],[10.20091,46.10086],[10.19859,46.09781],[10.19816,46.09541],[10.19878,46.09247],[10.20107,46.08975],[10.20135,46.08744],[10.2005,46.08617],[10.19848,46.08534],[10.19623,46.08562],[10.19364,46.08765],[10.18997,46.09881],[10.1843,46.10253],[10.1822,46.10602],[10.18093,46.11116],[10.18135,46.11681],[10.17811,46.12332],[10.17908,46.13111],[10.1787,46.13548],[10.17485,46.13534],[10.16875,46.13037],[10.16592,46.12931],[10.15761,46.13058],[10.1551,46.12989],[10.15285,46.1277],[10.15175,46.12524],[10.15126,46.12146],[10.1519,46.11783],[10.15763,46.11005],[10.16494,46.10506],[10.1654,46.10279],[10.16421,46.10089],[10.15253,46.0957],[10.14992,46.0922],[10.1496,46.08769],[10.15106,46.08572],[10.15403,46.08405],[10.1643,46.08277],[10.16943,46.08057],[10.17044,46.07941],[10.16917,46.0766],[10.16412,46.07533],[10.16251,46.07339],[10.1628,46.07192],[10.16612,46.06803],[10.16507,46.06388],[10.16217,46.06138],[10.15794,46.06005],[10.15418,46.06046],[10.15157,46.06347],[10.15126,46.06545],[10.15312,46.06978],[10.15243,46.07194],[10.14715,46.07302],[10.1447,46.0724],[10.14277,46.0693],[10.14263,46.06559],[10.14526,46.06322],[10.14472,46.06143],[10.14321,46.06047],[10.13819,46.0605],[10.1345,46.06261],[10.13266,46.06615],[10.13267,46.0708],[10.12965,46.06936],[10.13185,46.06527],[10.12943,46.06315],[10.12653,46.06373],[10.12296,46.06628],[10.12081,46.06501],[10.11777,46.06075],[10.11532,46.06012],[10.10962,46.06098],[10.10449,46.0635],[10.10402,46.06551],[10.10488,46.06917],[10.11174,46.07662],[10.11027,46.08254],[10.11104,46.08602],[10.11338,46.08834],[10.12206,46.09333],[10.12344,46.09528],[10.12398,46.09804],[10.12392,46.10515],[10.12182,46.11198],[10.11735,46.11717],[10.11156,46.12024],[10.10524,46.12119],[10.10356,46.12049],[10.10213,46.11869],[10.09989,46.11192],[10.0992,46.10174],[10.09758,46.0982],[10.09453,46.09677],[10.08507,46.09504],[10.08262,46.09546],[10.08179,46.09679],[10.08281,46.10183],[10.0861,46.10794],[10.08518,46.11235],[10.08318,46.11456],[10.07955,46.11433],[10.06967,46.11088],[10.06372,46.11025],[10.06146,46.11106],[10.05627,46.11585],[10.0473,46.11708],[10.04568,46.11442],[10.0451,46.11025],[10.04759,46.10232],[10.04768,46.09938],[10.04538,46.09731],[10.04064,46.09733],[10.03389,46.09872],[10.02749,46.10183],[10.02535,46.10676],[10.02302,46.10968],[10.02039,46.11644],[10.01762,46.11863],[10.01449,46.11921],[10.01205,46.1154],[10.01202,46.10674],[10.00937,46.10023],[10.00988,46.0992],[10.01381,46.0984],[10.01468,46.096],[10.01449,46.09371],[10.00992,46.09167],[10.00711,46.08844],[9.99995,46.0868],[9.9952,46.08831],[9.99139,46.09192],[9.98988,46.09601],[9.98916,46.10272],[9.98457,46.10903],[9.98566,46.11615],[9.97878,46.12129],[9.97554,46.12602],[9.97229,46.12664],[9.96452,46.126],[9.96334,46.12489],[9.96133,46.11994],[9.9572,46.11881],[9.95104,46.1196],[9.94974,46.12091],[9.9495,46.12472],[9.94661,46.12427],[9.94553,46.12179],[9.94649,46.11724],[9.94799,46.11428],[9.95158,46.11156],[9.95199,46.10994],[9.95084,46.10882],[9.94566,46.10882],[9.9433,46.10928],[9.94177,46.11074],[9.93884,46.11858],[9.93566,46.12258],[9.93155,46.12561],[9.92604,46.12768],[9.92449,46.12697],[9.92329,46.12521],[9.92453,46.12071],[9.9198,46.11936],[9.91839,46.11747],[9.91743,46.11168],[9.91812,46.10756],[9.92856,46.10366],[9.92882,46.10086],[9.92641,46.09751],[9.92688,46.09512],[9.92823,46.09354],[9.93517,46.08903],[9.94382,46.08735],[9.94991,46.0852],[9.95364,46.08012],[9.95886,46.07811],[9.95934,46.07426],[9.95714,46.0737],[9.94184,46.07454],[9.93594,46.07692],[9.93321,46.08062],[9.93176,46.08086],[9.92935,46.07831],[9.92977,46.07384],[9.92833,46.07173],[9.9231,46.06853],[9.91823,46.0682],[9.91589,46.07022],[9.91384,46.07393],[9.91285,46.07783],[9.91257,46.08477],[9.9113,46.08783],[9.90675,46.09248],[9.90163,46.09631],[9.89941,46.09692],[9.89668,46.09439],[9.89575,46.08986],[9.9001,46.08323],[9.90029,46.07861],[9.89651,46.06482],[9.89327,46.0592],[9.88905,46.0563],[9.88673,46.0598],[9.88574,46.06587],[9.88736,46.07549],[9.8829,46.0803],[9.88204,46.08406],[9.8834,46.09048],[9.88242,46.09251],[9.88079,46.0927],[9.87743,46.09118],[9.87344,46.08665],[9.86916,46.07708],[9.86755,46.06785],[9.86523,46.06151],[9.86137,46.05565],[9.85707,46.05318],[9.85561,46.05485],[9.85448,46.05946],[9.85566,46.0668],[9.8598,46.07601],[9.86543,46.08493],[9.86849,46.09488],[9.8738,46.09968],[9.88028,46.10084],[9.88308,46.10217],[9.88555,46.10412],[9.88705,46.10653],[9.88813,46.11335],[9.88708,46.12456],[9.88185,46.12348],[9.87619,46.11846],[9.87253,46.11724],[9.86757,46.11794],[9.86129,46.12106],[9.85666,46.12092],[9.85428,46.11828],[9.85439,46.11413],[9.85267,46.11166],[9.84423,46.10867],[9.84212,46.10715],[9.83904,46.10208],[9.83799,46.0959],[9.83854,46.09489],[9.84192,46.09312],[9.84235,46.0888],[9.83452,46.07546],[9.83243,46.06409],[9.83119,46.06225],[9.82963,46.06175],[9.82693,46.06275],[9.82573,46.0652],[9.82553,46.08159],[9.82726,46.09318],[9.82383,46.10174],[9.82296,46.11145],[9.82043,46.11835],[9.81751,46.12246],[9.81514,46.124],[9.81245,46.12401],[9.81089,46.12031],[9.80663,46.11908],[9.80113,46.12177],[9.79688,46.12551],[9.7917,46.12551],[9.79143,46.12425],[9.79364,46.11815],[9.79413,46.10769],[9.79636,46.10057],[9.79652,46.08966],[9.79942,46.07162],[9.79929,46.06455],[9.79753,46.06337],[9.79615,46.06475],[9.7935,46.07139],[9.79202,46.0873],[9.78629,46.09754],[9.78409,46.10624],[9.78238,46.10871],[9.77699,46.11315],[9.77347,46.11871],[9.77121,46.1192],[9.76937,46.11865],[9.76751,46.11677],[9.76649,46.11431],[9.76648,46.11207],[9.76886,46.10634],[9.76966,46.09952],[9.7694,46.09538],[9.76678,46.08904],[9.76854,46.08315],[9.76866,46.07928],[9.76615,46.07152],[9.76449,46.06945],[9.7623,46.06941],[9.76129,46.07007],[9.76084,46.07171],[9.76148,46.08479],[9.76076,46.08838],[9.75165,46.10003],[9.74858,46.10146],[9.74502,46.10041],[9.74366,46.10132],[9.741,46.11117],[9.73767,46.1153],[9.73798,46.12368],[9.735,46.12866],[9.73205,46.13032],[9.72714,46.13134],[9.71547,46.12871],[9.71022,46.12918],[9.70808,46.13035],[9.70691,46.13544],[9.70532,46.13692],[9.70076,46.13834],[9.68889,46.13942],[9.68652,46.13876],[9.68434,46.13604],[9.68369,46.13275],[9.68442,46.13009],[9.68801,46.1276],[9.69836,46.1262],[9.70028,46.12416],[9.70166,46.12082],[9.70116,46.11662],[9.69667,46.1147],[9.69897,46.10869],[9.69538,46.10612],[9.69539,46.10366],[9.70098,46.09987],[9.70656,46.09365],[9.71784,46.08663],[9.72244,46.08221],[9.72404,46.07959],[9.725,46.07455],[9.72328,46.07166],[9.71922,46.07165],[9.71387,46.07859],[9.70555,46.07989],[9.7029,46.08196],[9.70035,46.08608],[9.69404,46.09107],[9.68865,46.09416],[9.68218,46.09623],[9.68008,46.09443],[9.68016,46.0904],[9.68211,46.0866],[9.68686,46.08286],[9.68817,46.08073],[9.68861,46.07828],[9.68699,46.07348],[9.68986,46.06962],[9.68923,46.06689],[9.68585,46.06679],[9.67976,46.07059],[9.67503,46.07491],[9.67151,46.07995],[9.66877,46.07889],[9.66684,46.07403],[9.66419,46.07137],[9.66052,46.07014],[9.65705,46.07081],[9.65539,46.07331],[9.65513,46.07608],[9.6564,46.08119],[9.66014,46.08845],[9.65974,46.10009],[9.66139,46.10346],[9.66837,46.1108],[9.67064,46.11448],[9.66901,46.11648],[9.66407,46.11748],[9.65878,46.11584],[9.65418,46.11297],[9.6513,46.10972],[9.64819,46.10328],[9.64385,46.10068],[9.63982,46.10055],[9.62754,46.10421],[9.61997,46.1047],[9.61316,46.10755],[9.61164,46.10736],[9.61043,46.10605],[9.61056,46.10432],[9.61236,46.10187],[9.61782,46.10024],[9.61924,46.09904],[9.61951,46.09057],[9.62042,46.08828],[9.62709,46.08578],[9.63,46.08338],[9.63361,46.08261],[9.63482,46.08089],[9.63491,46.07718],[9.63156,46.0761],[9.62955,46.07444],[9.63145,46.07228],[9.63451,46.0708],[9.63481,46.06871],[9.6336,46.06737],[9.63041,46.06607],[9.62613,46.0663],[9.62004,46.07076],[9.61758,46.07029],[9.6159,46.06866],[9.61713,46.06637],[9.62213,46.06295],[9.62936,46.06022],[9.63142,46.05861],[9.63274,46.05462],[9.62991,46.05276],[9.62635,46.05249],[9.61914,46.05536],[9.61641,46.05397],[9.61484,46.05036],[9.61354,46.04921],[9.61076,46.04836],[9.60827,46.04887],[9.60577,46.05265],[9.60608,46.05959],[9.60539,46.06183],[9.59097,46.07033],[9.58903,46.07284],[9.58667,46.07938],[9.582,46.08324],[9.58028,46.08836],[9.57824,46.08937],[9.57643,46.08918],[9.5755,46.08382],[9.57803,46.07634],[9.58044,46.07195],[9.58473,46.06809],[9.5866,46.06495],[9.58623,46.05658],[9.592,46.05107],[9.59703,46.04068],[9.59676,46.04006],[9.59573,46.04028],[9.5906,46.0436],[9.58521,46.05111],[9.58281,46.05317],[9.57122,46.05624],[9.56793,46.05621],[9.56716,46.05494],[9.56716,46.05245],[9.56939,46.04849],[9.5728,46.04637],[9.58388,46.0424],[9.58556,46.04079],[9.58544,46.03742],[9.58428,46.03522],[9.57643,46.02994],[9.5735,46.02937],[9.57133,46.02996],[9.56926,46.03674],[9.56802,46.03814],[9.55858,46.03799],[9.55535,46.04423],[9.55259,46.04533],[9.5492,46.04538],[9.5473,46.04442],[9.54623,46.04197],[9.54635,46.03804],[9.54478,46.0362],[9.54048,46.03457],[9.53664,46.03474],[9.53445,46.03738],[9.53346,46.04159],[9.53867,46.05004],[9.53955,46.05384],[9.53911,46.0554],[9.53431,46.05708],[9.52963,46.05696],[9.52629,46.05546],[9.52506,46.05238],[9.52249,46.05123],[9.51758,46.05255],[9.51564,46.05477],[9.51552,46.0573],[9.5165,46.05906],[9.51863,46.06096],[9.5261,46.06492],[9.52785,46.06683],[9.52826,46.06879],[9.52737,46.06992],[9.52433,46.06988],[9.51448,46.06684],[9.51393,46.06781],[9.51482,46.07076],[9.51892,46.07589],[9.52495,46.07837],[9.5267,46.07986],[9.52884,46.08677],[9.53395,46.09398],[9.53503,46.10218],[9.53221,46.1085],[9.52964,46.1102],[9.52624,46.11103],[9.52422,46.11058],[9.52182,46.10717],[9.51657,46.1045],[9.51144,46.103],[9.50816,46.10304],[9.50648,46.10436],[9.50575,46.10625],[9.50807,46.11289],[9.50586,46.11368],[9.5,46.11375],[9.5,46.17219],[9.50552,46.17127],[9.53166,46.17423],[9.55387,46.17176],[9.56571,46.17423],[9.58495,46.18064],[9.59728,46.18163],[9.60123,46.18557],[9.60222,46.19446],[9.60419,46.20038],[9.6111,46.20432],[9.61751,46.20975],[9.62195,46.22801],[9.61899,46.23146],[9.59778,46.23393],[9.58791,46.23639],[9.58446,46.24527],[9.58544,46.2507],[9.59186,46.25366],[9.60074,46.25267],[9.60913,46.25021],[9.62689,46.25119],[9.63083,46.25909],[9.63675,46.26402],[9.65994,46.266],[9.67475,46.26846],[9.69349,46.26846],[9.69251,46.26304],[9.67179,46.25415],[9.66685,46.24873],[9.65698,46.24379],[9.64958,46.24133],[9.6486,46.23738],[9.65057,46.23294],[9.65106,46.22801],[9.65402,46.22258],[9.66241,46.22011],[9.66833,46.21518],[9.6629,46.2058],[9.67228,46.20432],[9.71668,46.20432],[9.73987,46.19988],[9.76947,46.20038],[9.78477,46.20186],[9.7971,46.20087],[9.80747,46.19594],[9.82375,46.19297],[9.83016,46.19297],[9.83312,46.19939],[9.83312,46.20679],[9.83164,46.2137],[9.82769,46.21814],[9.81783,46.22258],[9.81191,46.2285],[9.80895,46.23787],[9.80895,46.24823],[9.81191,46.25662],[9.82128,46.26994],[9.82572,46.28178],[9.81783,46.29659],[9.80401,46.30596],[9.79414,46.30596],[9.79168,46.2956],[9.79168,46.28869],[9.78822,46.2808],[9.7823,46.27734],[9.77688,46.28178],[9.76947,46.29461],[9.74727,46.29264],[9.74333,46.29955],[9.74826,46.30596],[9.74925,46.31237],[9.74875,46.3178],[9.7453,46.32125],[9.74431,46.32718],[9.7453,46.33211],[9.75221,46.33507],[9.76257,46.32866],[9.7902,46.32964],[9.80747,46.33359],[9.83065,46.33014],[9.84003,46.3252],[9.85088,46.32076],[9.85582,46.31681],[9.86322,46.30892],[9.87506,46.30448],[9.9392,46.30645],[9.94759,46.30892],[9.95104,46.31385],[9.95153,46.32125],[9.94857,46.32866],[9.94265,46.33754],[9.94759,46.34444],[9.9614,46.34346],[9.9688,46.33852],[9.96979,46.33112],[9.9762,46.32224],[9.99396,46.3104],[9.99594,46.303],[9.99199,46.29856],[9.97818,46.30201],[9.96781,46.303],[9.96189,46.29659],[9.96041,46.28228],[9.95203,46.27093],[9.94068,46.266],[9.90812,46.25958],[9.8943,46.25267],[9.88493,46.24429],[9.88493,46.23442],[9.88739,46.22504],[9.89627,46.21962],[9.93032,46.21271],[9.93525,46.21074],[9.95005,46.20827],[9.96732,46.20679],[9.98212,46.20728],[9.99051,46.21172],[10.01469,46.21419],[10.02357,46.21074],[10.02554,46.20235],[10.04034,46.1989],[10.0507,46.1989],[10.05268,46.20432],[10.0586,46.2132],[10.06748,46.21567],[10.07833,46.21468],[10.0882,46.22801],[10.08129,46.23245],[10.08129,46.23985],[10.09116,46.24774],[10.09511,46.25613],[10.08425,46.26402],[10.04972,46.27685],[10.01666,46.29165],[10.01123,46.29807],[10.00926,46.30843],[10.0063,46.31681],[9.99988,46.32471],[9.99939,46.3326],[10.01321,46.34642],[10.01222,46.35727],[10.00778,46.36369],[10.0063,46.37405],[10.0063,46.38293],[10.00778,46.39329],[9.98755,46.40414],[9.97768,46.41105],[9.97078,46.40908],[9.96584,46.40365],[9.95005,46.39872],[9.94117,46.39625],[9.92884,46.39625],[9.91552,46.4002],[9.91009,46.40661],[9.90614,46.4145],[9.89381,46.42486],[9.88246,46.42388],[9.87654,46.4145],[9.88295,46.40316],[9.88394,46.39674],[9.86716,46.38539],[9.85976,46.37849],[9.85088,46.37454],[9.81733,46.37158],[9.80944,46.36665],[9.79957,46.35431],[9.78625,46.35431],[9.77441,46.3553],[9.75221,46.35974],[9.74431,46.36665],[9.74283,46.37701],[9.73839,46.38638],[9.72852,46.39131],[9.72211,46.38983],[9.72211,46.36615],[9.72014,46.35579],[9.71668,46.34938],[9.71126,46.34592],[9.69941,46.36221],[9.69004,46.37109],[9.67721,46.36961],[9.6708,46.35875],[9.6634,46.34987],[9.65254,46.34247],[9.63626,46.33754],[9.61801,46.33063],[9.61061,46.32619],[9.6037,46.3178],[9.58939,46.31336],[9.54943,46.31089],[9.53314,46.31089],[9.51736,46.30793],[9.5,46.30305],[9.5,46.35211],[9.52749,46.35739],[9.59001,46.36457],[9.59791,46.36852],[9.60186,46.37355],[9.60905,46.37823],[9.61659,46.38469],[9.61947,46.4023],[9.61731,46.41164],[9.61803,46.42134],[9.61767,46.42924],[9.61264,46.43679],[9.60869,46.44505],[9.60977,46.45367],[9.61551,46.45942],[9.61695,46.46876],[9.61659,46.47882],[9.61264,46.48637],[9.61049,46.49319],[9.60294,46.49499],[9.59396,46.49247],[9.58641,46.49391],[9.58138,46.49786],[9.57276,46.49894],[9.56737,46.50469],[9.56917,46.5108],[9.58929,46.52696],[9.60078,46.53451],[9.60258,46.54205],[9.59719,46.54421],[9.5857,46.54385],[9.58605,46.55103],[9.59108,46.55786],[9.59216,46.56541],[9.5857,46.56505],[9.57851,46.56109],[9.57132,46.55319],[9.56629,46.53738],[9.55516,46.52768],[9.54402,46.52229],[9.53576,46.52265],[9.53001,46.52948],[9.52426,46.53092],[9.51887,46.53523],[9.51025,46.53846],[9.51061,46.54708],[9.51743,46.54996],[9.5221,46.55463],[9.52462,46.56038],[9.53109,46.56612],[9.5336,46.57475],[9.53252,46.58157],[9.53001,46.58624],[9.5221,46.58984],[9.5221,46.5981],[9.52354,46.60672],[9.52893,46.61211],[9.53683,46.61786],[9.53683,46.62253],[9.5318,46.62504],[9.52103,46.62684],[9.51312,46.63438],[9.5,46.63455],[9.5,46.73746],[9.50566,46.73131],[9.51128,46.72965],[9.51658,46.73296],[9.51857,46.73826],[9.52353,46.74323],[9.52784,46.75018],[9.5285,46.75747],[9.52651,46.76409],[9.51658,46.77137],[9.51327,46.777],[9.50501,46.78405],[9.5,46.78427],[9.5,47.28614],[9.51006,47.29277],[9.50759,47.29834],[9.5,47.29895],[9.5,47.5],[9.97995,47.5],[9.97301,47.49619],[9.96998,47.4929],[9.96947,47.48962],[9.97377,47.48987],[9.99684,47.5],[10.06868,47.5],[10.06933,47.49644],[10.06731,47.49341],[10.06504,47.49189],[10.06099,47.49315],[10.05872,47.49492],[10.05239,47.49594],[10.0486,47.49063],[10.04506,47.48987],[10.0352,47.49366],[10.03116,47.49341],[10.02459,47.49265],[10.01928,47.48911],[10.01415,47.489],[10.0122,47.48582],[9.99349,47.48633],[9.98869,47.48304],[9.9811,47.48153],[9.97908,47.48026],[9.97781,47.47596],[9.98489,47.47394],[10.04152,47.4838],[10.05239,47.48405],[10.06807,47.4881],[10.07439,47.4881],[10.08349,47.48557],[10.09664,47.48911],[10.10043,47.49164],[10.10776,47.49442],[10.11433,47.49922],[10.11667,47.5],[10.40196,47.49983]],[[10.44897,46.83163],[10.4493,46.81673],[10.44765,46.81111],[10.43937,46.80746],[10.42778,46.80713],[10.4099,46.8121],[10.4046,46.80382],[10.40593,46.79256],[10.41155,46.7866],[10.42447,46.77965],[10.43241,46.77203],[10.43275,46.76574],[10.42977,46.75813],[10.43241,46.74919],[10.44235,46.74224],[10.45063,46.73462],[10.46023,46.72866],[10.46983,46.73032],[10.47744,46.74058],[10.48638,46.74455],[10.494,46.74919],[10.49764,46.75714],[10.49797,46.76608],[10.50128,46.77733],[10.50161,46.78627],[10.49566,46.78958],[10.4834,46.78892],[10.47347,46.78627],[10.46685,46.78296],[10.45956,46.78097],[10.44897,46.78064],[10.44632,46.78793],[10.44864,46.79587],[10.45692,46.79985],[10.46221,46.80382],[10.46917,46.8121],[10.47579,46.83494],[10.47224,46.84364],[10.46718,46.84388],[10.4589,46.84157],[10.45029,46.83726],[10.44897,46.83163]],[[10.34467,47.12565],[10.32977,47.12665],[10.29434,47.12532],[10.28706,47.124],[10.28044,47.11771],[10.27249,47.10711],[10.2715,47.09585],[10.27315,47.08095],[10.27084,47.07433],[10.26223,47.07334],[10.2513,47.08062],[10.24633,47.08658],[10.24071,47.09155],[10.22845,47.09188],[10.22084,47.08989],[10.21355,47.08493],[10.20495,47.05811],[10.19965,47.05248],[10.19501,47.04917],[10.18144,47.04884],[10.17117,47.0452],[10.16521,47.04023],[10.15859,47.03228],[10.15429,47.02434],[10.15363,47.0154],[10.14998,47.00646],[10.14502,47.00414],[10.14171,46.99917],[10.12945,46.99288],[10.12714,46.98791],[10.13243,46.98626],[10.14502,46.9856],[10.15594,46.97897],[10.16753,46.97633],[10.1778,46.97897],[10.18905,46.98328],[10.20991,46.99586],[10.2215,46.99818],[10.23806,46.99884],[10.25064,47.00248],[10.28276,47.02301],[10.29931,47.03526],[10.3205,47.04884],[10.33043,47.0591],[10.33507,47.06572],[10.36123,47.07764],[10.38956,47.08686],[10.43067,47.08898],[10.4438,47.09131],[10.45546,47.09597],[10.46288,47.10254],[10.46097,47.1089],[10.45249,47.11356],[10.43914,47.11632],[10.42325,47.11738],[10.41371,47.11886],[10.40645,47.12077],[10.39334,47.13062],[10.3705,47.13194],[10.36321,47.12896],[10.3556,47.12698],[10.34467,47.12565]],[[10.39268,46.77038],[10.38705,46.76806],[10.37944,46.76707],[10.3695,46.77038],[10.36007,46.78392],[10.345,46.78362],[10.33673,46.78164],[10.33143,46.77733],[10.32547,46.76906],[10.32381,46.75978],[10.32447,46.75184],[10.32646,46.74455],[10.33341,46.73628],[10.34467,46.73561],[10.35692,46.73793],[10.3705,46.73363],[10.37381,46.72767],[10.37513,46.7174],[10.3748,46.71078],[10.38341,46.70383],[10.41023,46.68959],[10.41884,46.68197],[10.4291,46.67436],[10.43738,46.66972],[10.44169,46.6727],[10.445,46.68098],[10.44599,46.68827],[10.444,46.69621],[10.44235,46.71376],[10.43937,46.72105],[10.43076,46.72568],[10.42149,46.72866],[10.41718,46.73793],[10.41718,46.74687],[10.4142,46.75151],[10.40725,46.7568],[10.40559,46.7631],[10.40063,46.76906],[10.39268,46.77038]],[[10.39202,46.67866],[10.38374,46.67105],[10.37878,46.66939],[10.3748,46.66608],[10.37447,46.66045],[10.38209,46.65052],[10.38308,46.6386],[10.38606,46.6333],[10.39169,46.63032],[10.3993,46.629],[10.40593,46.62966],[10.41056,46.63628],[10.41155,46.6439],[10.40791,46.65151],[10.40526,46.66244],[10.4046,46.67039],[10.40004,46.6778],[10.39202,46.67866]],[[10.26521,46.69091],[10.25991,46.68893],[10.25594,46.68595],[10.2566,46.68065],[10.2619,46.67403],[10.26454,46.66873],[10.26885,46.66608],[10.27348,46.66542],[10.28375,46.66807],[10.29302,46.66906],[10.29832,46.66741],[10.31454,46.66443],[10.32083,46.66575],[10.32481,46.67237],[10.33441,46.67535],[10.33639,46.67933],[10.33494,46.6849],[10.32977,46.68462],[10.32282,46.68131],[10.31587,46.68032],[10.30494,46.68197],[10.28971,46.69058],[10.27448,46.69588],[10.26951,46.69489],[10.26521,46.69091]],[[10.26861,46.39888],[10.27132,46.38966],[10.27837,46.37989],[10.27892,46.35873],[10.28326,46.35168],[10.29356,46.3506],[10.30495,46.35331],[10.31255,46.35331],[10.32014,46.35602],[10.32991,46.36145],[10.33316,46.37284],[10.3234,46.38694],[10.3234,46.40268],[10.32448,46.42058],[10.32177,46.42871],[10.31635,46.43414],[10.29682,46.43414],[10.28705,46.43251],[10.27675,46.42926],[10.27078,46.42058],[10.26915,46.41136],[10.26861,46.39888]],[[9.7169,47.14817],[9.70763,47.14585],[9.69935,47.13857],[9.6828,47.13261],[9.67485,47.13194],[9.66922,47.1187],[9.66657,47.08095],[9.66194,47.07499],[9.64306,47.06903],[9.63412,47.07599],[9.63843,47.10281],[9.64075,47.11274],[9.64505,47.12234],[9.64935,47.13062],[9.65929,47.14055],[9.66094,47.14784],[9.65531,47.15082],[9.6477,47.16075],[9.63611,47.17267],[9.63512,47.18194],[9.62287,47.18459],[9.61492,47.17962],[9.60267,47.17764],[9.58942,47.18062],[9.5838,47.18658],[9.57519,47.19088],[9.56227,47.18492],[9.55367,47.17664],[9.54473,47.16108],[9.54141,47.14684],[9.54936,47.14122],[9.56492,47.14254],[9.57353,47.14916],[9.58214,47.15711],[9.58876,47.15843],[9.59307,47.15049],[9.59373,47.14221],[9.58512,47.12698],[9.59108,47.12267],[9.60002,47.11969],[9.60201,47.10016],[9.59803,47.09652],[9.56856,47.09552],[9.56393,47.08824],[9.55532,47.0836],[9.54837,47.07102],[9.54208,47.06639],[9.53976,47.05612],[9.54307,47.04586],[9.553,47.04122],[9.56658,47.03725],[9.57287,47.0346],[9.57784,47.02665],[9.58446,47.01937],[9.59538,47.01109],[9.61326,47.00679],[9.62022,47.01407],[9.61724,47.02169],[9.60863,47.02632],[9.5987,47.02897],[9.59042,47.03824],[9.59472,47.04387],[9.60896,47.04851],[9.61989,47.05082],[9.63313,47.04818],[9.64273,47.04354],[9.65531,47.04023],[9.66525,47.04023],[9.68081,47.04188],[9.69008,47.03924],[9.6977,47.03195],[9.70796,47.02698],[9.71789,47.024],[9.74273,47.02169],[9.75067,47.02566],[9.76226,47.02831],[9.77418,47.02698],[9.78643,47.01904],[9.79802,47.00877],[9.80232,46.99818],[9.81193,46.98593],[9.82418,46.98328],[9.83444,46.98758],[9.84371,46.99785],[9.85033,47.00083],[9.85861,47.00116],[9.86821,46.99586],[9.86755,46.98858],[9.8596,46.97997],[9.84934,46.96706],[9.84735,46.96043],[9.83974,46.95613],[9.83411,46.95116],[9.82616,46.94719],[9.82186,46.93858],[9.82285,46.93196],[9.85365,46.91507],[9.87517,46.91077],[9.88576,46.91375],[9.89238,46.91805],[9.90861,46.91838],[9.93013,46.91242],[9.93808,46.90613],[9.96594,46.90252],[9.99029,46.89158],[10.00546,46.88594],[10.02839,46.8817],[10.03544,46.87676],[10.02451,46.8757],[10.01992,46.87429],[10.02486,46.86935],[10.04285,46.86759],[10.04709,46.86371],[10.04709,46.85912],[10.04391,46.85524],[10.04568,46.85171],[10.05379,46.85101],[10.06155,46.84642],[10.05908,46.84325],[10.04779,46.84607],[10.04109,46.84607],[10.03298,46.8436],[10.02486,46.84395],[10.01745,46.84995],[10.0111,46.85313],[10.00475,46.85313],[10.00687,46.84642],[10.00651,46.84219],[9.99593,46.84431],[9.98711,46.84924],[9.97667,46.84924],[9.97648,46.84124],[9.9639,46.83594],[9.95298,46.83594],[9.94337,46.83759],[9.92881,46.8419],[9.92218,46.83892],[9.91159,46.83594],[9.90993,46.82766],[9.90993,46.81872],[9.90828,46.81011],[9.91258,46.80316],[9.92847,46.7919],[9.9394,46.78164],[9.94371,46.77369],[9.94437,46.76475],[9.94337,46.75647],[9.93741,46.75449],[9.92914,46.76111],[9.92152,46.76508],[9.91755,46.76243],[9.91887,46.75118],[9.9298,46.73462],[9.93443,46.72965],[9.94768,46.72138],[9.95662,46.72237],[9.95794,46.72833],[9.95761,46.73694],[9.9586,46.74389],[9.96721,46.74886],[9.98443,46.75051],[9.999,46.75879],[10.00032,46.76641],[9.99205,46.77203],[9.98278,46.77369],[9.97483,46.77833],[9.97384,46.78727],[9.97464,46.80757],[9.9757,46.81605],[9.97761,46.8241],[9.98248,46.82706],[9.98948,46.8224],[9.99011,46.81795],[10.00579,46.81096],[10.01088,46.8046],[10.01321,46.79104],[10.02105,46.78659],[10.02932,46.77578],[10.0344,46.7743],[10.03928,46.77557],[10.04309,46.78108],[10.0522,46.78553],[10.05644,46.78977],[10.06852,46.78829],[10.07488,46.7885],[10.08017,46.79168],[10.08314,46.79952],[10.08038,46.80545],[10.06725,46.80948],[10.06555,46.81795],[10.06937,46.82452],[10.08144,46.826],[10.09458,46.82389],[10.1003,46.81816],[10.10433,46.80884],[10.10751,46.79867],[10.11344,46.79549],[10.12298,46.79952],[10.13273,46.81117],[10.13177,46.83726],[10.13409,46.84057],[10.14237,46.84388],[10.14899,46.83991],[10.14932,46.83461],[10.15594,46.83097],[10.15958,46.82336],[10.16157,46.81508],[10.1778,46.80647],[10.18243,46.80978],[10.17283,46.82071],[10.1725,46.82998],[10.17415,46.83925],[10.18177,46.84322],[10.197,46.84653],[10.22415,46.85912],[10.23508,46.85878],[10.23806,46.85448],[10.23673,46.84951],[10.22812,46.84521],[10.22216,46.83925],[10.22084,46.82932],[10.22349,46.82203],[10.23806,46.82038],[10.246,46.82104],[10.2513,46.82468],[10.25196,46.83064],[10.25925,46.8323],[10.28276,46.8313],[10.29335,46.83329],[10.29898,46.83826],[10.30726,46.84157],[10.30858,46.84819],[10.30361,46.85415],[10.27348,46.85912],[10.26852,46.86474],[10.26852,46.87335],[10.28507,46.8813],[10.29335,46.88792],[10.28673,46.89322],[10.27779,46.89289],[10.25825,46.88395],[10.25064,46.88693],[10.24269,46.89686],[10.24435,46.92169],[10.24965,46.93163],[10.26057,46.94057],[10.26984,46.95116],[10.27978,46.97037],[10.28309,46.97864],[10.28077,46.98295],[10.27361,46.9824],[10.26951,46.97666],[10.26421,46.97202],[10.25097,46.97037],[10.24004,46.96209],[10.22978,46.95116],[10.21753,46.94123],[10.20726,46.93726],[10.20296,46.93659],[10.19435,46.9313],[10.19104,46.92633],[10.18905,46.91706],[10.1864,46.89024],[10.18409,46.87733],[10.17713,46.87567],[10.17283,46.876],[10.16588,46.87832],[10.16389,46.88693],[10.16025,46.89554],[10.15296,46.89752],[10.13939,46.89719],[10.13343,46.88031],[10.13243,46.86342],[10.12085,46.85912],[10.11522,46.85878],[10.10793,46.86342],[10.09568,46.87368],[10.08972,46.87766],[10.07913,46.87898],[10.07482,46.88362],[10.07217,46.89289],[10.07217,46.9015],[10.06555,46.90646],[10.05297,46.90679],[10.04138,46.90878],[10.03476,46.91143],[10.03542,46.92401],[10.04304,46.93461],[10.04237,46.94057],[10.03377,46.94288],[10.01787,46.94487],[10.01059,46.94123],[10.00761,46.93096],[10.00728,46.91573],[10.00529,46.91077],[9.99701,46.90977],[9.99205,46.91474],[9.99569,46.925],[9.99536,46.93593],[9.98973,46.94189],[9.98443,46.94918],[9.98013,46.95812],[9.97549,46.9707],[9.96721,46.98129],[9.949,46.97897],[9.94404,46.97301],[9.94238,46.96441],[9.93278,46.96308],[9.93145,46.95812],[9.94139,46.95414],[9.95265,46.95216],[9.96423,46.94752],[9.97152,46.94189],[9.97549,46.93295],[9.97549,46.92401],[9.96688,46.92136],[9.95529,46.92401],[9.95033,46.93328],[9.9447,46.93593],[9.9341,46.92765],[9.92847,46.92699],[9.9096,46.92931],[9.9,46.93361],[9.89536,46.9452],[9.89205,46.96176],[9.89437,46.97301],[9.89901,46.98493],[9.90695,46.99685],[9.91225,47.00281],[9.91722,47.01142],[9.91788,47.02069],[9.91059,47.02533],[9.90166,47.02698],[9.88245,47.02897],[9.84504,47.02996],[9.83477,47.03526],[9.82914,47.04122],[9.81888,47.04453],[9.80431,47.04784],[9.79901,47.05248],[9.7861,47.05546],[9.77749,47.0601],[9.7755,47.0697],[9.77683,47.07665],[9.81259,47.09453],[9.82285,47.10115],[9.82881,47.10877],[9.83312,47.11936],[9.82881,47.12565],[9.80166,47.12665],[9.79338,47.12499],[9.78842,47.12102],[9.77087,47.1187],[9.76392,47.11473],[9.76094,47.10877],[9.75531,47.1038],[9.75167,47.09817],[9.75001,47.09056],[9.7467,47.0846],[9.73743,47.07698],[9.73014,47.074],[9.72187,47.07864],[9.71988,47.08294],[9.70531,47.08559],[9.70068,47.09023],[9.70001,47.10115],[9.70928,47.10612],[9.71359,47.11009],[9.71524,47.11704],[9.72286,47.12234],[9.72882,47.12764],[9.73014,47.14188],[9.7265,47.14784],[9.7169,47.14817]],[[10.26771,46.21466],[10.26623,46.20703],[10.26983,46.20194],[10.27386,46.20088],[10.2836,46.20618],[10.29377,46.2083],[10.29695,46.21063],[10.30034,46.21466],[10.30225,46.2208],[10.30246,46.235],[10.29527,46.23663],[10.28911,46.2297],[10.28085,46.22589],[10.27301,46.22016],[10.26771,46.21466]],[[10.24766,46.73197],[10.25693,46.72237],[10.26322,46.72138],[10.27249,46.72204],[10.28309,46.72932],[10.28607,46.7323],[10.28971,46.73892],[10.28739,46.7472],[10.27835,46.7551],[10.26454,46.74886],[10.2566,46.74753],[10.24865,46.74323],[10.24667,46.73793],[10.24766,46.73197]],[[10.19078,47.33668],[10.18288,47.32562],[10.17498,47.31811],[10.16708,47.31258],[10.14693,47.30231],[10.12323,47.29165],[10.1181,47.28296],[10.12758,47.27901],[10.13311,47.27506],[10.1418,47.27545],[10.14812,47.28019],[10.16945,47.27901],[10.17774,47.28177],[10.18999,47.29165],[10.20144,47.29204],[10.21409,47.29086],[10.21764,47.29244],[10.22515,47.30231],[10.23305,47.30903],[10.24095,47.31219],[10.24806,47.31614],[10.24806,47.3268],[10.24608,47.33549],[10.23028,47.33865],[10.2287,47.34458],[10.23344,47.34576],[10.23858,47.34932],[10.24095,47.35603],[10.24095,47.36394],[10.23728,47.37105],[10.22673,47.37105],[10.21962,47.36552],[10.21172,47.35643],[10.19078,47.33668]],[[10.21964,46.4089],[10.21453,46.40467],[10.21009,46.39912],[10.17742,46.39801],[10.15662,46.4002],[10.14308,46.39742],[10.12468,46.38388],[10.11982,46.37486],[10.10767,46.36687],[10.09864,46.3634],[10.09308,46.35125],[10.09135,46.33562],[10.09794,46.3141],[10.10593,46.30334],[10.11947,46.29292],[10.14551,46.27521],[10.15349,46.2648],[10.15801,46.25681],[10.17307,46.24789],[10.18856,46.24848],[10.19446,46.24987],[10.20523,46.25855],[10.20592,46.27521],[10.20939,46.28112],[10.21842,46.28355],[10.22224,46.29084],[10.21703,46.29882],[10.20036,46.30021],[10.18405,46.30021],[10.17328,46.30334],[10.16565,46.30681],[10.15627,46.30785],[10.14586,46.31375],[10.13891,46.31896],[10.13509,46.32972],[10.13509,46.36236],[10.14065,46.3752],[10.15523,46.37763],[10.16565,46.36479],[10.17294,46.36028],[10.17884,46.35437],[10.19203,46.34569],[10.2021,46.34049],[10.21078,46.34153],[10.21807,46.34535],[10.21981,46.3516],[10.21634,46.3568],[10.2139,46.36271],[10.2139,46.36965],[10.22779,46.38284],[10.23856,46.3877],[10.23856,46.39569],[10.23142,46.40312],[10.2292,46.40823],[10.21964,46.4089]],[[10.14237,46.71376],[10.16422,46.71641],[10.17614,46.71144],[10.18044,46.70548],[10.1874,46.70383],[10.19932,46.70383],[10.21521,46.70151],[10.21587,46.6982],[10.21819,46.69456],[10.23087,46.69425],[10.23177,46.70449],[10.23143,46.71244],[10.22879,46.71773],[10.2215,46.72568],[10.22051,46.72932],[10.21521,46.73164],[10.20461,46.7323],[10.19303,46.73098],[10.19236,46.72833],[10.18872,46.72502],[10.18276,46.72535],[10.1778,46.73197],[10.17283,46.73363],[10.16687,46.74058],[10.16256,46.74058],[10.15462,46.73859],[10.15197,46.73462],[10.13409,46.73495],[10.12747,46.73263],[10.12515,46.72502],[10.12614,46.72038],[10.13045,46.71542],[10.14237,46.71376]],[[10.18446,46.59009],[10.18485,46.56836],[10.1892,46.56204],[10.1971,46.55967],[10.20144,46.55532],[10.20935,46.55493],[10.21764,46.56125],[10.22199,46.56599],[10.22278,46.57429],[10.21804,46.57824],[10.2129,46.58614],[10.20887,46.59802],[10.1888,46.59838],[10.18446,46.59009]],[[10.12126,47.49034],[10.10348,47.4777],[10.10703,47.47059],[10.13232,47.46309],[10.13943,47.45795],[10.14733,47.44215],[10.16273,47.44017],[10.18051,47.44057],[10.19473,47.44294],[10.20184,47.4457],[10.20618,47.45202],[10.21251,47.45637],[10.21567,47.46269],[10.21567,47.47573],[10.20895,47.48086],[10.19038,47.48126],[10.18011,47.47928],[10.16905,47.48007],[10.1576,47.48442],[10.15404,47.49192],[10.14738,47.49773],[10.13034,47.49548],[10.12126,47.49034]],[[10.07383,47.06506],[10.08608,47.06705],[10.09105,47.06407],[10.09336,47.0601],[10.10661,47.05811],[10.13641,47.05579],[10.148,47.05612],[10.15793,47.06043],[10.16223,47.06539],[10.15992,47.07102],[10.15958,47.07764],[10.17283,47.08691],[10.17482,47.09486],[10.17184,47.09883],[10.16455,47.10115],[10.1629,47.10612],[10.16557,47.11955],[10.15627,47.11903],[10.14833,47.11506],[10.14071,47.10877],[10.13277,47.10446],[10.12085,47.09387],[10.10992,47.09221],[10.10297,47.09619],[10.08873,47.10943],[10.07714,47.10976],[10.06986,47.1038],[10.06588,47.09685],[10.05926,47.09221],[10.05297,47.08327],[10.04304,47.07466],[10.04535,47.06804],[10.0639,47.06539],[10.07383,47.06506]],[[10.10003,46.4318],[10.09239,46.42902],[10.08614,46.4252],[10.0851,46.41687],[10.08892,46.41131],[10.10176,46.40784],[10.11391,46.40784],[10.12329,46.41131],[10.13058,46.41756],[10.13544,46.4193],[10.14065,46.42381],[10.14238,46.43145],[10.14551,46.4377],[10.15141,46.44013],[10.16079,46.44152],[10.16634,46.44499],[10.1646,46.45089],[10.15845,46.45474],[10.14065,46.45506],[10.13613,46.44777],[10.12468,46.44499],[10.11704,46.44499],[10.10975,46.44048],[10.10003,46.4318]],[[9.9751,47.29165],[9.96127,47.2877],[9.95416,47.28375],[9.94784,47.27861],[9.94231,47.27268],[9.93362,47.26913],[9.93559,47.26241],[9.94508,47.26004],[9.96838,47.26123],[10.02764,47.26083],[10.03435,47.25491],[10.03435,47.24859],[10.02645,47.24266],[10.00117,47.24503],[9.99524,47.23634],[9.99406,47.21659],[9.98813,47.20948],[9.9751,47.20672],[9.95732,47.19684],[9.95021,47.19408],[9.93046,47.18894],[9.92532,47.18539],[9.91545,47.18222],[9.88898,47.18183],[9.87516,47.18064],[9.87279,47.17669],[9.88029,47.17116],[9.90281,47.16919],[9.91308,47.16524],[9.94705,47.15931],[9.95811,47.15497],[9.96562,47.15694],[9.97747,47.16208],[9.99564,47.17353],[10.00709,47.16879],[10.0146,47.16208],[10.02329,47.15931],[10.03238,47.15062],[10.04897,47.15023],[10.05884,47.15378],[10.06477,47.15852],[10.07385,47.16326],[10.08373,47.16366],[10.0936,47.16168],[10.09676,47.15734],[10.10229,47.15339],[10.10901,47.14667],[10.11731,47.14391],[10.15049,47.14707],[10.15286,47.15299],[10.15088,47.16524],[10.14693,47.17195],[10.13706,47.17748],[10.13598,47.19008],[10.11533,47.19368],[10.09795,47.19487],[10.08175,47.19408],[10.07188,47.18736],[10.06398,47.1842],[10.04423,47.18262],[10.03593,47.19329],[10.04107,47.20356],[10.04976,47.20869],[10.06911,47.21462],[10.07346,47.22015],[10.08175,47.22173],[10.09439,47.21975],[10.11454,47.22054],[10.11691,47.22726],[10.11375,47.23318],[10.10743,47.23674],[10.10427,47.24266],[10.09676,47.24622],[10.08452,47.24701],[10.07464,47.25135],[10.05647,47.26557],[10.04778,47.2794],[10.04067,47.28454],[9.99603,47.29125],[9.9751,47.29165]],[[10.06793,47.3825],[10.06753,47.37184],[10.062,47.36512],[10.05568,47.35919],[10.04541,47.35603],[10.03672,47.36117],[10.02724,47.36394],[10.00235,47.36512],[9.99,47.36336],[9.98932,47.35485],[9.99524,47.34892],[10.00235,47.34497],[10.01973,47.33786],[10.03435,47.33549],[10.04502,47.32878],[10.0545,47.32838],[10.06042,47.33549],[10.07069,47.33707],[10.0861,47.34418],[10.10506,47.34497],[10.11375,47.34418],[10.12244,47.34853],[10.12442,47.35801],[10.12442,47.36868],[10.13192,47.37539],[10.1335,47.38329],[10.12363,47.38843],[10.11098,47.39119],[10.08136,47.39119],[10.07267,47.38882],[10.06793,47.3825]],[[10.09123,47.44768],[10.07188,47.44728],[10.05647,47.4457],[10.05292,47.43741],[10.06082,47.43069],[10.06872,47.42595],[10.07425,47.42082],[10.09321,47.41845],[10.10743,47.42516],[10.11177,47.42951],[10.11256,47.43741],[10.11152,47.44476],[10.10664,47.44689],[10.09123,47.44768]],[[10.00231,47.05976],[10.00562,47.07433],[9.99635,47.07897],[9.98741,47.07665],[9.97516,47.07731],[9.9692,47.07864],[9.96258,47.07566],[9.9596,47.07069],[9.95827,47.06208],[9.95894,47.05579],[9.96754,47.05149],[9.97549,47.05049],[9.9841,47.04751],[9.99271,47.04255],[9.99569,47.03957],[10.00297,47.03493],[10.02218,47.02996],[10.03079,47.02334],[10.03509,47.01341],[10.04833,47.00977],[10.05496,47.01043],[10.08111,47.01738],[10.09237,47.01937],[10.10065,47.02169],[10.10595,47.025],[10.10595,47.03902],[10.04138,47.04718],[10.01191,47.05248],[10.00231,47.05976]],[[9.9409,47.41276],[9.92447,47.40164],[9.92346,47.39532],[9.92927,47.38849],[9.94166,47.38672],[9.96189,47.38571],[10.01574,47.38647],[10.02003,47.39127],[10.02661,47.39178],[10.02964,47.39784],[10.02787,47.40315],[10.01827,47.40593],[10.01217,47.41133],[9.96012,47.41301],[9.9409,47.41276]],[[9.80968,46.67953],[9.7999,46.67842],[9.78857,46.67042],[9.78524,46.67487],[9.77924,46.67798],[9.77191,46.67998],[9.74702,46.67865],[9.74435,46.67487],[9.74791,46.6702],[9.75413,46.66909],[9.7608,46.67042],[9.76813,46.66665],[9.77102,46.66154],[9.78146,46.6582],[9.78324,46.65376],[9.78946,46.6502],[9.79946,46.65154],[9.81057,46.65487],[9.81568,46.65909],[9.82679,46.66109],[9.82857,46.66642],[9.82768,46.67087],[9.82924,46.67465],[9.83879,46.67665],[9.84723,46.67665],[9.85479,46.68153],[9.86034,46.68353],[9.87168,46.68265],[9.88345,46.68042],[9.89078,46.67576],[9.89923,46.67731],[9.91456,46.68398],[9.91923,46.68709],[9.92256,46.69176],[9.93078,46.69353],[9.93656,46.69176],[9.94656,46.69109],[9.953,46.68931],[9.95633,46.68465],[9.95611,46.67976],[9.96078,46.6762],[9.97011,46.67398],[9.97478,46.67976],[9.97678,46.68398],[9.98478,46.68642],[9.99922,46.68776],[9.99855,46.6942],[9.99322,46.69842],[9.98478,46.69998],[9.93056,46.70309],[9.91856,46.70575],[9.91434,46.71131],[9.90656,46.71264],[9.89256,46.71086],[9.89056,46.70687],[9.89184,46.69782],[9.89156,46.69156],[9.88772,46.68843],[9.88004,46.68815],[9.87591,46.6917],[9.87023,46.69469],[9.86084,46.69483],[9.85131,46.6927],[9.83894,46.68791],[9.82946,46.68753],[9.83768,46.6982],[9.83835,46.70442],[9.83768,46.71198],[9.83435,46.71798],[9.82835,46.72264],[9.82235,46.72375],[9.81213,46.72086],[9.81013,46.7102],[9.81079,46.69642],[9.80968,46.67953]],[[9.93256,46.51111],[9.93122,46.49489],[9.93345,46.48844],[9.93834,46.48578],[9.95167,46.48489],[9.95811,46.48578],[9.96744,46.48511],[9.97055,46.48],[9.97455,46.476],[9.97944,46.47511],[9.98944,46.47511],[9.99611,46.47689],[9.99766,46.47955],[9.99747,46.48409],[9.991,46.48644],[9.98811,46.48978],[9.98744,46.49333],[9.98055,46.49511],[9.97233,46.49466],[9.965,46.49644],[9.96167,46.50177],[9.96056,46.51466],[9.95922,46.52066],[9.95367,46.52288],[9.94389,46.52333],[9.93322,46.52244],[9.93189,46.51866],[9.93256,46.51111]],[[9.80998,47.36077],[9.79378,47.35129],[9.78193,47.34537],[9.76653,47.3347],[9.76376,47.31772],[9.77127,47.30429],[9.77008,47.29639],[9.77285,47.29086],[9.78865,47.2877],[9.79931,47.29204],[9.80168,47.29718],[9.81037,47.29915],[9.82104,47.29955],[9.83131,47.29797],[9.83684,47.29402],[9.83644,47.28454],[9.83091,47.27743],[9.82696,47.26873],[9.81906,47.25965],[9.80524,47.25491],[9.78549,47.25056],[9.74243,47.24345],[9.73216,47.24345],[9.72939,47.23516],[9.73966,47.22884],[9.74914,47.22726],[9.78391,47.23002],[9.80998,47.24069],[9.83368,47.24227],[9.84395,47.24582],[9.84474,47.25056],[9.83723,47.25728],[9.83526,47.26834],[9.83921,47.28138],[9.8475,47.28809],[9.85304,47.28888],[9.85857,47.29204],[9.86686,47.29915],[9.87318,47.3031],[9.90004,47.30705],[9.91466,47.31021],[9.92572,47.31456],[9.93994,47.32878],[9.93965,47.33717],[9.87397,47.33194],[9.86726,47.32799],[9.85738,47.32404],[9.84079,47.31969],[9.82775,47.31061],[9.80524,47.31021],[9.79931,47.31772],[9.79892,47.3272],[9.80405,47.33391],[9.81867,47.33549],[9.82499,47.33905],[9.8321,47.34497],[9.84276,47.35011],[9.85343,47.35722],[9.85383,47.3671],[9.83842,47.37065],[9.82301,47.3671],[9.80998,47.36077]],[[9.87767,46.64154],[9.87345,46.63776],[9.87056,46.63376],[9.86345,46.63198],[9.85968,46.62865],[9.85701,46.62465],[9.85034,46.62221],[9.84568,46.6191],[9.84146,46.61487],[9.83568,46.61199],[9.83123,46.60799],[9.82546,46.60621],[9.81101,46.60376],[9.80657,46.60065],[9.80457,46.59265],[9.80813,46.58843],[9.81901,46.58532],[9.82679,46.58577],[9.85834,46.59621],[9.87545,46.59932],[9.88501,46.60376],[9.89678,46.61287],[9.90345,46.61976],[9.90589,46.62776],[9.90367,46.63487],[9.89947,46.64112],[9.87767,46.64154]],[[9.87998,47.25273],[9.8863,47.25349],[9.89236,47.25728],[9.89312,47.26537],[9.88879,47.27072],[9.86961,47.27093],[9.86531,47.26916],[9.8638,47.26537],[9.86354,47.26057],[9.86557,47.25576],[9.87214,47.25298],[9.87998,47.25273]],[[9.6465,46.88894],[9.62839,46.88169],[9.61494,46.87962],[9.61391,46.88738],[9.60252,46.87962],[9.5958,46.87755],[9.58545,46.86824],[9.58752,46.86255],[9.61132,46.85996],[9.64702,46.85427],[9.66047,46.85427],[9.69461,46.8522],[9.71686,46.84755],[9.74376,46.85117],[9.75307,46.85376],[9.77066,46.85531],[9.78411,46.85376],[9.78308,46.84703],[9.76963,46.84237],[9.75825,46.83979],[9.75256,46.8341],[9.75618,46.82944],[9.77739,46.82427],[9.7836,46.82116],[9.76601,46.80978],[9.7598,46.80409],[9.75256,46.80616],[9.72979,46.80099],[9.71738,46.79116],[9.7091,46.78133],[9.69875,46.77201],[9.68685,46.76581],[9.68064,46.76063],[9.67237,46.76322],[9.66409,46.76839],[9.65685,46.7834],[9.6615,46.79116],[9.67185,46.79788],[9.67133,46.80357],[9.65788,46.80668],[9.64184,46.80668],[9.6315,46.80306],[9.62684,46.79633],[9.61494,46.79374],[9.60511,46.79633],[9.59062,46.7984],[9.57879,46.79739],[9.57924,46.76477],[9.57562,46.73218],[9.57873,46.71355],[9.58286,46.69907],[9.59011,46.69027],[9.60666,46.69183],[9.62011,46.69493],[9.63305,46.70424],[9.64598,46.71045],[9.6822,46.71459],[9.69203,46.71873],[9.70237,46.72545],[9.70703,46.73425],[9.71479,46.73683],[9.72203,46.73218],[9.73031,46.73477],[9.73134,46.74511],[9.73393,46.75184],[9.74273,46.75598],[9.74945,46.76322],[9.76601,46.77564],[9.7717,46.78236],[9.78049,46.78495],[9.78773,46.78805],[9.78825,46.79323],[9.79446,46.80306],[9.82033,46.81133],[9.83171,46.81961],[9.83481,46.82996],[9.8343,46.84186],[9.83223,46.85065],[9.8343,46.85376],[9.85085,46.85272],[9.85499,46.85738],[9.8462,46.86359],[9.83378,46.86617],[9.80429,46.86772],[9.78773,46.86772],[9.77739,46.87393],[9.76859,46.87652],[9.76135,46.87393],[9.75462,46.86979],[9.74583,46.86824],[9.73652,46.86824],[9.72979,46.86617],[9.72358,46.86928],[9.72203,46.88687],[9.71168,46.88635],[9.70237,46.8729],[9.69254,46.87186],[9.67806,46.87186],[9.67081,46.8729],[9.66305,46.88066],[9.66616,46.88894],[9.66305,46.8967],[9.6584,46.90135],[9.6496,46.89825],[9.6465,46.88894]],[[9.73156,46.59429],[9.73283,46.60345],[9.73283,46.61355],[9.7303,46.61797],[9.71988,46.62271],[9.71641,46.62713],[9.70313,46.63016],[9.6908,46.63481],[9.67969,46.63602],[9.62129,46.63562],[9.61603,46.63421],[9.61381,46.62713],[9.6134,46.61986],[9.62149,46.6146],[9.62735,46.6047],[9.63139,46.60025],[9.65564,46.59561],[9.66635,46.59237],[9.67747,46.59197],[9.68515,46.58813],[9.68899,46.5849],[9.69715,46.57314],[9.69967,46.56745],[9.69651,46.56303],[9.68483,46.56208],[9.6763,46.55987],[9.66967,46.55198],[9.66715,46.54598],[9.66778,46.5403],[9.67504,46.5283],[9.67599,46.52135],[9.67883,46.51914],[9.68357,46.51125],[9.68578,46.5043],[9.69999,46.49356],[9.70883,46.48851],[9.72114,46.48662],[9.73409,46.47588],[9.73472,46.4683],[9.72777,46.4623],[9.72209,46.45946],[9.71735,46.45409],[9.708,46.45371],[9.70662,46.44872],[9.70093,46.4462],[9.69493,46.44209],[9.69746,46.43767],[9.70504,46.43578],[9.71388,46.43515],[9.74198,46.43925],[9.75777,46.45188],[9.76282,46.45883],[9.75525,46.46357],[9.75114,46.46957],[9.75493,46.47462],[9.76219,46.47588],[9.76946,46.47399],[9.77735,46.47809],[9.7764,46.48725],[9.76377,46.49893],[9.76093,46.5043],[9.76693,46.51283],[9.77482,46.51725],[9.79219,46.51567],[9.79819,46.51756],[9.80293,46.52325],[9.80419,46.53019],[9.80482,46.54124],[9.79882,46.54345],[9.79345,46.54156],[9.78903,46.53651],[9.77956,46.53272],[9.77545,46.52798],[9.76851,46.52609],[9.75525,46.5264],[9.74956,46.52356],[9.74388,46.51946],[9.73125,46.52009],[9.72746,46.52167],[9.72683,46.53082],[9.73535,46.53651],[9.74167,46.54219],[9.74451,46.55072],[9.75335,46.55293],[9.75588,46.56114],[9.75682,46.56998],[9.75398,46.57472],[9.74356,46.57535],[9.73567,46.57882],[9.73156,46.58419],[9.73156,46.59429]],[[9.70947,47.31969],[9.7168,47.31836],[9.73102,47.31858],[9.73569,47.32258],[9.73791,47.32658],[9.74102,47.32725],[9.74458,47.33014],[9.74502,47.33569],[9.74102,47.33725],[9.7368,47.3408],[9.73455,47.34666],[9.71614,47.34769],[9.7088,47.34658],[9.70658,47.34258],[9.7068,47.33347],[9.70747,47.32503],[9.70947,47.31969]]],[[[9.50014,45.74502],[9.50873,45.73692],[9.5175,45.73307],[9.51969,45.72976],[9.51568,45.72745],[9.51154,45.72634],[9.5,45.72714],[9.50014,45.74502]]],[[[9.5,46.26883],[9.52388,46.27206],[9.53094,46.27418],[9.54223,46.29217],[9.5514,46.2957],[9.55352,46.2897],[9.54611,46.27982],[9.54223,46.27206],[9.5387,46.26042],[9.53411,46.25583],[9.51118,46.25654],[9.5,46.25526],[9.5,46.26883]]],[[[9.50666,46.51367],[9.50809,46.50648],[9.50378,46.50145],[9.5,46.5006],[9.5,46.51652],[9.50666,46.51367]]],[[[9.5,46.49088],[9.51492,46.48026],[9.53576,46.47056],[9.57779,46.45906],[9.5936,46.45008],[9.60294,46.44182],[9.60581,46.4278],[9.60438,46.41846],[9.59504,46.41343],[9.59073,46.41703],[9.58713,46.42385],[9.58031,46.4278],[9.56989,46.42601],[9.56809,46.40984],[9.5627,46.40122],[9.55552,46.39727],[9.54366,46.39475],[9.53683,46.39619],[9.53252,46.40266],[9.53216,46.42277],[9.52929,46.43068],[9.51815,46.43607],[9.51348,46.4411],[9.50306,46.44361],[9.5,46.44259],[9.5,46.49088]]],[[[9.50737,46.42816],[9.51851,46.41272],[9.5221,46.4023],[9.52785,46.38505],[9.52318,46.38218],[9.5,46.38254],[9.5,46.43185],[9.50737,46.42816]]],[[[9.92564,45.89674],[9.92153,45.89847],[9.92036,45.90088],[9.92198,45.91003],[9.91813,45.92211],[9.9191,45.93109],[9.91757,45.93514],[9.91346,45.93979],[9.91158,45.94041],[9.91038,45.94183],[9.89893,45.94608],[9.8957,45.94885],[9.90918,45.95343],[9.91158,45.96489],[9.90872,45.97405],[9.91404,45.97843],[9.92207,45.98016],[9.92589,45.98914],[9.93603,45.99044],[9.93941,45.99767],[9.93986,46.00421],[9.94513,46.01381],[9.94936,46.0184],[9.95571,46.01593],[9.95818,46.00817],[9.9603,45.99476],[9.95841,45.98943],[9.95876,45.98524],[9.95566,45.97975],[9.94867,45.97355],[9.9478,45.96618],[9.93784,45.96041],[9.93493,45.95605],[9.93478,45.94879],[9.9448,45.9415],[9.92957,45.92256],[9.9319,45.91741],[9.93807,45.91173],[9.93309,45.90169],[9.92564,45.89674]]],[[[9.75354,46.02942],[9.75701,46.02422],[9.76033,46.02162],[9.76524,46.02075],[9.76886,46.02133],[9.77868,46.02668],[9.79068,46.03014],[9.80961,46.03043],[9.81062,46.02798],[9.81004,46.02552],[9.79675,46.0222],[9.78461,46.01425],[9.77478,46.01049],[9.77088,46.00688],[9.76828,46.00327],[9.76076,45.98621],[9.75585,45.97957],[9.74906,45.97451],[9.7427,45.97119],[9.74285,45.96659],[9.73963,45.9595],[9.74178,45.9561],[9.74059,45.95319],[9.72886,45.9466],[9.72768,45.94303],[9.7229,45.94426],[9.71925,45.94406],[9.70094,45.93965],[9.67945,45.93849],[9.6732,45.93708],[9.66913,45.93332],[9.66547,45.93357],[9.66451,45.93692],[9.66096,45.93856],[9.66323,45.94357],[9.65811,45.95118],[9.65931,45.95437],[9.65649,45.95992],[9.65745,45.96213],[9.66074,45.96241],[9.67142,45.95547],[9.67784,45.95345],[9.6858,45.95506],[9.69094,45.95987],[9.69921,45.95759],[9.70826,45.95821],[9.7183,45.96641],[9.72001,45.97672],[9.72126,45.97751],[9.73605,45.97711],[9.74227,45.9826],[9.7466,45.98968],[9.74834,45.99821],[9.74559,46.00471],[9.74111,46.00991],[9.74068,46.01873],[9.73923,46.02754],[9.7362,46.03116],[9.72233,46.0313],[9.7151,46.03303],[9.71366,46.03824],[9.71698,46.04113],[9.71785,46.04561],[9.7203,46.04777],[9.72623,46.04907],[9.731,46.04532],[9.7323,46.04257],[9.74588,46.0378],[9.75354,46.02942]]],[[[9.70997,45.97114],[9.69798,45.97196],[9.6926,45.97385],[9.69232,45.97681],[9.69599,45.98165],[9.70113,45.98521],[9.70746,45.987],[9.71058,45.9815],[9.70675,45.97605],[9.71127,45.97282],[9.70997,45.97114]]],[[[9.67908,46.00465],[9.67797,45.99684],[9.68146,45.98741],[9.6752,45.98431],[9.67557,45.97546],[9.67129,45.97448],[9.66574,45.97535],[9.66208,45.97265],[9.65597,45.97204],[9.65002,45.96598],[9.64417,45.96738],[9.64293,45.97332],[9.65047,45.9779],[9.65304,45.98456],[9.66235,45.98774],[9.6626,45.99696],[9.6575,46.00138],[9.65572,46.01239],[9.66123,46.01234],[9.66462,46.01347],[9.66643,46.01866],[9.66869,46.01979],[9.67305,46.01535],[9.67908,46.00465]]],[[[9.63403,46.02147],[9.63461,46.01179],[9.63896,46.01034],[9.64142,45.98781],[9.63786,45.97883],[9.63581,45.97872],[9.62823,45.98375],[9.61984,45.98287],[9.61286,45.98568],[9.61168,45.99766],[9.61597,46.00066],[9.62059,46.00717],[9.62363,46.0089],[9.62392,46.01136],[9.62074,46.0141],[9.61944,46.01714],[9.62088,46.01858],[9.62348,46.01656],[9.62883,46.01699],[9.63056,46.02566],[9.63316,46.02407],[9.63403,46.02147]]]]},"properties":{"mid":"069","pid":"251","source_citation":"Burkhalter and Bini, 2009","source_reference":"Burkhalter, R., Bini, A., cartographe. Die Schweiz w\u00e4hrend des letzteiszeitlichen Maximums (LGM) = La Suisse durant le dernier maximum glaciaire = La Svizzera durante l\u2019ultimo massimo glaciale = Switzerland during the last glacial maximum. Bundesamt f","source_doi":"978-3-302-40049-5","source_year":2009,"range":"Central European Highlands","sub_range":"Eastern Alps, German Alpine Foreland, Western Alps","deglaciation_upper_yr":24000,"deglaciation_lower_yr":18000,"area_km2":46031.6556441,"paleo_ela_m":0.0}},{"type":"Feature","geometry":{"type":"MultiPolygon","coordinates":[[[[13.49352,46.19988],[13.49065,46.2036],[13.49366,46.2079],[13.5,46.21203],[13.5,46.19969],[13.49352,46.19988]]],[[[13.49578,46.22763],[13.46786,46.22359],[13.46521,46.22207],[13.45278,46.21828],[13.45131,46.21651],[13.42484,46.21353],[13.42278,46.22055],[13.42961,46.22351],[13.44644,46.2254],[13.44841,46.22777],[13.46399,46.23636],[13.48848,46.23922],[13.49151,46.23885],[13.5,46.23983],[13.5,46.22922],[13.49578,46.22763]]],[[[13.5,46.27238],[13.49266,46.27222],[13.4902,46.27499],[13.48317,46.2763],[13.47285,46.28059],[13.46765,46.28056],[13.46518,46.28332],[13.45377,46.28539],[13.4475,46.28879],[13.44148,46.29019],[13.43878,46.29166],[13.4269,46.29395],[13.36515,46.29992],[13.36162,46.30314],[13.36245,46.30615],[13.36443,46.30875],[13.4261,46.30999],[13.42901,46.31105],[13.42632,46.31385],[13.42205,46.31523],[13.41757,46.3199],[13.39287,46.32357],[13.38872,46.32499],[13.37327,46.32667],[13.36371,46.33055],[13.35673,46.33191],[13.35259,46.33472],[13.34283,46.33608],[13.34147,46.3375],[13.32127,46.34157],[13.31104,46.34178],[13.30812,46.33897],[13.31748,46.32469],[13.31242,46.31943],[13.29697,46.32079],[13.29174,46.32349],[13.28095,46.32625],[13.26125,46.32613],[13.24833,46.33469],[13.24209,46.34119],[13.23532,46.34496],[13.22202,46.34739],[13.21329,46.35002],[13.21088,46.35282],[13.2066,46.35411],[13.20457,46.35647],[13.20115,46.35838],[13.19271,46.35967],[13.18691,46.36544],[13.18266,46.37495],[13.15731,46.37363],[13.15079,46.36444],[13.1527,46.35925],[13.15151,46.34442],[13.15935,46.33882],[13.16641,46.33753],[13.17603,46.33326],[13.18713,46.33157],[13.20384,46.32492],[13.20786,46.32524],[13.20821,46.32088],[13.19012,46.32065],[13.17618,46.32803],[13.15788,46.32593],[13.15835,46.32009],[13.15395,46.31306],[13.14834,46.31056],[13.1497,46.29782],[13.15519,46.29018],[13.1611,46.28508],[13.15807,46.27906],[13.15657,46.27778],[13.15529,46.2735],[13.14139,46.2673],[13.14282,46.25874],[13.16679,46.25561],[13.16985,46.25458],[13.17298,46.25189],[13.1741,46.23127],[13.17603,46.22486],[13.1802,46.21931],[13.19607,46.21689],[13.20515,46.21283],[13.2066,46.20958],[13.21011,46.20801],[13.21634,46.20125],[13.22296,46.19971],[13.22497,46.19222],[13.2248,46.17286],[13.22198,46.16373],[13.21471,46.15349],[13.20224,46.14478],[13.19828,46.14296],[13.1924,46.13742],[13.18655,46.1222],[13.16181,46.11649],[13.15169,46.111],[13.13911,46.11509],[13.12879,46.11378],[13.12144,46.11114],[13.11146,46.11055],[13.09756,46.11137],[13.08283,46.1105],[13.0613,46.12026],[13.05433,46.12761],[13.04827,46.13184],[13.03785,46.13506],[13.03576,46.1374],[13.0302,46.13912],[13.03151,46.15269],[13.04756,46.16822],[13.05097,46.17448],[13.04948,46.1797],[13.04263,46.18319],[13.03373,46.19009],[13.02776,46.19044],[13.02464,46.18874],[13.01351,46.18596],[12.98704,46.18465],[12.98193,46.18187],[12.97731,46.18319],[12.97044,46.18657],[12.97547,46.19424],[12.97882,46.19566],[12.98006,46.1972],[12.99117,46.20137],[13.01732,46.20904],[13.01947,46.21172],[13.02314,46.21388],[13.0287,46.22082],[13.03441,46.23179],[13.03691,46.23977],[13.04059,46.24368],[13.04191,46.2482],[13.05371,46.25415],[13.0565,46.25902],[13.0552,46.26694],[13.05233,46.26932],[13.04829,46.2764],[13.04603,46.27828],[13.04397,46.28187],[13.04562,46.28926],[13.04553,46.29307],[13.03995,46.29586],[13.02328,46.29722],[13.02292,46.30075],[13.03288,46.30419],[13.04649,46.3067],[13.05932,46.30694],[13.06565,46.30894],[13.07315,46.31157],[13.07394,46.31733],[13.07173,46.3179],[13.06758,46.3206],[13.05735,46.32244],[13.03571,46.32909],[13.03072,46.3318],[13.01125,46.33936],[12.99102,46.34251],[12.97343,46.34146],[12.96986,46.3434],[12.96231,46.34069],[12.94614,46.33817],[12.94098,46.33005],[12.94192,46.32567],[12.94469,46.3215],[12.94892,46.32029],[12.95102,46.31671],[12.95226,46.30544],[12.95457,46.29528],[12.94825,46.28738],[12.94554,46.28521],[12.94517,46.2822],[12.94698,46.27747],[12.94271,46.27405],[12.94112,46.27028],[12.9383,46.26803],[12.94165,46.26116],[12.9467,46.25819],[12.95319,46.25634],[12.9654,46.25122],[12.96754,46.24845],[12.97327,46.24724],[12.97388,46.24507],[12.97881,46.24444],[12.98489,46.24143],[12.98733,46.23717],[12.98566,46.23149],[12.98054,46.22637],[12.9734,46.22775],[12.97325,46.2361],[12.97034,46.23736],[12.96888,46.23912],[12.95526,46.24367],[12.95195,46.24553],[12.93795,46.24732],[12.92486,46.25308],[12.92435,46.26505],[12.92044,46.26992],[12.92175,46.27522],[12.92865,46.2903],[12.93017,46.29156],[12.93412,46.29917],[12.93552,46.31294],[12.93282,46.31518],[12.93219,46.31733],[12.92731,46.32199],[12.91695,46.32392],[12.89926,46.32287],[12.89466,46.32037],[12.88486,46.3242],[12.88289,46.3264],[12.88003,46.32772],[12.87872,46.33196],[12.87686,46.33363],[12.87587,46.34022],[12.87432,46.34195],[12.87478,46.34953],[12.86851,46.35147],[12.86319,46.35705],[12.83772,46.35644],[12.83536,46.3538],[12.82796,46.35424],[12.80512,46.35288],[12.80096,46.35062],[12.79951,46.34439],[12.79526,46.33891],[12.79395,46.33328],[12.79121,46.33083],[12.77449,46.32772],[12.77101,46.32612],[12.76452,46.32466],[12.74384,46.32224],[12.72994,46.31946],[12.72724,46.31799],[12.72124,46.31668],[12.70782,46.31913],[12.70054,46.31946],[12.69806,46.32224],[12.69495,46.32366],[12.68452,46.33305],[12.66786,46.33371],[12.65637,46.33097],[12.6563,46.32902],[12.66549,46.31846],[12.66254,46.31221],[12.66042,46.29942],[12.65494,46.28908],[12.65678,46.27807],[12.65302,46.27501],[12.64246,46.27075],[12.63964,46.26839],[12.64072,46.2623],[12.64684,46.25573],[12.6526,46.24788],[12.65766,46.24319],[12.65908,46.24018],[12.66097,46.23843],[12.65774,46.22489],[12.65284,46.21982],[12.63516,46.21537],[12.62109,46.21321],[12.61327,46.21799],[12.60583,46.22035],[12.59632,46.22509],[12.57709,46.22355],[12.57127,46.22151],[12.56201,46.22077],[12.52967,46.22218],[12.52577,46.22639],[12.51619,46.22601],[12.49154,46.23184],[12.48583,46.23024],[12.48139,46.21756],[12.48654,46.21278],[12.49096,46.20381],[12.49926,46.19571],[12.50465,46.19316],[12.51177,46.18737],[12.51872,46.1832],[12.52989,46.17908],[12.56197,46.17675],[12.57987,46.17032],[12.57853,46.16513],[12.57253,46.16323],[12.56878,46.15954],[12.56737,46.16107],[12.56669,46.15613],[12.56457,46.15678],[12.56326,46.16103],[12.5514,46.16242],[12.54102,46.1652],[12.5326,46.16651],[12.52705,46.17207],[12.51876,46.17206],[12.50336,46.1737],[12.48119,46.17354],[12.47943,46.17157],[12.45895,46.16798],[12.45536,46.16396],[12.452,46.16242],[12.45069,46.15956],[12.44505,46.15825],[12.44257,46.15547],[12.42245,46.15702],[12.41595,46.16542],[12.41768,46.17618],[12.42382,46.1778],[12.42976,46.18736],[12.42988,46.18932],[12.42315,46.19175],[12.39502,46.19291],[12.38932,46.19689],[12.37298,46.1986],[12.36868,46.20244],[12.36718,46.2073],[12.36299,46.21104],[12.35619,46.21523],[12.33812,46.21932],[12.3299,46.21741],[12.32826,46.20504],[12.32847,46.20137],[12.32145,46.1913],[12.32276,46.17207],[12.32703,46.16825],[12.34712,46.16079],[12.35194,46.15817],[12.35758,46.15686],[12.36366,46.15734],[12.37811,46.15508],[12.37976,46.14975],[12.38551,46.15009],[12.39878,46.13734],[12.39934,46.12781],[12.39742,46.12244],[12.39981,46.11126],[12.39383,46.10746],[12.39232,46.10258],[12.38295,46.09362],[12.37543,46.08278],[12.37279,46.08042],[12.37082,46.07405],[12.3619,46.06549],[12.36029,46.05343],[12.35144,46.04208],[12.33665,46.03317],[12.33498,46.0313],[12.322,46.02223],[12.31859,46.02067],[12.30747,46.00955],[12.30338,46.00158],[12.30469,45.99696],[12.3083,45.99531],[12.31705,45.98643],[12.32415,45.98184],[12.32634,45.97938],[12.33934,45.97222],[12.34201,45.96923],[12.34764,45.96749],[12.3548,45.9623],[12.35891,45.95833],[12.36306,45.94614],[12.36113,45.93914],[12.35797,45.93225],[12.35409,45.92791],[12.34135,45.91981],[12.33731,45.91578],[12.335,45.9083],[12.32879,45.90134],[12.32349,45.90103],[12.31334,45.90292],[12.30608,45.90941],[12.29742,45.92092],[12.28916,45.93914],[12.29202,45.94983],[12.29256,45.95885],[12.28906,45.96435],[12.27964,45.96726],[12.27705,45.96918],[12.26995,45.96786],[12.26161,45.96508],[12.25689,45.96251],[12.24432,45.96251],[12.21769,45.95654],[12.1955,45.94979],[12.16858,45.95117],[12.16825,45.95667],[12.17668,45.9645],[12.17854,45.96854],[12.18688,45.97307],[12.21419,45.97914],[12.22168,45.98437],[12.23112,45.98905],[12.24349,45.99702],[12.24736,46.00035],[12.26996,46.01232],[12.28226,46.02537],[12.28658,46.02755],[12.29118,46.03181],[12.29365,46.03616],[12.30337,46.04145],[12.30326,46.04418],[12.30533,46.04809],[12.30893,46.04979],[12.30893,46.05267],[12.32271,46.06656],[12.3256,46.07202],[12.32713,46.07686],[12.32687,46.0835],[12.32138,46.09148],[12.31846,46.09869],[12.30749,46.09848],[12.30564,46.09649],[12.30815,46.09177],[12.30465,46.09011],[12.30491,46.08343],[12.30326,46.08031],[12.30034,46.08042],[12.29629,46.07605],[12.28942,46.07605],[12.28404,46.07066],[12.27804,46.06923],[12.27418,46.06507],[12.26095,46.05859],[12.2468,46.05666],[12.24095,46.05689],[12.23388,46.05256],[12.22966,46.05123],[12.22832,46.04979],[12.21876,46.04658],[12.20304,46.03477],[12.19631,46.03316],[12.18762,46.02873],[12.18503,46.02593],[12.16477,46.02153],[12.15995,46.02637],[12.1103,46.02523],[12.08867,46.02106],[12.08518,46.01921],[12.06984,46.0151],[12.06472,46.01238],[12.04286,46.01089],[12.03093,46.00398],[12.02064,45.99393],[12.01286,45.99147],[12.00597,45.98725],[11.99341,45.98313],[11.9879,45.97891],[11.97916,45.97453],[11.97497,45.97],[11.96983,45.95945],[11.96606,45.95397],[11.96413,45.94788],[11.96441,45.94088],[11.96708,45.93584],[11.96167,45.93235],[11.9589,45.93174],[11.9561,45.92942],[11.95155,45.92145],[11.94767,45.91822],[11.94625,45.91495],[11.9291,45.91368],[11.92527,45.91772],[11.92401,45.92026],[11.92527,45.92328],[11.92401,45.93928],[11.93374,45.9483],[11.93723,45.95396],[11.93618,45.96423],[11.93235,45.96788],[11.92264,45.96637],[11.91768,45.96125],[11.90997,45.95954],[11.91017,45.9576],[11.90528,45.95354],[11.90317,45.95433],[11.89145,45.95226],[11.88239,45.95428],[11.87205,45.95237],[11.8726,45.94696],[11.87212,45.94426],[11.86323,45.92775],[11.86009,45.92467],[11.85692,45.92204],[11.84637,45.92047],[11.83646,45.92008],[11.8281,45.92242],[11.82673,45.93372],[11.83187,45.94402],[11.83646,45.9483],[11.83772,45.95456],[11.83312,45.96362],[11.82487,45.96914],[11.82256,45.96636],[11.81271,45.95954],[11.80637,45.95129],[11.80298,45.94982],[11.79584,45.94061],[11.78908,45.93453],[11.78766,45.93125],[11.77796,45.92341],[11.77553,45.91513],[11.77237,45.9125],[11.77257,45.91057],[11.76558,45.90383],[11.76231,45.90241],[11.7581,45.89735],[11.75237,45.89423],[11.74736,45.89512],[11.74323,45.89169],[11.73766,45.89006],[11.72945,45.88298],[11.72376,45.88172],[11.71397,45.87692],[11.71,45.87047],[11.6917,45.8618],[11.68637,45.85797],[11.67651,45.85671],[11.66967,45.85413],[11.66414,45.85616],[11.6642,45.86428],[11.66754,45.86706],[11.66816,45.86923],[11.67096,45.87202],[11.67221,45.87473],[11.67527,45.87602],[11.6775,45.87881],[11.6873,45.88457],[11.69179,45.89007],[11.69719,45.8944],[11.69878,45.89994],[11.70455,45.91072],[11.71006,45.91428],[11.73137,45.92137],[11.73611,45.92483],[11.73489,45.93264],[11.72565,45.93615],[11.71867,45.94004],[11.69617,45.94],[11.68358,45.9358],[11.67509,45.93387],[11.66632,45.93452],[11.65707,45.93997],[11.6525,45.94634],[11.64595,45.94831],[11.64245,45.95171],[11.63657,45.95434],[11.6285,45.95369],[11.62104,45.95953],[11.60148,45.96082],[11.59464,45.96231],[11.55203,45.9636],[11.55017,45.95943],[11.54803,45.95879],[11.5462,45.95674],[11.54035,45.95805],[11.5366,45.96225],[11.52784,45.96361],[11.52499,45.96516],[11.51296,45.96522],[11.50371,45.96235],[11.4922,45.96167],[11.45635,45.9635],[11.45083,45.95732],[11.44168,45.95535],[11.43751,45.94979],[11.43172,45.94112],[11.4325,45.9279],[11.42704,45.92302],[11.41582,45.92041],[11.41385,45.91611],[11.4084,45.9108],[11.40123,45.90624],[11.40124,45.89883],[11.39717,45.89697],[11.39891,45.89377],[11.39288,45.88993],[11.3899,45.88344],[11.3759,45.8754],[11.37749,45.84881],[11.37344,45.84135],[11.37784,45.83325],[11.37794,45.82708],[11.36822,45.82766],[11.35698,45.83583],[11.35387,45.83726],[11.34711,45.844],[11.34121,45.8614],[11.33714,45.86643],[11.31445,45.87022],[11.31053,45.87223],[11.30554,45.87052],[11.29578,45.86916],[11.29442,45.86775],[11.28595,45.86355],[11.27766,45.85521],[11.27035,45.85194],[11.25186,45.84744],[11.243,45.84971],[11.21933,45.85382],[11.20888,45.8592],[11.17499,45.86157],[11.16624,45.85932],[11.15681,45.85527],[11.14701,45.84962],[11.13854,45.84965],[11.13321,45.8469],[11.12487,45.84412],[11.11651,45.84276],[11.10928,45.84028],[11.10217,45.83546],[11.09847,45.83161],[11.07621,45.82469],[11.07467,45.8231],[11.07206,45.8148],[11.0749,45.8093],[11.07479,45.8039],[11.07741,45.79625],[11.07613,45.78022],[11.07343,45.78303],[11.05534,45.78303],[11.04821,45.77915],[11.04005,45.77052],[11.03862,45.76741],[11.03588,45.76496],[11.03231,45.75934],[11.02064,45.74847],[11.01928,45.74265],[11.00947,45.73855],[11.00615,45.73483],[11.00399,45.73014],[10.99939,45.72355],[10.99967,45.71228],[10.99391,45.70485],[10.98863,45.70242],[10.97898,45.6954],[10.97316,45.69404],[10.97064,45.69123],[10.9601,45.68509],[10.95562,45.68064],[10.94499,45.67576],[10.93729,45.67038],[10.93097,45.66719],[10.92874,45.65999],[10.92895,45.65649],[10.92625,45.65152],[10.92412,45.64463],[10.91528,45.63614],[10.90942,45.63433],[10.90248,45.62928],[10.89421,45.62035],[10.88356,45.61084],[10.87973,45.60908],[10.85668,45.58144],[10.84138,45.57218],[10.83862,45.56615],[10.83691,45.56463],[10.83715,45.55504],[10.83788,45.55299],[10.82134,45.54301],[10.8106,45.56078],[10.80123,45.56511],[10.79366,45.57049],[10.79483,45.58137],[10.80006,45.58722],[10.80578,45.58943],[10.81225,45.5886],[10.81847,45.58601],[10.82472,45.58612],[10.83235,45.59317],[10.83526,45.60312],[10.86356,45.63454],[10.88196,45.65219],[10.88756,45.67317],[10.89412,45.68372],[10.9094,45.70115],[10.91941,45.71116],[10.93039,45.7301],[10.94115,45.73709],[10.96068,45.74396],[10.98468,45.76289],[10.99644,45.77878],[10.99983,45.79129],[11.00144,45.80334],[10.99735,45.81316],[10.99419,45.81769],[10.99204,45.82463],[10.97344,45.82753],[10.96746,45.82539],[10.94905,45.82648],[10.93312,45.82325],[10.92756,45.82047],[10.90116,45.81769],[10.89691,45.81638],[10.87952,45.80602],[10.87656,45.80271],[10.87008,45.79801],[10.86654,45.79404],[10.86363,45.78156],[10.85939,45.77747],[10.85651,45.76747],[10.84826,45.76368],[10.84872,45.75584],[10.85383,45.7509],[10.84559,45.75139],[10.84391,45.74594],[10.83993,45.74411],[10.83349,45.73912],[10.82742,45.733],[10.82611,45.72875],[10.82166,45.72737],[10.80923,45.71482],[10.80665,45.70373],[10.78712,45.68436],[10.77018,45.6618],[10.76774,45.65648],[10.76142,45.65189],[10.7594,45.64537],[10.75577,45.64212],[10.75045,45.63478],[10.74803,45.62952],[10.7421,45.62103],[10.73987,45.61904],[10.73095,45.60502],[10.73293,45.59257],[10.73438,45.58845],[10.73418,45.58351],[10.73593,45.57798],[10.74812,45.572],[10.74972,45.56746],[10.74918,45.55386],[10.75244,45.55232],[10.75425,45.54848],[10.76495,45.54398],[10.77055,45.53987],[10.78302,45.53425],[10.78435,45.53142],[10.7871,45.52888],[10.78997,45.52314],[10.7916,45.50611],[10.79448,45.5],[10.50309,45.5],[10.5049,45.50762],[10.51066,45.51757],[10.50785,45.54398],[10.50516,45.55425],[10.50497,45.57029],[10.50677,45.57369],[10.50367,45.58253],[10.50229,45.59401],[10.50018,45.60163],[10.49542,45.60303],[10.49978,45.61155],[10.50498,45.61351],[10.51206,45.61477],[10.51924,45.61888],[10.53632,45.62247],[10.55638,45.63994],[10.56211,45.64393],[10.57106,45.65305],[10.57467,45.65943],[10.57863,45.66316],[10.59369,45.67555],[10.61043,45.68607],[10.61084,45.69626],[10.61872,45.70655],[10.62666,45.71411],[10.6371,45.71903],[10.63843,45.72048],[10.64266,45.72181],[10.65835,45.7327],[10.68713,45.74544],[10.70263,45.75943],[10.70659,45.75928],[10.70653,45.76078],[10.71075,45.76211],[10.71626,45.76753],[10.71789,45.77266],[10.72203,45.78049],[10.73021,45.78435],[10.73565,45.79509],[10.73715,45.79983],[10.73994,45.80242],[10.74173,45.80994],[10.74715,45.81532],[10.75218,45.82597],[10.74806,45.84168],[10.7441,45.84555],[10.73786,45.84959],[10.73015,45.85106],[10.72882,45.8525],[10.7246,45.85384],[10.71611,45.86255],[10.70411,45.86208],[10.6913,45.85939],[10.67188,45.85753],[10.66489,45.85384],[10.6508,45.84967],[10.6424,45.84105],[10.63229,45.83628],[10.61806,45.83216],[10.60447,45.81805],[10.59857,45.81526],[10.58979,45.81359],[10.58323,45.80855],[10.57178,45.79686],[10.56339,45.78718],[10.56197,45.78417],[10.54664,45.76966],[10.52962,45.76044],[10.52587,45.75661],[10.52314,45.75239],[10.51389,45.74929],[10.50533,45.74476],[10.49464,45.73656],[10.49257,45.73432],[10.49249,45.72899],[10.48423,45.72758],[10.48279,45.72941],[10.47445,45.72742],[10.46645,45.72414],[10.43387,45.72466],[10.43142,45.72758],[10.4342,45.73015],[10.43821,45.73839],[10.44153,45.74322],[10.47168,45.76849],[10.4762,45.77599],[10.48273,45.78299],[10.48981,45.79544],[10.4911,45.80249],[10.49341,45.80878],[10.49698,45.81382],[10.50238,45.81844],[10.51757,45.82753],[10.52593,45.83158],[10.53423,45.83721],[10.53975,45.84282],[10.54394,45.84554],[10.55362,45.85524],[10.55378,45.86329],[10.55512,45.8705],[10.54963,45.87332],[10.53536,45.87469],[10.52441,45.87189],[10.52038,45.86892],[10.50747,45.85632],[10.48699,45.85385],[10.46473,45.85249],[10.45865,45.8504],[10.45086,45.84412],[10.43699,45.83581],[10.43285,45.83009],[10.4171,45.81766],[10.41171,45.81657],[10.40352,45.81149],[10.3972,45.81055],[10.38822,45.81208],[10.3703,45.82195],[10.35544,45.82324],[10.34494,45.82036],[10.34197,45.81843],[10.32822,45.81639],[10.31749,45.81721],[10.29994,45.82046],[10.28868,45.81417],[10.28528,45.81023],[10.27764,45.79697],[10.27606,45.79285],[10.27233,45.78903],[10.2676,45.78883],[10.27016,45.80108],[10.27123,45.82194],[10.26765,45.82431],[10.22997,45.80376],[10.20498,45.77947],[10.18187,45.76773],[10.19094,45.78996],[10.19273,45.79162],[10.20601,45.79877],[10.20958,45.80756],[10.21181,45.81927],[10.21596,45.82357],[10.21316,45.82885],[10.21782,45.83682],[10.21551,45.83897],[10.20314,45.83848],[10.19517,45.83299],[10.19306,45.83232],[10.19012,45.82891],[10.17027,45.81564],[10.1684,45.80945],[10.16323,45.80656],[10.15854,45.80515],[10.14933,45.79683],[10.1427,45.79532],[10.13543,45.79127],[10.12793,45.7899],[10.12432,45.78571],[10.12143,45.78443],[10.11865,45.78165],[10.1132,45.77129],[10.11452,45.76187],[10.1225,45.75461],[10.11745,45.73945],[10.11719,45.7362],[10.12157,45.72703],[10.13252,45.71664],[10.13315,45.70878],[10.13,45.70314],[10.13655,45.6975],[10.13694,45.69268],[10.12838,45.68576],[10.1271,45.68288],[10.1192,45.67416],[10.10476,45.67047],[10.0992,45.66769],[10.08693,45.66008],[10.08181,45.65414],[10.05511,45.64706],[10.05205,45.64535],[10.04639,45.64407],[10.04232,45.64118],[10.03691,45.63877],[10.03665,45.63564],[10.03944,45.63064],[10.03775,45.61713],[10.03121,45.612],[10.02334,45.60793],[10.00017,45.60924],[9.98802,45.612],[9.98395,45.61589],[9.98524,45.626],[9.99317,45.6336],[9.99615,45.63895],[9.99897,45.65185],[9.9892,45.65544],[9.97281,45.65217],[9.96445,45.64561],[9.95728,45.65123],[9.94926,45.65058],[9.94226,45.65269],[9.94355,45.65796],[9.94772,45.66236],[9.95467,45.66491],[9.96311,45.6662],[9.97124,45.66918],[9.98271,45.67179],[10.01328,45.69033],[10.02148,45.69816],[10.02796,45.70654],[10.03666,45.72468],[10.03666,45.73152],[10.03494,45.73724],[10.03131,45.74145],[10.0248,45.74436],[10.02415,45.75236],[10.01866,45.76354],[10.00687,45.76519],[10.00138,45.76331],[9.99483,45.76499],[9.98266,45.76485],[9.97727,45.7667],[9.97141,45.7663],[9.95329,45.75801],[9.95056,45.75518],[9.93305,45.74285],[9.92235,45.73834],[9.90976,45.7386],[9.9047,45.74572],[9.91433,45.75497],[9.92,45.76532],[9.92694,45.77046],[9.93231,45.77606],[9.94098,45.78168],[9.96721,45.78717],[9.97856,45.78875],[10.01656,45.80314],[10.01589,45.81326],[10.00892,45.81751],[9.99913,45.82044],[9.99635,45.82322],[9.99398,45.82867],[9.99125,45.83094],[9.98311,45.83496],[9.97178,45.83381],[9.96831,45.83798],[9.97133,45.84698],[9.98222,45.84973],[9.99681,45.85159],[10.00468,45.84824],[10.01647,45.84469],[10.01997,45.84268],[10.03135,45.83983],[10.03549,45.83752],[10.04922,45.83612],[10.06231,45.83746],[10.06741,45.84229],[10.08205,45.8497],[10.08744,45.85039],[10.1019,45.85816],[10.11883,45.8718],[10.14053,45.893],[10.14233,45.89716],[10.14111,45.90076],[10.13406,45.90951],[10.11545,45.91241],[10.11616,45.91934],[10.10861,45.92728],[10.09641,45.92884],[10.08376,45.9344],[10.06868,45.93286],[10.06242,45.93099],[10.04853,45.92453],[10.04221,45.92063],[10.03994,45.91791],[10.02673,45.90827],[10.00683,45.89903],[10.00244,45.89626],[9.98946,45.89758],[9.97665,45.89627],[9.97241,45.89385],[9.96862,45.89423],[9.95586,45.89293],[9.94771,45.88867],[9.93603,45.87872],[9.92522,45.87204],[9.91713,45.8706],[9.90646,45.86659],[9.90153,45.87253],[9.90467,45.88331],[9.90918,45.88994],[9.91326,45.8981],[9.91413,45.92192],[9.90952,45.92842],[9.89116,45.92593],[9.88183,45.92602],[9.83438,45.90333],[9.83186,45.89474],[9.82402,45.89145],[9.82275,45.88992],[9.82049,45.89015],[9.78928,45.8706],[9.78399,45.86365],[9.76995,45.8706],[9.7184,45.87742],[9.71623,45.88003],[9.70869,45.88438],[9.7074,45.88588],[9.70313,45.88716],[9.69479,45.89272],[9.67351,45.89117],[9.66987,45.88157],[9.66849,45.86249],[9.67152,45.84859],[9.67109,45.84326],[9.66255,45.84141],[9.66015,45.84419],[9.65449,45.84825],[9.65265,45.86034],[9.64893,45.86354],[9.64227,45.87418],[9.64069,45.88449],[9.63578,45.89208],[9.62502,45.89487],[9.62049,45.89385],[9.61767,45.89448],[9.59826,45.8893],[9.59313,45.88994],[9.58864,45.90328],[9.59305,45.90932],[9.59582,45.91153],[9.59382,45.92759],[9.58833,45.93298],[9.5848,45.93447],[9.58033,45.9308],[9.57139,45.93192],[9.56968,45.94557],[9.55581,45.9507],[9.54363,45.94918],[9.53577,45.95142],[9.53371,45.954],[9.52734,45.95538],[9.52259,45.95817],[9.50576,45.9594],[9.5,45.96311],[9.5,47.5],[13.5,47.5],[13.5,46.27238]]],[[[10.86435,45.68505],[10.86346,45.691],[10.86396,45.7039],[10.86723,45.71371],[10.87397,45.71877],[10.8832,45.72294],[10.88796,45.727],[10.90621,45.75616],[10.91543,45.76409],[10.92227,45.76856],[10.93229,45.76876],[10.92971,45.7635],[10.92356,45.75775],[10.91067,45.74773],[10.91013,45.72583],[10.90551,45.71689],[10.90006,45.71342],[10.88558,45.71014],[10.87993,45.70642],[10.87507,45.70062],[10.87138,45.69371],[10.86435,45.68505]]],[[[10.59988,45.74878],[10.60228,45.75423],[10.62377,45.77443],[10.63002,45.78374],[10.65183,45.80218],[10.66338,45.80506],[10.67348,45.80586],[10.68054,45.80891],[10.68968,45.82302],[10.70443,45.83088],[10.70539,45.82414],[10.70202,45.81356],[10.69641,45.80458],[10.68887,45.79865],[10.67813,45.79175],[10.66434,45.78694],[10.65193,45.78079],[10.64494,45.77411],[10.6403,45.76705],[10.6358,45.76257],[10.62698,45.75904],[10.6164,45.75311],[10.60517,45.74894],[10.59988,45.74878]]]]},"properties":{"mid":"082","pid":"272","source_citation":"Schuster et al., 2020","source_reference":"R. Schuster, A. D., H. G. Krenmayr, M. Linner, G. W. Mandl, G. Pestal &. J. M. Reitner. Rocky Austria: Geologie von \u00d6sterreich Kurz Und Bunt. (Geologische Bundesanstalt, 2020)","source_doi":"978-3-903252-00-4","source_year":2020,"range":"Central European Highlands, Southeast European Highlands","sub_range":"Eastern Alps, German Alpine Foreland, High Dinaric Alps, Western Alps","deglaciation_upper_yr":0,"deglaciation_lower_yr":0,"area_km2":149912.875874,"paleo_ela_m":0.0}},{"type":"Feature","geometry":{"type":"MultiPolygon","coordinates":[[[[13.46932,46.56095],[13.47218,46.56459],[13.46603,46.57042],[13.45541,46.57143],[13.45477,46.56422],[13.45146,46.56188],[13.42889,46.56305],[13.37633,46.56271],[13.37534,46.56346],[13.36489,46.56401],[13.36567,46.56264],[13.30945,46.56228],[13.30983,46.56442],[13.31994,46.56651],[13.32006,46.57395],[13.31092,46.57758],[13.28986,46.57717],[13.29189,46.57008],[13.29061,46.56287],[13.29105,46.56216],[13.2575,46.56194],[13.2539,46.56252],[13.25534,46.56449],[13.25508,46.57925],[13.24798,46.57396],[13.24222,46.56742],[13.23346,46.56338],[13.22448,46.56712],[13.22526,46.57444],[13.22057,46.58095],[13.22334,46.58794],[13.2137,46.59087],[13.21043,46.584],[13.20134,46.58041],[13.19071,46.58197],[13.19275,46.57488],[13.19129,46.57246],[13.04518,46.59568],[13.04887,46.60096],[13.05869,46.59838],[13.06493,46.60425],[13.07453,46.60739],[13.08483,46.60596],[13.09301,46.60097],[13.10331,46.59884],[13.11359,46.60027],[13.11186,46.60758],[13.11229,46.61479],[13.1056,46.62059],[13.09513,46.62283],[13.10719,46.61076],[13.10277,46.6041],[13.09279,46.60634],[13.08478,46.61099],[13.06402,46.61317],[13.06394,46.62038],[13.06022,46.62745],[13.05551,46.63395],[13.05492,46.62662],[13.05732,46.6192],[13.05407,46.61197],[13.04515,46.60769],[13.0347,46.6074],[13.02456,46.60941],[13.02481,46.61662],[13.02341,46.62393],[13.0131,46.62536],[13.01452,46.63258],[13.0181,46.63946],[12.9989,46.63329],[12.99006,46.63724],[12.98765,46.64443],[12.97974,46.63969],[12.96946,46.63814],[12.96472,46.63159],[12.98192,46.623],[12.99255,46.62249],[13.00287,46.62015],[13.00742,46.61343],[13.00085,46.60778],[12.99792,46.60319],[12.93026,46.61394],[12.93469,46.61698],[12.92502,46.62001],[12.90432,46.61667],[12.89564,46.62073],[12.89325,46.61982],[12.8334,46.62933],[12.83134,46.6364],[12.8349,46.64329],[12.84263,46.64839],[12.84736,46.65483],[12.83692,46.65315],[12.82613,46.64071],[12.81655,46.63778],[12.8072,46.64114],[12.79883,46.64588],[12.80304,46.65255],[12.80543,46.65978],[12.802,46.66673],[12.79795,46.65995],[12.7964,46.65261],[12.78613,46.65093],[12.76808,46.65834],[12.7698,46.66545],[12.77619,46.67122],[12.77691,46.67855],[12.76799,46.67448],[12.76294,46.66814],[12.76139,46.66092],[12.74594,46.65107],[12.75547,46.649],[12.75333,46.64833],[12.74333,46.64139],[12.73861,46.64027],[12.7325,46.64111],[12.723,46.64494],[12.72068,46.65166],[12.71559,46.65814],[12.72282,46.66335],[12.73172,46.66743],[12.73962,46.6723],[12.74416,46.67909],[12.73406,46.67718],[12.72798,46.68307],[12.71705,46.67063],[12.71234,46.66395],[12.70293,46.66021],[12.69587,46.66553],[12.69259,46.67248],[12.6933,46.67969],[12.69768,46.68625],[12.68799,46.68926],[12.68574,46.67471],[12.68271,46.6677],[12.67278,46.66521],[12.66686,46.67122],[12.65963,46.67642],[12.65876,46.6692],[12.64969,46.66535],[12.6418,46.66058],[12.63341,46.66497],[12.63395,46.6723],[12.63565,46.67952],[12.62893,46.67397],[12.6202,46.66988],[12.61428,46.67589],[12.61215,46.6832],[12.60762,46.67663],[12.60725,46.66919],[12.59733,46.66692],[12.58826,46.66329],[12.5973,46.6596],[12.61712,46.66551],[12.62616,46.66181],[12.62929,46.6592],[12.59028,46.65888],[12.56274,46.66102],[12.55176,46.66923],[12.54129,46.6697],[12.53519,46.67559],[12.53505,46.68279],[12.53357,46.68999],[12.53459,46.69721],[12.53778,46.7041],[12.52732,46.70366],[12.52278,46.68942],[12.51642,46.68363],[12.50608,46.68547],[12.5003,46.69171],[12.50348,46.69861],[12.49304,46.6969],[12.49053,46.68989],[12.48079,46.6867],[12.47517,46.69316],[12.47602,46.70038],[12.45508,46.6997],[12.44458,46.7013],[12.4352,46.70452],[12.42958,46.71064],[12.41892,46.71155],[12.41115,46.71661],[12.40081,46.71821],[12.39223,46.72247],[12.38189,46.72384],[12.38239,46.72257],[12.37861,46.72666],[12.34452,46.77738],[12.34803,46.7778],[12.35168,46.77155],[12.35603,46.77046],[12.36188,46.77647],[12.36172,46.78368],[12.35127,46.78196],[12.34154,46.78505],[12.33887,46.79234],[12.33492,46.79165],[12.31109,46.82709],[12.31033,46.82942],[12.31233,46.83654],[12.30268,46.84959],[12.29885,46.85629],[12.29668,46.86336],[12.30387,46.8694],[12.32067,46.87818],[12.32862,46.87347],[12.35995,46.86743],[12.37008,46.86937],[12.39127,46.86881],[12.39866,46.87393],[12.40268,46.88061],[12.42327,46.88485],[12.43393,46.88565],[12.444,46.8829],[12.4498,46.8769],[12.45675,46.87148],[12.46696,46.86964],[12.47654,46.86631],[12.47969,46.85925],[12.48942,46.85626],[12.49339,46.84955],[12.48549,46.84466],[12.48331,46.83754],[12.49141,46.83282],[12.48249,46.82884],[12.48877,46.82307],[12.48525,46.81628],[12.4844,46.80895],[12.47393,46.80792],[12.47308,46.80059],[12.47656,46.79376],[12.49319,46.80274],[12.50355,46.80125],[12.5106,46.8067],[12.52126,46.80681],[12.52731,46.80424],[12.53215,46.8036],[12.5417,46.80061],[12.54306,46.80806],[12.53727,46.81406],[12.52951,46.81891],[12.51963,46.82144],[12.5117,46.82628],[12.51056,46.83348],[12.51191,46.8407],[12.5043,46.846],[12.50066,46.85283],[12.51116,46.85294],[12.53176,46.84845],[12.53887,46.84303],[12.54745,46.83877],[12.55521,46.83381],[12.56679,46.82122],[12.57472,46.81615],[12.59432,46.81027],[12.6048,46.81094],[12.60167,46.81789],[12.58945,46.82979],[12.57894,46.83061],[12.5702,46.83464],[12.56508,46.841],[12.58586,46.8436],[12.58256,46.85055],[12.5932,46.85214],[12.60195,46.84799],[12.6097,46.84314],[12.61598,46.83736],[12.62646,46.83826],[12.63241,46.83214],[12.64033,46.82718],[12.65085,46.82555],[12.6615,46.82634],[12.67162,46.82906],[12.65528,46.83887],[12.64455,46.85182],[12.63404,46.85218],[12.6276,46.85807],[12.61771,46.86107],[12.60532,46.87285],[12.60418,46.88016],[12.5944,46.87733],[12.58262,46.86531],[12.57454,46.86032],[12.56899,46.85408],[12.55849,46.85387],[12.54861,46.85629],[12.53904,46.85974],[12.54593,46.86519],[12.56498,46.87167],[12.56986,46.87812],[12.56975,46.89254],[12.57128,46.89976],[12.56483,46.90565],[12.55759,46.9002],[12.5465,46.88739],[12.53774,46.8833],[12.53387,46.87639],[12.53402,46.86907],[12.52931,46.86239],[12.52039,46.85852],[12.51295,46.86371],[12.51698,46.8705],[12.5175,46.87783],[12.52254,46.88418],[12.52523,46.89118],[12.52376,46.89838],[12.51855,46.8918],[12.50527,46.88011],[12.50242,46.87299],[12.49687,46.86675],[12.48992,46.87228],[12.48694,46.87935],[12.47627,46.87901],[12.46579,46.87764],[12.45982,46.88387],[12.46586,46.89011],[12.46105,46.8967],[12.45348,46.8917],[12.44311,46.89296],[12.41148,46.88998],[12.40273,46.88565],[12.39242,46.88416],[12.38464,46.88911],[12.38179,46.88209],[12.38645,46.87551],[12.37564,46.87413],[12.36542,46.87596],[12.35665,46.8802],[12.32534,46.88499],[12.32052,46.89145],[12.32671,46.89759],[12.31713,46.90068],[12.31479,46.89356],[12.3143,46.88634],[12.30539,46.88246],[12.29749,46.87767],[12.28683,46.87709],[12.27772,46.88121],[12.27521,46.88827],[12.26969,46.88214],[12.26988,46.87482],[12.27882,46.8707],[12.28513,46.86482],[12.28509,46.85252],[12.23437,46.88741],[12.24148,46.88969],[12.2428,46.89691],[12.23242,46.89815],[12.22823,46.8905],[12.19047,46.9058],[12.19548,46.90561],[12.20047,46.91197],[12.19087,46.91493],[12.18191,46.9188],[12.17137,46.91957],[12.1607,46.91884],[12.15206,46.92307],[12.16238,46.93592],[12.17309,46.93527],[12.18339,46.93702],[12.18974,46.94284],[12.1867,46.95],[12.17762,46.94621],[12.16881,46.95021],[12.17061,46.95733],[12.16757,46.96427],[12.16203,46.97094],[12.15687,46.96457],[12.14761,46.96112],[12.14109,46.96686],[12.14071,46.97418],[12.13567,46.98063],[12.13289,46.98038],[12.12778,47.00166],[12.12722,47.00972],[12.12889,47.01333],[12.13416,47.01917],[12.14663,47.0229],[12.14708,47.01925],[12.14444,47.01212],[12.14499,47.00492],[12.15218,46.9993],[12.16035,46.99438],[12.16293,47.00895],[12.16675,47.01599],[12.16921,47.02335],[12.18619,47.03206],[12.19614,47.02968],[12.19068,47.01553],[12.19026,47.00099],[12.18829,46.99386],[12.18464,46.98694],[12.18968,46.98026],[12.20009,46.97869],[12.2071,46.9733],[12.2172,46.97081],[12.22486,46.96565],[12.23559,46.96442],[12.24381,46.95114],[12.24185,46.94345],[12.24901,46.93817],[12.25216,46.94519],[12.2533,46.95253],[12.26079,46.94737],[12.26266,46.94007],[12.26936,46.94565],[12.27734,46.94084],[12.28827,46.93824],[12.29243,46.93875],[12.30315,46.93763],[12.30413,46.94486],[12.29421,46.94724],[12.28639,46.95229],[12.27615,46.95399],[12.25432,46.97006],[12.24633,46.97498],[12.23672,46.97806],[12.22939,46.98322],[12.21881,46.98479],[12.21033,46.98914],[12.21297,46.99627],[12.20513,47.00143],[12.20442,47.00874],[12.20522,47.01608],[12.21484,47.01301],[12.2207,47.00691],[12.2286,47.01171],[12.23057,47.01895],[12.22031,47.02075],[12.21644,47.02779],[12.21657,47.03501],[12.21469,47.04231],[12.21466,47.04952],[12.21932,47.05622],[12.22774,47.06057],[12.23828,47.06106],[12.24297,47.0546],[12.23745,47.04846],[12.2474,47.04573],[12.24777,47.03853],[12.24562,47.03129],[12.2528,47.026],[12.2635,47.02626],[12.27247,47.02238],[12.28123,47.0265],[12.29179,47.02561],[12.29076,47.03292],[12.28195,47.03693],[12.27233,47.04],[12.26368,47.04412],[12.27074,47.04948],[12.27373,47.05639],[12.26316,47.05716],[12.25664,47.06302],[12.26335,47.06872],[12.27298,47.07171],[12.27884,47.07797],[12.28184,47.08499],[12.28788,47.09091],[12.2962,47.08644],[12.29707,47.07924],[12.3001,47.0723],[12.30875,47.06818],[12.3153,47.05442],[12.31847,47.06144],[12.31611,47.06851],[12.32231,47.07442],[12.32666,47.08112],[12.32297,47.08794],[12.31678,47.09381],[12.31475,47.10099],[12.3175,47.10335],[12.32525,47.1033],[12.33209,47.09778],[12.34043,47.09286],[12.3499,47.08931],[12.3579,47.08427],[12.36843,47.08554],[12.37211,47.07872],[12.36334,47.07461],[12.35882,47.06802],[12.3497,47.06436],[12.34737,47.05724],[12.34184,47.0511],[12.34169,47.04389],[12.35227,47.04265],[12.36205,47.03968],[12.37275,47.04016],[12.36989,47.04745],[12.36953,47.055],[12.36818,47.06219],[12.37202,47.06899],[12.38199,47.07221],[12.39251,47.07337],[12.3875,47.05934],[12.38264,47.05287],[12.38399,47.04568],[12.38834,47.0391],[12.39867,47.04083],[12.41229,47.05209],[12.4325,47.04719],[12.44324,47.04571],[12.43907,47.03124],[12.4487,47.03422],[12.45155,47.04123],[12.46964,47.03355],[12.47997,47.03527],[12.48943,47.03172],[12.49977,47.03321],[12.49245,47.03851],[12.48398,47.0431],[12.4734,47.04469],[12.47155,47.052],[12.46097,47.05348],[12.45254,47.04914],[12.42304,47.05737],[12.41247,47.0585],[12.40564,47.06403],[12.41527,47.06735],[12.42584,47.06656],[12.43547,47.06965],[12.43697,47.07711],[12.41564,47.0796],[12.39437,47.07957],[12.38687,47.08474],[12.39072,47.09154],[12.39813,47.09678],[12.40673,47.10147],[12.4169,47.10365],[12.42749,47.10218],[12.43575,47.10697],[12.44628,47.10847],[12.44862,47.10128],[12.44695,47.09417],[12.45362,47.08853],[12.46264,47.07513],[12.46869,47.08138],[12.47928,47.0799],[12.48709,47.07507],[12.49735,47.07312],[12.49669,47.08033],[12.48903,47.08562],[12.4827,47.09138],[12.4837,47.09872],[12.48153,47.10579],[12.47097,47.10601],[12.46678,47.12038],[12.45816,47.11605],[12.44746,47.11512],[12.42634,47.11532],[12.41582,47.11348],[12.40669,47.10982],[12.39809,47.10525],[12.38738,47.10489],[12.37954,47.10994],[12.37007,47.11326],[12.3768,47.11895],[12.3861,47.1225],[12.39403,47.12741],[12.40402,47.12993],[12.39487,47.13394],[12.38504,47.1313],[12.3766,47.12685],[12.36661,47.12432],[12.35664,47.12728],[12.36185,47.13364],[12.37028,47.13821],[12.37993,47.14119],[12.3987,47.14864],[12.40914,47.14705],[12.41949,47.14866],[12.43005,47.1489],[12.44064,47.14811],[12.45082,47.15018],[12.442,47.15442],[12.43219,47.15751],[12.42184,47.15578],[12.41235,47.15258],[12.40667,47.15881],[12.40664,47.18066],[12.40227,47.18748],[12.40091,47.1949],[12.39307,47.19984],[12.38937,47.20689],[12.38969,47.21422],[12.3917,47.22134],[12.38112,47.22132],[12.37083,47.22303],[12.37048,47.23035],[12.37265,47.23747],[12.36252,47.23963],[12.35194,47.2395],[12.35095,47.23205],[12.35665,47.22594],[12.35784,47.21863],[12.36841,47.20583],[12.37244,47.19913],[12.37514,47.19206],[12.38396,47.18805],[12.38916,47.18159],[12.39585,47.17584],[12.39636,47.16864],[12.39587,47.16142],[12.39252,47.15451],[12.3827,47.15141],[12.37216,47.15014],[12.36449,47.15531],[12.36179,47.16248],[12.35759,47.16918],[12.34076,47.1779],[12.33423,47.18365],[12.3307,47.19047],[12.3295,47.19767],[12.32563,47.2046],[12.3191,47.21046],[12.31623,47.21741],[12.30738,47.22199],[12.29661,47.22276],[12.30352,47.20912],[12.30606,47.20205],[12.32465,47.18433],[12.32668,47.17714],[12.3342,47.17175],[12.34393,47.15882],[12.34813,47.15212],[12.35018,47.1375],[12.34088,47.13395],[12.33586,47.14029],[12.32686,47.14464],[12.31901,47.1498],[12.31347,47.15637],[12.31043,47.16331],[12.3044,47.1693],[12.3007,47.17623],[12.29449,47.18233],[12.28631,47.18726],[12.27944,47.19289],[12.27424,47.18653],[12.27811,47.17983],[12.28036,47.16509],[12.28223,47.15791],[12.28776,47.15157],[12.29643,47.14745],[12.2978,47.14014],[12.30727,47.13695],[12.3161,47.13283],[12.32212,47.12684],[12.32315,47.11964],[12.31913,47.11295],[12.31036,47.10872],[12.30436,47.10109],[12.29437,47.09878],[12.28457,47.10174],[12.28354,47.10894],[12.28351,47.11626],[12.27798,47.1226],[12.27014,47.12741],[12.2599,47.1401],[12.248,47.15207],[12.23727,47.15203],[12.23472,47.1591],[12.24196,47.16446],[12.24664,47.17093],[12.23813,47.17551],[12.23458,47.18256],[12.2246,47.18505],[12.22878,47.19175],[12.23739,47.1961],[12.22822,47.19998],[12.22534,47.20692],[12.22079,47.2135],[12.21644,47.20691],[12.20857,47.21218],[12.20184,47.2066],[12.19219,47.2036],[12.18919,47.19669],[12.19125,47.18939],[12.20416,47.1779],[12.20622,47.17049],[12.21182,47.15638],[12.21236,47.14917],[12.21155,47.14195],[12.21957,47.13726],[12.22888,47.13384],[12.23193,47.1269],[12.23746,47.12068],[12.25266,47.11047],[12.26263,47.10751],[12.26333,47.1002],[12.26787,47.09362],[12.26285,47.08714],[12.25528,47.08212],[12.246,47.07867],[12.2353,47.07796],[12.22611,47.08666],[12.22167,47.08833],[12.18917,47.09472],[12.18305,47.09444],[12.14013,47.08481],[12.13476,47.08271],[12.13711,47.08481],[12.13123,47.09102],[12.12701,47.09782],[12.13337,47.10364],[12.13315,47.11096],[12.13647,47.11788],[12.12572,47.11863],[12.11753,47.12332],[12.11563,47.13073],[12.11491,47.13805],[12.12093,47.14432],[12.12986,47.14845],[12.14498,47.15897],[12.15554,47.15924],[12.16503,47.15594],[12.1726,47.16109],[12.16638,47.16729],[12.1601,47.18128],[12.15323,47.18679],[12.15201,47.19399],[12.14562,47.19996],[12.13758,47.20499],[12.13186,47.2112],[12.12111,47.21105],[12.11881,47.2038],[12.12433,47.18202],[12.13137,47.17663],[12.13159,47.16931],[12.13448,47.16237],[12.12998,47.15578],[12.1214,47.15108],[12.11176,47.14796],[12.10098,47.1494],[12.09709,47.1561],[12.10108,47.16302],[12.1027,47.17026],[12.10231,47.17758],[12.09675,47.1839],[12.0902,47.18964],[12.08613,47.19645],[12.08641,47.20378],[12.07833,47.19896],[12.07704,47.19173],[12.07832,47.17733],[12.08529,47.16359],[12.08283,47.15634],[12.07389,47.15243],[12.06328,47.15364],[12.05756,47.15973],[12.05316,47.16631],[12.05422,47.15911],[12.05412,47.15178],[12.04396,47.14934],[12.0343,47.15251],[12.02707,47.15823],[12.0171,47.17124],[12.01108,47.1652],[12.00078,47.16732],[11.99454,47.17352],[11.97367,47.18051],[11.96547,47.18508],[11.95595,47.18858],[11.95367,47.18134],[11.95274,47.17411],[11.95996,47.16873],[11.97053,47.1689],[11.98019,47.16597],[11.98741,47.16059],[12.0156,47.1497],[12.02233,47.14397],[12.03294,47.14253],[12.04351,47.14235],[12.0538,47.14033],[12.06437,47.14027],[12.07489,47.14157],[12.08471,47.13851],[12.0911,47.13266],[12.1001,47.1289],[12.10199,47.12172],[12.11474,47.11012],[12.11784,47.09631],[12.1247,47.0852],[12.12914,47.08051],[12.07528,47.05944],[11.98663,47.0363],[11.98903,47.04318],[11.99401,47.04955],[12.00488,47.04995],[11.99899,47.05604],[11.98966,47.0599],[11.98328,47.06563],[11.98405,47.07286],[11.97882,47.07918],[11.97111,47.08444],[11.9652,47.09098],[11.9608,47.09755],[11.96409,47.10447],[11.97441,47.10647],[11.97134,47.1134],[11.97379,47.12042],[11.96922,47.12699],[11.96314,47.11304],[11.95628,47.10755],[11.94791,47.11211],[11.93761,47.11457],[11.9299,47.1196],[11.93083,47.12682],[11.9353,47.13342],[11.92469,47.13485],[11.91502,47.13812],[11.89489,47.13356],[11.8998,47.12711],[11.9103,47.12889],[11.91964,47.1255],[11.92039,47.11807],[11.92925,47.11386],[11.93416,47.10742],[11.94252,47.10298],[11.94924,47.09736],[11.95082,47.09018],[11.94871,47.08305],[11.95657,47.07825],[11.9633,47.07241],[11.96303,47.06519],[11.96126,47.05807],[11.95321,47.05336],[11.94603,47.04775],[11.93729,47.04372],[11.9267,47.0448],[11.91933,47.05006],[11.91542,47.05686],[11.90593,47.06002],[11.89774,47.06458],[11.8915,47.07066],[11.885,47.0844],[11.87811,47.09012],[11.87635,47.0973],[11.8688,47.10244],[11.86306,47.10852],[11.85437,47.11261],[11.83909,47.12288],[11.83378,47.11661],[11.83804,47.10993],[11.84879,47.1092],[11.85552,47.10359],[11.8606,47.09715],[11.86766,47.09178],[11.86859,47.08435],[11.87925,47.07148],[11.88234,47.06444],[11.8907,47.05988],[11.8966,47.05392],[11.90084,47.04723],[11.90376,47.0403],[11.90551,47.03312],[11.89781,47.02807],[11.88839,47.0247],[11.87874,47.02775],[11.87057,47.04146],[11.86517,47.04766],[11.85519,47.0507],[11.8511,47.0575],[11.84177,47.061],[11.83504,47.06661],[11.83244,47.07377],[11.8244,47.07844],[11.82432,47.07123],[11.82658,47.06417],[11.825,47.05693],[11.81523,47.05379],[11.80654,47.05798],[11.79656,47.0609],[11.78933,47.06627],[11.77861,47.06631],[11.77837,47.05909],[11.78738,47.05536],[11.79411,47.04964],[11.80313,47.04556],[11.81342,47.04345],[11.82391,47.04501],[11.8304,47.05084],[11.84005,47.04781],[11.84645,47.04208],[11.85103,47.03552],[11.85889,47.03073],[11.85848,47.02351],[11.86008,47.01598],[11.85765,47.00885],[11.84695,47.00843],[11.82514,47.02443],[11.83365,47.01095],[11.83206,47.00383],[11.82156,47.00284],[11.81127,47.00507],[11.80071,47.0058],[11.79041,47.00367],[11.78093,47.00694],[11.77899,47.01434],[11.77242,47.02018],[11.76245,47.02275],[11.75654,47.02871],[11.74658,47.03105],[11.73591,47.04368],[11.72736,47.0394],[11.72393,47.03258],[11.73456,47.03037],[11.74031,47.02418],[11.74424,47.0175],[11.75452,47.01551],[11.76337,47.01143],[11.76563,47.00438],[11.76556,46.99716],[11.76365,46.99003],[11.75564,46.98497],[11.74569,46.98261],[11.73527,46.98414],[11.7269,46.9888],[11.72066,46.99463],[11.71673,47.00132],[11.70934,47.00656],[11.70441,47.01311],[11.70301,47.00587],[11.69252,47.00453],[11.68209,47.00617],[11.67975,47.00339],[11.64457,47.00966],[11.65458,47.01665],[11.65766,47.02369],[11.66277,47.03008],[11.65833,47.03675],[11.66967,47.03788],[11.67461,47.04427],[11.6755,47.05161],[11.68422,47.05566],[11.68988,47.06985],[11.69449,47.07646],[11.71566,47.07902],[11.72623,47.07876],[11.71323,47.09031],[11.72092,47.09526],[11.73143,47.0966],[11.73672,47.1031],[11.7432,47.10917],[11.75374,47.10948],[11.75921,47.11587],[11.76829,47.11958],[11.77206,47.12663],[11.77431,47.13377],[11.76419,47.13095],[11.75545,47.12679],[11.7447,47.12751],[11.73769,47.12201],[11.72774,47.11919],[11.71732,47.1063],[11.7075,47.10898],[11.69895,47.09577],[11.68988,47.09194],[11.68831,47.08482],[11.68251,47.07876],[11.67255,47.07617],[11.66487,47.07121],[11.65429,47.07182],[11.64689,47.07694],[11.63646,47.07823],[11.63791,47.07105],[11.64401,47.06498],[11.65223,47.06022],[11.64644,47.05404],[11.62937,47.06253],[11.61909,47.06416],[11.59791,47.06593],[11.58888,47.06988],[11.58034,47.06559],[11.58953,47.06188],[11.59996,47.06082],[11.60993,47.05849],[11.61961,47.05513],[11.63588,47.04583],[11.64164,47.03964],[11.63432,47.03435],[11.62346,47.0338],[11.61412,47.03717],[11.60384,47.03903],[11.60927,47.03272],[11.61766,47.02808],[11.61845,47.02077],[11.6007,47.01264],[11.59,47.01243],[11.58049,47.0158],[11.57714,47.01337],[11.48389,47.01416],[11.36387,46.99607],[11.35791,47.0022],[11.36064,47.0092],[11.36757,47.01463],[11.38549,47.02348],[11.3899,47.03027],[11.37936,47.02995],[11.37193,47.02451],[11.36137,47.02545],[11.35189,47.01233],[11.3409,46.99988],[11.33039,46.99875],[11.32344,47.00418],[11.31363,47.00112],[11.30467,46.99727],[11.29398,46.9966],[11.28824,46.99025],[11.28133,46.9847],[11.26011,46.98427],[11.25265,46.98969],[11.25134,46.997],[11.25422,47.00412],[11.2603,47.01001],[11.25899,47.01732],[11.26187,47.02433],[11.27169,47.02694],[11.27794,47.03283],[11.29536,47.04123],[11.29875,47.04812],[11.29895,47.05544],[11.30455,47.06979],[11.30543,47.07701],[11.29612,47.07338],[11.28902,47.06805],[11.28714,47.06094],[11.27615,47.04848],[11.27142,47.04192],[11.26073,47.04068],[11.24688,47.02979],[11.24599,47.01525],[11.24075,47.00891],[11.23805,47.00168],[11.23232,46.99544],[11.23727,46.98096],[11.22951,46.97597],[11.21883,46.97518],[11.20829,46.97588],[11.20598,46.98317],[11.19558,46.98467],[11.18583,46.98743],[11.17531,46.98721],[11.16722,46.98244],[11.15698,46.98428],[11.15201,46.99853],[11.14307,46.99409],[11.13786,46.98763],[11.13163,46.98161],[11.12302,46.98575],[11.11342,46.98908],[11.10596,46.99426],[11.09965,47.00003],[11.102,47.00715],[11.10688,47.01372],[11.10705,47.02116],[11.11514,47.02617],[11.12478,47.02924],[11.12145,47.03619],[11.13075,47.03972],[11.13905,47.03477],[11.1499,47.03603],[11.16005,47.03865],[11.16461,47.05311],[11.17254,47.05811],[11.1815,47.06209],[11.21249,47.06915],[11.21807,47.07527],[11.22229,47.08195],[11.23024,47.08672],[11.23395,47.09373],[11.22533,47.0893],[11.20446,47.08589],[11.19991,47.0791],[11.18958,47.07659],[11.18045,47.07238],[11.1703,47.06953],[11.1596,47.06908],[11.14979,47.06554],[11.14474,47.05908],[11.13509,47.05612],[11.12919,47.05011],[11.1191,47.05229],[11.11644,47.05947],[11.12099,47.06604],[11.11816,47.0731],[11.12254,47.07979],[11.13311,47.07875],[11.14363,47.07989],[11.15341,47.09281],[11.1605,47.09849],[11.16455,47.10517],[11.17473,47.10733],[11.18528,47.10744],[11.19391,47.11164],[11.19965,47.11788],[11.2164,47.12674],[11.22333,47.13229],[11.23282,47.13582],[11.2305,47.14289],[11.21994,47.14301],[11.21436,47.1369],[11.20555,47.13281],[11.19981,47.12657],[11.19255,47.12112],[11.17323,47.11486],[11.16576,47.12005],[11.17116,47.12628],[11.17101,47.13349],[11.17777,47.13905],[11.18641,47.14325],[11.1763,47.14567],[11.17548,47.15298],[11.17785,47.1601],[11.17905,47.16743],[11.16434,47.15676],[11.16028,47.15008],[11.16427,47.14337],[11.15971,47.12891],[11.15279,47.12335],[11.15411,47.11593],[11.15359,47.10871],[11.15105,47.10171],[11.14209,47.09772],[11.13636,47.09137],[11.12826,47.0866],[11.11913,47.08284],[11.11997,47.09028],[11.12672,47.09596],[11.1259,47.10316],[11.11857,47.1088],[11.10979,47.10448],[11.10355,47.09846],[11.10187,47.09112],[11.09356,47.09561],[11.09056,47.10255],[11.08974,47.10975],[11.09327,47.11665],[11.10207,47.12064],[11.10393,47.12775],[11.1105,47.134],[11.10169,47.13837],[11.10287,47.14559],[11.10238,47.15279],[11.10289,47.16],[11.11352,47.17281],[11.10298,47.17156],[11.08556,47.16302],[11.08756,47.15594],[11.09206,47.14924],[11.09322,47.14205],[11.08548,47.12835],[11.07856,47.1229],[11.07555,47.13007],[11.07757,47.1373],[11.07607,47.14449],[11.07039,47.15862],[11.06839,47.16569],[11.07497,47.17148],[11.08258,47.17648],[11.08476,47.18394],[11.08191,47.19135],[11.08226,47.19867],[11.07362,47.19446],[11.07261,47.18724],[11.06823,47.18056],[11.05763,47.18181],[11.05262,47.18816],[11.04495,47.19334],[11.05659,47.20571],[11.04585,47.20559],[11.03548,47.20399],[11.03481,47.19666],[11.03581,47.18946],[11.0277,47.18479],[11.01693,47.18604],[11.01693,47.19336],[11.0065,47.19461],[10.9989,47.18961],[10.99689,47.18226],[10.98759,47.17826],[10.97992,47.18343],[10.9826,47.19044],[10.97201,47.19135],[10.965,47.19675],[10.96836,47.20366],[10.95778,47.20353],[10.9531,47.21],[10.94309,47.20747],[10.94661,47.20065],[10.9419,47.19419],[10.94958,47.18913],[10.95026,47.18193],[10.95876,47.17735],[10.96045,47.16272],[10.96647,47.15662],[10.97032,47.14991],[10.98068,47.15164],[10.99016,47.15484],[10.9986,47.15928],[10.98833,47.16099],[10.98732,47.16842],[10.99389,47.17422],[11.00402,47.17148],[11.01367,47.17479],[11.02426,47.174],[11.03324,47.1701],[11.04024,47.16468],[11.04391,47.15786],[11.05273,47.1535],[11.05957,47.14774],[11.06091,47.14043],[11.05956,47.13321],[11.0567,47.12609],[11.05787,47.11889],[11.05636,47.11155],[11.046,47.11006],[11.03835,47.11513],[11.03433,47.12961],[11.02866,47.13584],[11.02665,47.14291],[11.02414,47.13567],[11.02547,47.12848],[11.02581,47.12127],[11.01525,47.12115],[11.00908,47.12703],[11.00336,47.1209],[11.0032,47.11358],[11.00119,47.10635],[10.99064,47.10634],[10.98645,47.11315],[10.98394,47.10603],[10.98779,47.09932],[10.99346,47.09321],[11.00327,47.09619],[11.01381,47.09677],[11.02278,47.09287],[11.03334,47.09219],[11.04264,47.09573],[11.04717,47.10276],[11.05663,47.09954],[11.06751,47.09967],[11.07696,47.09645],[11.08345,47.09069],[11.08695,47.08386],[11.08426,47.07686],[11.07409,47.0748],[11.06448,47.0779],[11.05406,47.07949],[11.04766,47.0737],[11.05366,47.06771],[11.07076,47.05909],[11.08131,47.05875],[11.08856,47.06398],[11.09327,47.07055],[11.10256,47.06676],[11.10422,47.05946],[11.0894,47.04831],[11.09572,47.04255],[11.10628,47.04186],[11.10291,47.03496],[11.09549,47.02973],[11.0923,47.02272],[11.08709,47.01637],[11.08825,47.00906],[11.08623,47.00183],[11.0759,47.00046],[11.06907,47.01457],[11.07024,47.0219],[11.06409,47.02778],[11.05356,47.02744],[11.05289,47.03464],[11.05946,47.04043],[11.04894,47.03928],[11.04,47.03529],[11.03434,47.0414],[11.0375,47.04933],[11.01698,47.05402],[11.00719,47.05734],[10.99693,47.05973],[11.00094,47.0528],[11.00611,47.04634],[11.01524,47.04256],[11.01891,47.03573],[11.02689,47.03056],[11.02822,47.02337],[11.02806,47.01605],[11.03878,47.01514],[11.03307,47.0089],[11.03791,47.0022],[11.05759,46.99671],[11.05273,46.99002],[11.0445,46.98432],[11.04733,46.97726],[11.05348,46.97138],[11.06291,46.96816],[11.07331,46.96611],[11.08054,46.97156],[11.08189,46.9789],[11.09241,46.97924],[11.09523,46.9723],[11.10204,46.96654],[11.11149,46.97018],[11.12124,46.96709],[11.11989,46.95986],[11.12801,46.95526],[11.13423,46.96127],[11.14438,46.96321],[11.14737,46.95615],[11.14367,46.94936],[11.15309,46.94614],[11.14771,46.93979],[11.12688,46.93752],[11.11681,46.93992],[11.10755,46.9436],[11.08741,46.94784],[11.07692,46.94658],[11.06716,46.94968],[11.05651,46.94784],[11.0605,46.94114],[11.06862,46.93642],[11.07931,46.93654],[11.08578,46.93078],[11.09406,46.92618],[11.10102,46.92535],[11.10204,46.92592],[11.10885,46.92269],[11.09667,46.9125],[11.09444,46.90916],[11.09472,46.905],[11.09886,46.89452],[11.09487,46.89633],[11.08791,46.90174],[11.0836,46.90833],[11.07762,46.91444],[11.06955,46.90966],[11.07321,46.90273],[11.06851,46.89627],[11.06734,46.88893],[11.07397,46.88329],[11.0763,46.8761],[11.07445,46.86888],[11.06733,46.87417],[11.05824,46.87053],[11.07219,46.85066],[11.06241,46.84803],[11.0543,46.85275],[11.05231,46.85982],[11.04798,46.86686],[11.04093,46.86141],[11.0416,46.85421],[11.05004,46.84927],[11.05568,46.84315],[11.04745,46.83848],[11.04711,46.83127],[11.05143,46.82469],[11.04096,46.82331],[11.03123,46.82617],[11.02559,46.83251],[11.02176,46.83922],[11.01354,46.83466],[11.00818,46.82842],[11.01613,46.82348],[11.02259,46.81772],[11.01808,46.81092],[11.01858,46.8036],[11.02274,46.7969],[11.0249,46.78983],[11.02022,46.78337],[11.00561,46.80288],[10.99416,46.81521],[10.99166,46.80821],[10.99714,46.80186],[11.00096,46.79516],[10.99762,46.78814],[10.98752,46.78608],[10.97715,46.78767],[10.97465,46.79473],[10.97365,46.80204],[10.97146,46.80968],[10.96532,46.81579],[10.96615,46.823],[10.96998,46.8298],[10.9755,46.83593],[10.98238,46.84139],[10.98638,46.8483],[10.98838,46.85553],[10.9974,46.86868],[10.99823,46.87601],[11.01063,46.88806],[11.01847,46.91709],[11.00798,46.91617],[11.00008,46.91139],[10.9964,46.90425],[10.99037,46.89823],[10.98282,46.8931],[10.9739,46.88922],[10.9714,46.88221],[10.9611,46.88026],[10.95355,46.87525],[10.95973,46.86114],[10.9503,46.85782],[10.94153,46.86194],[10.93937,46.85482],[10.94553,46.84861],[10.93466,46.84973],[10.92763,46.84427],[10.93147,46.83734],[10.93646,46.83088],[10.93963,46.82394],[10.92899,46.82289],[10.92301,46.82888],[10.90761,46.81805],[10.90896,46.81074],[10.91934,46.80904],[10.92998,46.80986],[10.94702,46.80103],[10.95365,46.79528],[10.95133,46.78816],[10.94175,46.78507],[10.93146,46.78357],[10.92286,46.78769],[10.92318,46.7949],[10.9154,46.79984],[10.90475,46.79925],[10.89774,46.79355],[10.89391,46.78676],[10.88468,46.78321],[10.87837,46.78896],[10.88438,46.79487],[10.87385,46.79622],[10.86369,46.78351],[10.8546,46.78716],[10.85708,46.79429],[10.86073,46.80109],[10.87562,46.81146],[10.89273,46.82026],[10.89773,46.82662],[10.89721,46.83393],[10.90021,46.84084],[10.89969,46.84827],[10.87999,46.84264],[10.86118,46.83519],[10.8592,46.82807],[10.85168,46.82259],[10.846,46.81645],[10.83899,46.81064],[10.82191,46.80149],[10.81198,46.79896],[10.80534,46.80459],[10.81337,46.80927],[10.81887,46.81552],[10.82555,46.8211],[10.81509,46.81971],[10.80585,46.81626],[10.7985,46.8109],[10.7891,46.80723],[10.78327,46.80108],[10.7749,46.79662],[10.76482,46.79396],[10.76126,46.79002],[10.75477,46.79577],[10.75674,46.803],[10.75768,46.81223],[10.75906,46.81528],[10.76794,46.81952],[10.79682,46.82987],[10.8073,46.8307],[10.8138,46.83662],[10.82429,46.83733],[10.83284,46.84157],[10.82406,46.84591],[10.81396,46.84337],[10.80343,46.84415],[10.80257,46.85146],[10.81198,46.85479],[10.8221,46.85675],[10.81446,46.8618],[10.81543,46.86902],[10.82553,46.8719],[10.83399,46.86755],[10.83783,46.86085],[10.84448,46.85522],[10.85486,46.85387],[10.85567,46.8612],[10.86457,46.86509],[10.86305,46.87239],[10.87296,46.86966],[10.88016,46.87513],[10.89065,46.87584],[10.89549,46.88242],[10.91296,46.89065],[10.92345,46.8917],[10.93066,46.89705],[10.91982,46.89691],[10.91664,46.90385],[10.91612,46.91105],[10.93721,46.90891],[10.93685,46.92355],[10.94237,46.92968],[10.96376,46.92914],[10.96275,46.93634],[10.96727,46.94291],[10.9728,46.94904],[10.96582,46.95457],[10.95877,46.94888],[10.93938,46.9428],[10.9392,46.95012],[10.94321,46.95681],[10.95095,46.96171],[10.95631,46.96807],[10.95947,46.9752],[10.96366,46.982],[10.97037,46.98757],[10.97521,47.00193],[10.96577,46.9985],[10.9641,46.99138],[10.95551,46.98705],[10.95318,46.97993],[10.9451,46.97525],[10.94092,46.96856],[10.93472,46.96254],[10.93037,46.95596],[10.92076,46.95287],[10.91689,46.96712],[10.90991,46.97253],[10.91023,46.97985],[10.91643,46.98577],[10.91792,46.99299],[10.92719,46.99677],[10.93786,46.9977],[10.94577,47.0026],[10.93523,47.00282],[10.92692,47.00741],[10.92274,47.01433],[10.93345,47.01412],[10.92711,47.02022],[10.93078,47.02713],[10.92215,47.03137],[10.91127,47.03158],[10.90941,47.03876],[10.91991,47.0405],[10.92477,47.04696],[10.92862,47.05376],[10.93483,47.05967],[10.92432,47.0584],[10.91776,47.05271],[10.90766,47.05522],[10.90497,47.06239],[10.90814,47.06941],[10.90745,47.07661],[10.91214,47.08319],[10.91179,47.09051],[10.90628,47.09673],[10.90342,47.10379],[10.89771,47.09754],[10.90107,47.09049],[10.8952,47.08446],[10.88464,47.0849],[10.88596,47.09224],[10.88193,47.09894],[10.87974,47.106],[10.87938,47.11355],[10.87618,47.12049],[10.87099,47.12694],[10.86056,47.12818],[10.86008,47.12097],[10.85149,47.11639],[10.84731,47.1097],[10.85084,47.10289],[10.85686,47.09679],[10.86584,47.0929],[10.87053,47.08632],[10.87289,47.07926],[10.87891,47.07327],[10.87842,47.06606],[10.89112,47.05409],[10.90025,47.0502],[10.89759,47.04308],[10.89189,47.03683],[10.89475,47.02988],[10.905,47.02795],[10.90099,47.02127],[10.90084,47.01406],[10.8948,47.00792],[10.90333,46.99464],[10.89407,46.99075],[10.89107,46.98373],[10.89641,46.97751],[10.89375,46.97049],[10.8976,46.96368],[10.90475,46.95828],[10.90727,46.9511],[10.91492,46.94593],[10.91627,46.93863],[10.9077,46.93417],[10.90184,46.92815],[10.89206,46.92528],[10.89037,46.93247],[10.88985,46.93978],[10.87992,46.93657],[10.87474,46.94314],[10.85482,46.93819],[10.852,46.93117],[10.84547,46.92548],[10.84046,46.91912],[10.84647,46.91314],[10.85509,46.90902],[10.84549,46.90592],[10.8376,46.90112],[10.82707,46.90167],[10.81712,46.89936],[10.8141,46.9063],[10.8191,46.91266],[10.81004,46.90842],[10.79479,46.89826],[10.78429,46.89789],[10.77977,46.90446],[10.77939,46.91189],[10.7871,46.91715],[10.79723,46.91912],[10.7982,46.92634],[10.78973,46.9308],[10.79659,46.93627],[10.80652,46.93366],[10.81665,46.93574],[10.81745,46.94307],[10.82584,46.94776],[10.83254,46.95345],[10.82187,46.95286],[10.80609,46.94303],[10.79569,46.94484],[10.79516,46.95215],[10.80407,46.95616],[10.79723,46.96191],[10.8024,46.96827],[10.81012,46.97318],[10.80626,46.97999],[10.81692,46.98162],[10.82747,46.98073],[10.83773,46.97846],[10.83205,46.98457],[10.8218,46.98661],[10.81108,46.98726],[10.80129,46.98461],[10.7976,46.99143],[10.79773,46.99864],[10.80806,47.00015],[10.81862,46.99903],[10.82894,47.00077],[10.82392,47.00711],[10.83182,47.01191],[10.82581,47.01801],[10.82762,47.02524],[10.83815,47.02549],[10.83712,47.03269],[10.82946,47.03785],[10.81936,47.04012],[10.81006,47.04354],[10.81003,47.05086],[10.81151,47.05809],[10.80748,47.06479],[10.79866,47.0689],[10.80165,47.07592],[10.79978,47.0831],[10.8016,47.09022],[10.79104,47.09054],[10.77519,47.10027],[10.76507,47.10288],[10.74331,47.10212],[10.73876,47.10881],[10.732,47.12279],[10.72952,47.11566],[10.71955,47.11288],[10.73046,47.10045],[10.74105,47.099],[10.74824,47.09372],[10.75787,47.09054],[10.76859,47.09069],[10.77462,47.08471],[10.78262,47.07978],[10.78915,47.07403],[10.79202,47.06698],[10.79788,47.06077],[10.79758,47.05344],[10.7961,47.0461],[10.78081,47.03617],[10.79044,47.03298],[10.80112,47.03392],[10.80232,47.02662],[10.80784,47.0204],[10.79103,47.01148],[10.7809,47.00894],[10.77859,47.00158],[10.76984,46.99757],[10.77701,46.99218],[10.7863,46.98876],[10.78867,46.9817],[10.77818,46.98018],[10.77115,46.97459],[10.77798,46.96908],[10.77264,46.96283],[10.77484,46.95577],[10.77085,46.94908],[10.76921,46.94196],[10.77951,46.94393],[10.78222,46.93665],[10.77688,46.93028],[10.76781,46.92638],[10.7627,46.91212],[10.7629,46.90492],[10.7616,46.89769],[10.76595,46.89112],[10.77633,46.88977],[10.78185,46.88333],[10.77601,46.8773],[10.77691,46.86896],[10.77158,46.86259],[10.76422,46.85745],[10.75376,46.85582],[10.75238,46.86324],[10.74182,46.86527],[10.7327,46.86914],[10.72248,46.87083],[10.71749,46.86446],[10.71737,46.85725],[10.70743,46.85471],[10.70125,46.8608],[10.70405,46.86782],[10.69985,46.87462],[10.69188,46.87931],[10.68138,46.87893],[10.67454,46.88444],[10.68292,46.88879],[10.69343,46.88895],[10.68577,46.8941],[10.6879,46.90122],[10.70744,46.89475],[10.71058,46.90166],[10.70375,46.90717],[10.70504,46.9144],[10.71343,46.91887],[10.70304,46.91998],[10.695,46.91528],[10.68883,46.90925],[10.67888,46.90693],[10.67188,46.91243],[10.6685,46.91936],[10.66996,46.92659],[10.67885,46.93072],[10.68081,46.93796],[10.6904,46.94119],[10.69589,46.94756],[10.70234,46.96161],[10.69945,46.96878],[10.70008,46.976],[10.7095,46.97956],[10.71248,46.98647],[10.71764,46.99295],[10.71455,47.00744],[10.71396,47.02196],[10.72032,47.02777],[10.71944,47.03497],[10.72024,47.0423],[10.71252,47.03727],[10.71105,47.03004],[10.70162,47.02636],[10.69612,47.02022],[10.70346,47.01495],[10.70233,47.00772],[10.70454,47.00066],[10.69751,46.99518],[10.69165,47.00139],[10.68267,47.00538],[10.67214,47.00511],[10.66348,47.00945],[10.66186,47.00233],[10.67132,46.99903],[10.67125,46.98427],[10.68055,46.98086],[10.68707,46.97512],[10.6797,46.96998],[10.68141,46.9628],[10.67878,46.95578],[10.66917,46.95884],[10.6648,46.96542],[10.66192,46.97235],[10.65572,46.97844],[10.65643,46.97124],[10.65849,46.96406],[10.66204,46.95702],[10.67003,46.95222],[10.67292,46.94505],[10.66709,46.9389],[10.657,46.94116],[10.64867,46.94584],[10.64446,46.95264],[10.64675,46.95989],[10.6437,46.96682],[10.6357,46.97173],[10.63758,46.96455],[10.63428,46.95764],[10.62931,46.95104],[10.63971,46.9385],[10.64964,46.93602],[10.65351,46.92921],[10.65838,46.92276],[10.65069,46.91761],[10.64739,46.9107],[10.65789,46.91142],[10.6606,46.90437],[10.65239,46.89979],[10.65643,46.8931],[10.65447,46.88597],[10.64797,46.88027],[10.64417,46.87346],[10.64382,46.86934],[10.63178,46.8661],[10.63456,46.87149],[10.63101,46.8783],[10.63582,46.88478],[10.62574,46.88726],[10.62853,46.89428],[10.62648,46.90134],[10.61618,46.8997],[10.61171,46.893],[10.6116,46.88579],[10.61438,46.87141],[10.6141,46.86409],[10.6036,46.8637],[10.59464,46.86768],[10.59291,46.87498],[10.58755,46.88119],[10.58483,46.88824],[10.57831,46.89397],[10.57475,46.9009],[10.56104,46.91224],[10.55674,46.90565],[10.56294,46.8998],[10.57235,46.8869],[10.57838,46.88082],[10.58161,46.87366],[10.58583,46.86686],[10.58422,46.85951],[10.57372,46.85923],[10.56994,46.85242],[10.55985,46.8549],[10.55407,46.84932],[10.49778,46.85527],[10.47778,46.86444],[10.47444,46.86694],[10.47124,46.87135],[10.48891,46.93421],[10.4875,46.93777],[10.43,46.98416],[10.40839,46.99672],[10.41722,46.999],[10.41742,47.00623],[10.42461,47.0116],[10.43516,47.01159],[10.44428,47.00774],[10.44424,47.00053],[10.45049,46.99453],[10.45043,46.97987],[10.4524,46.97775],[10.45894,46.97498],[10.46272,46.96822],[10.473,46.96979],[10.47071,46.97683],[10.46495,46.98306],[10.46698,46.99057],[10.46501,46.99784],[10.46105,47.00471],[10.45908,47.01198],[10.46386,47.01843],[10.46898,47.01171],[10.4778,47.00728],[10.48305,47.00103],[10.48664,47.00789],[10.48285,47.01477],[10.48206,47.02196],[10.49268,47.02091],[10.50318,47.02168],[10.51197,47.01771],[10.5213,47.0212],[10.51394,47.02636],[10.5053,47.03057],[10.51109,47.03693],[10.52174,47.03816],[10.52162,47.04538],[10.52589,47.05203],[10.53617,47.05372],[10.54688,47.05404],[10.55427,47.05918],[10.56397,47.06211],[10.57256,47.06683],[10.57926,47.07241],[10.56876,47.07405],[10.55965,47.06965],[10.55209,47.0645],[10.54167,47.06236],[10.54087,47.06966],[10.53448,47.07543],[10.53218,47.08269],[10.53645,47.08935],[10.54689,47.09138],[10.55236,47.09784],[10.54245,47.10064],[10.53436,47.09593],[10.52467,47.09266],[10.52597,47.08537],[10.52238,47.0785],[10.52501,47.07137],[10.52362,47.06411],[10.51355,47.06163],[10.50842,47.05529],[10.50467,47.04842],[10.49412,47.04821],[10.49758,47.04122],[10.49639,47.03362],[10.48725,47.02991],[10.47693,47.03142],[10.47134,47.04557],[10.46467,47.03976],[10.46228,47.03258],[10.45871,47.0256],[10.45221,47.0199],[10.44213,47.01776],[10.43524,47.02327],[10.43045,47.03],[10.43505,47.03667],[10.43225,47.04368],[10.42176,47.04519],[10.41457,47.03982],[10.41771,47.0327],[10.41243,47.01856],[10.40714,47.01232],[10.39711,47.01464],[10.39663,47.02196],[10.3935,47.02897],[10.39202,47.03614],[10.38657,47.02989],[10.3874,47.02236],[10.38144,47.0161],[10.38125,47.00888],[10.37801,47.00202],[10.36756,47.00055],[10.36131,47.00653],[10.36267,47.01379],[10.35337,47.01006],[10.34259,47.01098],[10.33886,47.00411],[10.3456,46.99836],[10.33195,46.98716],[10.32788,46.98039],[10.32851,46.96586],[10.31806,46.96702],[10.30803,46.96945],[10.30104,46.96384],[10.30337,46.95658],[10.29913,46.94991],[10.29911,46.9427],[10.29265,46.93688],[10.28724,46.92273],[10.28921,46.9175],[10.241,46.8853],[10.2404,46.88627],[10.24141,46.89363],[10.2376,46.90038],[10.24301,46.90686],[10.24621,46.91384],[10.24807,46.921],[10.24473,46.93567],[10.24658,46.94295],[10.24977,46.95004],[10.25816,46.95466],[10.26498,46.96015],[10.27092,46.9663],[10.2738,46.97327],[10.26435,46.96941],[10.25141,46.958],[10.23446,46.94885],[10.23827,46.9421],[10.23164,46.93627],[10.2323,46.92908],[10.23497,46.92183],[10.22955,46.91547],[10.23089,46.90818],[10.22046,46.9091],[10.21055,46.91221],[10.21105,46.91956],[10.21557,46.94136],[10.21558,46.94858],[10.21946,46.95535],[10.2203,46.96271],[10.21064,46.95964],[10.20963,46.95239],[10.20438,46.94603],[10.20387,46.9388],[10.19603,46.93373],[10.19435,46.92657],[10.19569,46.91928],[10.19835,46.91215],[10.19207,46.90622],[10.18422,46.90137],[10.19302,46.89743],[10.21422,46.89767],[10.21506,46.89036],[10.22243,46.88522],[10.2264,46.87848],[10.2189,46.8733],[10.20844,46.87239],[10.19828,46.87446],[10.18994,46.87911],[10.18623,46.87223],[10.17661,46.86893],[10.17085,46.86289],[10.1614,46.85937],[10.15182,46.86272],[10.1577,46.87655],[10.15161,46.88242],[10.15634,46.88887],[10.15203,46.8956],[10.16631,46.90651],[10.16034,46.91307],[10.15933,46.92037],[10.16354,46.92715],[10.16964,46.9332],[10.16847,46.94038],[10.17456,46.94665],[10.1742,46.9542],[10.16912,46.94784],[10.16249,46.94224],[10.16399,46.93507],[10.14969,46.92428],[10.15202,46.91726],[10.14866,46.91039],[10.14016,46.91468],[10.14117,46.9075],[10.13713,46.90072],[10.14275,46.89449],[10.14542,46.88736],[10.13812,46.88185],[10.13339,46.87539],[10.12695,46.88147],[10.12661,46.88868],[10.11261,46.90001],[10.11429,46.89285],[10.12242,46.87937],[10.12293,46.87206],[10.13049,46.8667],[10.13283,46.85956],[10.12742,46.85331],[10.11893,46.85772],[10.10855,46.85576],[10.10069,46.86065],[10.09378,46.86626],[10.0936,46.87347],[10.08669,46.87897],[10.08751,46.88633],[10.07786,46.88336],[10.07805,46.87604],[10.0752,46.86906],[10.06518,46.86677],[10.0737,46.86166],[10.05889,46.86639],[10.00089,46.8881],[10.00584,46.89486],[10.01469,46.89036],[10.02521,46.89049],[10.03479,46.8875],[10.05616,46.88537],[10.06147,46.8883],[10.06047,46.89056],[10.06178,46.89794],[10.07069,46.90191],[10.07678,46.90796],[10.06715,46.90465],[10.05664,46.90441],[10.05328,46.89753],[10.04325,46.89524],[10.0373,46.90133],[10.02756,46.90432],[10.0262,46.91149],[10.02985,46.92583],[10.03611,46.93177],[10.03543,46.93897],[10.02708,46.94338],[10.02011,46.93798],[10.02411,46.93124],[10.0182,46.92508],[10.01976,46.91047],[10.01121,46.90616],[10.00074,46.90752],[9.99014,46.90623],[9.99787,46.90112],[9.99537,46.89404],[9.99241,46.89128],[9.935,46.91277],[9.88723,46.93546],[9.88579,46.93795],[9.89273,46.94347],[9.88389,46.94763],[9.88469,46.95487],[9.87837,46.96095],[9.87616,46.96809],[9.88171,46.97448],[9.88992,46.98783],[9.89496,46.99431],[9.89592,47.00168],[9.90044,47.00837],[9.90793,47.01357],[9.90639,47.02073],[9.91109,47.02731],[9.9018,47.02378],[9.88895,47.00728],[9.87556,47.02249],[9.86424,47.02467],[9.87523,47.02959],[9.87536,47.03681],[9.87937,47.0436],[9.86971,47.04062],[9.86274,47.03521],[9.85991,47.02824],[9.8509,47.02702],[9.82472,47.03166],[9.813,47.03697],[9.82155,47.04129],[9.83226,47.04156],[9.82871,47.04854],[9.83324,47.05512],[9.83657,47.062],[9.8418,47.06827],[9.83126,47.06788],[9.82118,47.07038],[9.81298,47.06573],[9.81777,47.05135],[9.80831,47.0478],[9.79782,47.04685],[9.79636,47.03969],[9.78673,47.04289],[9.78039,47.04896],[9.77867,47.05612],[9.77414,47.06271],[9.77661,47.06979],[9.77455,47.07694],[9.775,47.08417],[9.78265,47.08938],[9.79317,47.08782],[9.80208,47.09192],[9.80903,47.09756],[9.81478,47.10361],[9.82444,47.10683],[9.83071,47.11267],[9.83048,47.12],[9.82405,47.11415],[9.81644,47.11926],[9.81276,47.11248],[9.80357,47.11627],[9.79628,47.12162],[9.79159,47.11492],[9.79198,47.10771],[9.79831,47.10175],[9.7784,47.09667],[9.77386,47.10327],[9.76619,47.09829],[9.75689,47.09485],[9.75678,47.08763],[9.75515,47.08046],[9.76099,47.07438],[9.76138,47.06717],[9.76673,47.06095],[9.76728,47.05375],[9.76967,47.04673],[9.75987,47.04339],[9.75024,47.04648],[9.74004,47.04828],[9.7472,47.06195],[9.7396,47.06694],[9.73086,47.06284],[9.72076,47.06544],[9.71294,47.06045],[9.70254,47.05834],[9.70727,47.07285],[9.71906,47.08509],[9.70941,47.08198],[9.7021,47.07678],[9.69637,47.07072],[9.68829,47.07535],[9.68408,47.08195],[9.69335,47.08562],[9.68652,47.09144],[9.69452,47.09632],[9.69698,47.10352],[9.69081,47.10936],[9.69992,47.11303],[9.70651,47.11889],[9.71523,47.12334],[9.72165,47.12931],[9.73095,47.13274],[9.7416,47.13176],[9.74544,47.13855],[9.73522,47.13611],[9.73298,47.14325],[9.73408,47.15074],[9.72853,47.15729],[9.72087,47.15208],[9.71823,47.14499],[9.70714,47.13232],[9.6971,47.12965],[9.68894,47.12454],[9.67886,47.12679],[9.67365,47.12052],[9.67154,47.11323],[9.67641,47.10676],[9.67581,47.09952],[9.67487,47.09226],[9.66882,47.08608],[9.67207,47.07898],[9.66876,47.07198],[9.66035,47.07648],[9.65107,47.07292],[9.64535,47.06686],[9.64187,47.05996],[9.63414,47.05654],[9.63246,47.05667],[9.62957,47.06282],[9.61964,47.06542],[9.62108,47.07258],[9.62855,47.07768],[9.63049,47.08497],[9.63032,47.08982],[9.635,47.09499],[9.63611,47.10361],[9.63551,47.11244],[9.64157,47.11851],[9.64386,47.12559],[9.64907,47.13186],[9.65497,47.13793],[9.66408,47.14171],[9.66946,47.14799],[9.6586,47.1493],[9.6447,47.13823],[9.63483,47.13568],[9.63258,47.14282],[9.63555,47.1498],[9.64251,47.15522],[9.63361,47.15936],[9.63742,47.16638],[9.6322,47.17271],[9.63518,47.1797],[9.61447,47.17594],[9.61045,47.17096],[9.5957,47.19536],[9.59546,47.20295],[9.59218,47.20405],[9.59089,47.20333],[9.56639,47.24389],[9.53357,47.27454],[9.54,47.28416],[9.60528,47.35999],[9.61444,47.36749],[9.62583,47.36722],[9.63139,47.36805],[9.64167,47.37],[9.65055,47.37305],[9.665,47.38139],[9.67,47.38777],[9.67305,47.395],[9.67333,47.39861],[9.65361,47.45555],[9.65111,47.45833],[9.64694,47.46027],[9.61167,47.46889],[9.59417,47.46833],[9.59028,47.47028],[9.5675,47.4911],[9.55963,47.5],[9.96759,47.5],[9.96322,47.49434],[9.95889,47.48663],[9.96442,47.4804],[9.97252,47.48515],[9.99239,47.5],[10.0337,47.5],[10.03714,47.49826],[10.03494,47.49371],[10.0134,47.4947],[10.006,47.48952],[9.97772,47.4788],[9.97033,47.47362],[9.98018,47.47064],[9.99075,47.47169],[10.0319,47.47975],[10.047,47.48358],[10.06022,47.4849],[10.07769,47.47433],[10.05521,47.47057],[10.03285,47.46901],[10.02232,47.46739],[10.0144,47.46254],[10.0201,47.4562],[10.03069,47.45691],[10.05155,47.46048],[10.08482,47.47002],[10.23139,47.38139],[10.23264,47.37438],[10.22696,47.36893],[10.21269,47.35827],[10.21117,47.351],[10.2009,47.34837],[10.19838,47.34107],[10.20338,47.33459],[10.19388,47.33783],[10.1922,47.33056],[10.19637,47.32394],[10.20333,47.31832],[10.2001,47.31135],[10.20089,47.30906],[10.19407,47.30057],[10.19452,47.30692],[10.18441,47.30934],[10.17551,47.31375],[10.16577,47.3109],[10.17012,47.30417],[10.17064,47.29674],[10.16242,47.29155],[10.16938,47.28593],[10.15891,47.28387],[10.15259,47.28045],[10.15784,47.27765],[10.16835,47.27891],[10.1788,47.28153],[10.17333,47.27472],[10.2248,47.2754],[10.22691,47.26949],[10.23576,47.26554],[10.24385,47.26053],[10.24588,47.2677],[10.25449,47.27222],[10.25979,47.27846],[10.26716,47.28385],[10.27247,47.27761],[10.26805,47.27082],[10.26915,47.26696],[10.27365,47.26023],[10.28397,47.26182],[10.30225,47.2702],[10.31292,47.26928],[10.3234,47.2711],[10.32647,47.27807],[10.32682,47.2853],[10.3062,47.28155],[10.29549,47.28064],[10.28557,47.27803],[10.28239,47.28514],[10.28734,47.2916],[10.29562,47.2961],[10.32584,47.30508],[10.32806,47.30784],[10.33722,47.31249],[10.3427,47.31743],[10.34546,47.31636],[10.34645,47.30906],[10.34355,47.30209],[10.34807,47.29692],[10.34724,47.28961],[10.35158,47.28264],[10.36215,47.28309],[10.37163,47.27983],[10.36931,47.28686],[10.37919,47.29026],[10.38942,47.28818],[10.38201,47.29333],[10.37253,47.2967],[10.36202,47.29775],[10.35639,47.30398],[10.35981,47.31085],[10.36513,47.31611],[10.3752,47.31488],[10.40632,47.32066],[10.41692,47.31824],[10.43418,47.30762],[10.44117,47.30999],[10.44069,47.3153],[10.45093,47.31321],[10.46173,47.31285],[10.46862,47.31833],[10.46715,47.3255],[10.47728,47.32787],[10.48382,47.33357],[10.49228,47.33829],[10.50349,47.33943],[10.50899,47.34567],[10.5226,47.35696],[10.50114,47.3578],[10.49059,47.35668],[10.46227,47.34632],[10.4516,47.34725],[10.44646,47.34068],[10.43554,47.34012],[10.42598,47.33685],[10.41542,47.3387],[10.40888,47.333],[10.39857,47.33096],[10.38957,47.3269],[10.37863,47.32667],[10.36945,47.32295],[10.3595,47.32046],[10.35241,47.32585],[10.37027,47.34236],[10.39219,47.34336],[10.39595,47.35024],[10.40628,47.35205],[10.41585,47.35532],[10.42432,47.35982],[10.40305,47.36031],[10.39309,47.35782],[10.39164,47.36168],[10.41056,47.37879],[10.41324,47.37975],[10.424,47.3802],[10.43159,47.37505],[10.44236,47.37538],[10.45066,47.37998],[10.45759,47.37447],[10.45915,47.38162],[10.46569,47.38743],[10.48514,47.38137],[10.494,47.37729],[10.51522,47.3777],[10.52497,47.38074],[10.53047,47.38709],[10.53323,47.39415],[10.54066,47.39942],[10.53537,47.40567],[10.52759,47.40074],[10.51873,47.3967],[10.50819,47.39535],[10.49865,47.39163],[10.49333,47.38517],[10.48398,47.3889],[10.48486,47.39625],[10.48406,47.40345],[10.47354,47.40175],[10.46665,47.39605],[10.44794,47.38815],[10.43724,47.38667],[10.43643,47.39387],[10.44159,47.40021],[10.4408,47.40613],[10.45353,47.41764],[10.46198,47.42133],[10.46942,47.42648],[10.47899,47.42975],[10.48931,47.43213],[10.49994,47.4321],[10.51047,47.43104],[10.52102,47.4325],[10.53052,47.42901],[10.5517,47.43044],[10.56054,47.43471],[10.56726,47.44063],[10.55888,47.44508],[10.5497,47.44871],[10.54086,47.44443],[10.53049,47.44287],[10.52685,47.44963],[10.53078,47.45685],[10.54094,47.4591],[10.5517,47.45987],[10.55967,47.46481],[10.56962,47.46224],[10.5748,47.46857],[10.58563,47.4682],[10.59485,47.47202],[10.60547,47.47245],[10.59738,47.47759],[10.58711,47.4797],[10.57746,47.48285],[10.57036,47.47738],[10.56079,47.47389],[10.55317,47.46874],[10.5477,47.4751],[10.55184,47.48175],[10.54524,47.4874],[10.52769,47.47909],[10.52798,47.47177],[10.52054,47.46662],[10.51795,47.45956],[10.51942,47.45227],[10.51785,47.44512],[10.50752,47.44298],[10.50469,47.45023],[10.49673,47.44541],[10.49431,47.43835],[10.48344,47.43939],[10.4798,47.44616],[10.47432,47.45252],[10.47469,47.45998],[10.47795,47.46695],[10.48755,47.4701],[10.48357,47.47685],[10.48889,47.48343],[10.47853,47.48162],[10.47405,47.48825],[10.46312,47.48734],[10.45833,47.4911],[10.4532,47.5],[10.59763,47.5],[10.60028,47.49898],[10.60737,47.49358],[10.6172,47.49043],[10.62967,47.4909],[10.63545,47.48477],[10.63448,47.47031],[10.63273,47.46316],[10.64206,47.45965],[10.65238,47.46212],[10.66035,47.46716],[10.65556,47.47366],[10.65512,47.48087],[10.65637,47.48812],[10.66417,47.49327],[10.67431,47.49596],[10.6777,47.5],[10.88485,47.5],[10.88387,47.49939],[10.89374,47.49631],[10.89998,47.5],[10.91915,47.5],[10.95977,47.42441],[10.9578,47.41655],[10.95731,47.40923],[10.96302,47.40312],[10.97056,47.3976],[10.97892,47.39312],[10.98951,47.39428],[11.01078,47.39247],[11.01682,47.38624],[11.0274,47.38717],[11.03623,47.3915],[11.04646,47.39356],[11.05618,47.38074],[11.05939,47.38764],[11.05688,47.39471],[11.06763,47.39574],[11.06931,47.38855],[11.07283,47.38173],[11.08046,47.38684],[11.07812,47.39391],[11.0889,47.39357],[11.09494,47.38723],[11.10482,47.38985],[11.11367,47.38572],[11.13502,47.38708],[11.11471,47.39202],[11.12452,47.39903],[11.1492,47.40332],[11.15188,47.4027],[11.15393,47.40414],[11.28623,47.42712],[11.28399,47.41898],[11.28648,47.41179],[11.295,47.4161],[11.29689,47.42321],[11.30183,47.42978],[11.3123,47.42838],[11.31929,47.43382],[11.32953,47.43597],[11.33346,47.44287],[11.33899,47.44452],[11.3456,47.44286],[11.35361,47.44762],[11.36327,47.44461],[11.37231,47.44846],[11.36265,47.45147],[11.35398,47.45586],[11.34807,47.45562],[11.42859,47.49726],[11.42724,47.49421],[11.43061,47.49412],[11.43768,47.49555],[11.44535,47.5],[11.50338,47.5],[11.50615,47.49881],[11.51183,47.5],[11.642,47.5],[11.64954,47.48843],[11.65047,47.48123],[11.65257,47.47415],[11.66239,47.47135],[11.66332,47.47867],[11.65785,47.48505],[11.65541,47.49144],[11.65439,47.49223],[11.65634,47.49934],[11.65591,47.5],[12.71024,47.5],[12.71014,47.49626],[12.70808,47.48915],[12.6973,47.48767],[12.69185,47.48144],[12.69905,47.47602],[12.7086,47.47931],[12.71529,47.47365],[12.72592,47.47375],[12.74731,47.47567],[12.75794,47.47577],[12.76843,47.47437],[12.77833,47.47721],[12.78515,47.48299],[12.7821,47.48342],[12.77572,47.48153],[12.7651,47.48109],[12.75493,47.48341],[12.74431,47.48297],[12.73612,47.48758],[12.74379,47.4928],[12.74976,47.49881],[12.7395,47.49665],[12.73149,47.49189],[12.72553,47.48554],[12.71562,47.48281],[12.71481,47.49001],[12.71906,47.5],[12.86239,47.5],[12.86866,47.49491],[12.88,47.48253],[12.88466,47.47604],[12.8836,47.46837],[12.88016,47.46147],[12.88783,47.45627],[12.89844,47.4575],[12.90761,47.45345],[12.92848,47.4567],[12.93839,47.45952],[12.94634,47.44596],[12.9573,47.44593],[12.96428,47.44163],[12.9785,47.4375],[12.97722,47.44493],[12.98473,47.45036],[13.00559,47.45428],[13.01492,47.45023],[13.01805,47.44327],[13.01341,47.4366],[13.02123,47.43173],[13.00755,47.42065],[13.01604,47.41625],[13.02647,47.41781],[13.03244,47.41178],[13.04308,47.41048],[13.04989,47.40469],[13.05453,47.41124],[13.06154,47.41678],[13.07185,47.41456],[13.07971,47.41953],[13.08962,47.42245],[13.0991,47.41896],[13.1073,47.42359],[13.11827,47.42296],[13.12716,47.42702],[13.11885,47.43166],[13.10962,47.42795],[13.09901,47.42651],[13.09203,47.43219],[13.09922,47.43807],[13.11631,47.44698],[13.11522,47.45419],[13.10599,47.45035],[13.09948,47.44459],[13.08887,47.44293],[13.0822,47.43728],[13.07958,47.43017],[13.07019,47.42645],[13.05873,47.42626],[13.04864,47.42379],[13.03916,47.42716],[13.03268,47.43307],[13.03444,47.44017],[13.02914,47.44643],[13.02534,47.45327],[13.02794,47.4605],[13.01829,47.46364],[13.01603,47.47014],[13.05256,47.49594],[13.06699,47.49577],[13.09229,47.5],[13.10234,47.5],[13.1193,47.49655],[13.12193,47.5],[13.21176,47.5],[13.2194,47.4963],[13.22972,47.49417],[13.23954,47.49113],[13.24612,47.5],[13.27064,47.5],[13.27426,47.49633],[13.28253,47.49614],[13.28559,47.49375],[13.29587,47.49631],[13.29679,47.5],[13.49266,47.5],[13.49066,47.49425],[13.49574,47.4906],[13.49625,47.48854],[13.5,47.48987],[13.5,47.23708],[13.48968,47.2385],[13.47911,47.23664],[13.47056,47.23227],[13.4694,47.22826],[13.48385,47.22819],[13.49138,47.23324],[13.5,47.23163],[13.5,47.2006],[13.4932,47.19789],[13.47205,47.19806],[13.462,47.19551],[13.47141,47.19153],[13.48166,47.18927],[13.5,47.1873],[13.5,47.1252],[13.49254,47.12769],[13.48198,47.12882],[13.47845,47.13591],[13.48061,47.14312],[13.47174,47.13921],[13.46117,47.14],[13.45075,47.15279],[13.4444,47.14694],[13.43516,47.15059],[13.42713,47.14588],[13.4164,47.14689],[13.4181,47.13968],[13.42866,47.13845],[13.43873,47.13549],[13.44895,47.1378],[13.45483,47.13175],[13.46539,47.12994],[13.47411,47.12549],[13.48484,47.12413],[13.49406,47.12049],[13.5,47.11623],[13.5,47.08283],[13.47621,47.08671],[13.46566,47.08703],[13.45627,47.09045],[13.43569,47.08617],[13.42948,47.09199],[13.43297,47.0991],[13.42242,47.09999],[13.41708,47.09368],[13.41376,47.0867],[13.40422,47.08359],[13.3952,47.07956],[13.38464,47.08159],[13.37725,47.08718],[13.37538,47.09439],[13.38424,47.09841],[13.39058,47.10449],[13.39089,47.11193],[13.39321,47.11914],[13.38552,47.11421],[13.38253,47.1071],[13.37333,47.10353],[13.36294,47.10499],[13.35422,47.1092],[13.34367,47.1086],[13.34219,47.10139],[13.35291,47.10096],[13.36081,47.09595],[13.35816,47.08851],[13.36154,47.08154],[13.37448,47.0699],[13.38436,47.06718],[13.39997,47.05726],[13.40066,47.05005],[13.40754,47.04446],[13.41825,47.04277],[13.42959,47.05515],[13.43997,47.05346],[13.44701,47.04809],[13.44804,47.04089],[13.44756,47.03368],[13.45292,47.0274],[13.45679,47.02054],[13.45965,47.01345],[13.46314,47.02055],[13.45826,47.03473],[13.46879,47.03601],[13.4832,47.02528],[13.48205,47.01795],[13.48224,47.00319],[13.48495,46.98866],[13.49564,46.99051],[13.5,46.99488],[13.5,46.56893],[13.49439,46.56887],[13.48743,46.56336],[13.49507,46.56074],[13.5,46.56118],[13.5,46.55936],[13.46932,46.56095]],[[13.43862,46.77165],[13.43647,46.76455],[13.42767,46.76007],[13.42286,46.75296],[13.43335,46.75161],[13.44235,46.74763],[13.45249,46.74982],[13.46196,46.75327],[13.48791,46.75686],[13.48208,46.76303],[13.47275,46.76645],[13.46442,46.77135],[13.45376,46.77213],[13.44576,46.77692],[13.43862,46.77165]],[[13.38219,46.66206],[13.39834,46.65284],[13.40781,46.64943],[13.41827,46.65094],[13.4289,46.65108],[13.43921,46.6495],[13.448,46.65352],[13.4583,46.65228],[13.46761,46.64864],[13.4779,46.649],[13.48189,46.6474],[13.47723,46.65392],[13.47057,46.65962],[13.45994,46.65892],[13.4498,46.66096],[13.43968,46.65888],[13.4297,46.66126],[13.41924,46.66032],[13.40877,46.66087],[13.39863,46.66268],[13.39014,46.66689],[13.38219,46.66206]],[[13.43385,46.97404],[13.41382,46.96965],[13.40933,46.96312],[13.39915,46.96126],[13.38861,46.9633],[13.38491,46.97027],[13.3749,46.96795],[13.36857,46.96187],[13.36007,46.9575],[13.35504,46.9639],[13.35935,46.97054],[13.36132,46.97776],[13.34415,46.96924],[13.33428,46.97219],[13.31323,46.97213],[13.30785,46.97852],[13.3043,46.9856],[13.29658,46.99107],[13.29304,46.99792],[13.29316,47.0057],[13.31917,47.01826],[13.32672,47.01313],[13.32693,47.00581],[13.33746,47.00698],[13.34766,47.00518],[13.35802,47.00658],[13.36872,47.00673],[13.38996,47.00518],[13.40016,47.00326],[13.38558,47.01375],[13.37522,47.01246],[13.36451,47.01324],[13.35597,47.01756],[13.34559,47.01902],[13.33604,47.0222],[13.33718,47.02941],[13.34502,47.03435],[13.34565,47.04167],[13.33544,47.0437],[13.33072,47.05033],[13.33119,47.05754],[13.32313,47.06232],[13.31394,47.05874],[13.31382,47.05153],[13.32025,47.03759],[13.31576,47.03106],[13.30574,47.02885],[13.2952,47.02939],[13.28482,47.03142],[13.28093,47.03838],[13.27293,47.03366],[13.26222,47.0342],[13.26911,47.0285],[13.29004,47.02446],[13.29876,47.02025],[13.29613,47.01326],[13.27609,47.00805],[13.25502,47.00854],[13.23411,47.01041],[13.22473,47.01369],[13.2164,47.00908],[13.2074,47.00527],[13.21745,47.00291],[13.2278,47.00478],[13.23801,47.00265],[13.24854,47.00291],[13.25908,47.00192],[13.28,46.99765],[13.27318,46.99213],[13.23144,46.98546],[13.2221,46.9821],[13.21361,46.97772],[13.20798,46.97152],[13.2152,46.96606],[13.22555,46.96759],[13.24219,46.97657],[13.25204,46.97924],[13.27206,46.98389],[13.28259,46.9829],[13.28564,46.9757],[13.27983,46.96961],[13.26949,46.9674],[13.2588,46.96691],[13.23484,46.95263],[13.24521,46.95038],[13.25176,46.94469],[13.26773,46.95447],[13.27723,46.95805],[13.29455,46.96703],[13.30506,46.96821],[13.30694,46.96101],[13.30531,46.95379],[13.29101,46.94299],[13.27554,46.93276],[13.27542,46.92555],[13.28462,46.92203],[13.2916,46.92755],[13.29523,46.93443],[13.31154,46.94363],[13.31802,46.9496],[13.31865,46.95704],[13.32883,46.95947],[13.3392,46.95756],[13.3424,46.95025],[13.34311,46.94304],[13.33348,46.92997],[13.32466,46.92605],[13.32002,46.91952],[13.31876,46.90509],[13.32909,46.90673],[13.33808,46.91076],[13.34653,46.9244],[13.35335,46.93002],[13.36271,46.92673],[13.36141,46.91952],[13.35095,46.90702],[13.35815,46.90166],[13.35618,46.89445],[13.36021,46.88748],[13.38141,46.8849],[13.40012,46.87786],[13.39826,46.88506],[13.39389,46.89191],[13.39403,46.89912],[13.387,46.9046],[13.39148,46.91113],[13.39985,46.90669],[13.40371,46.89983],[13.40874,46.89332],[13.41742,46.88922],[13.4241,46.88889],[13.43361,46.88582],[13.44412,46.88607],[13.44644,46.89317],[13.45126,46.89959],[13.43555,46.9094],[13.42487,46.90949],[13.41717,46.91462],[13.40665,46.91609],[13.39846,46.92076],[13.38827,46.92336],[13.3804,46.92827],[13.37387,46.93408],[13.36866,46.94059],[13.3593,46.94411],[13.36194,46.9511],[13.3723,46.94918],[13.38282,46.94955],[13.39269,46.94672],[13.41338,46.95054],[13.41908,46.94449],[13.42944,46.94302],[13.45752,46.93198],[13.46438,46.9265],[13.46887,46.93303],[13.46501,46.94],[13.45179,46.95131],[13.44243,46.95472],[13.43523,46.95997],[13.43204,46.96694],[13.43385,46.97404]],[[13.43151,47.2809],[13.43239,47.27369],[13.43847,47.26776],[13.43851,47.26021],[13.46568,47.27185],[13.45509,47.27262],[13.44566,47.27602],[13.44125,47.28333],[13.43755,47.28435],[13.43633,47.29133],[13.42711,47.28763],[13.43151,47.2809]],[[13.39903,46.76344],[13.38889,46.76135],[13.37975,46.75755],[13.38327,46.75058],[13.37931,46.74336],[13.36849,46.74448],[13.36403,46.73795],[13.37352,46.73488],[13.38416,46.73708],[13.38086,46.72987],[13.39052,46.7268],[13.39698,46.73265],[13.40763,46.73211],[13.41546,46.7272],[13.42644,46.72768],[13.42458,46.73512],[13.43506,46.73514],[13.4412,46.74099],[13.43237,46.74509],[13.42173,46.74392],[13.41157,46.74596],[13.4026,46.74411],[13.39211,46.74477],[13.39142,46.75198],[13.40006,46.75623],[13.39903,46.76344]],[[13.40618,46.56377],[13.41677,46.57089],[13.40813,46.57499],[13.39768,46.57416],[13.39655,46.56695],[13.40618,46.56377]],[[13.38387,47.21002],[13.39427,47.21143],[13.40065,47.21111],[13.40582,47.21742],[13.39623,47.22059],[13.38718,47.21678],[13.37661,47.21548],[13.38387,47.21002]],[[13.3939,46.68395],[13.40253,46.68568],[13.39321,46.68944],[13.3939,46.68395]],[[13.38092,47.1703],[13.37222,47.16615],[13.38197,47.16286],[13.39205,47.16084],[13.39523,47.16177],[13.39183,47.16862],[13.39935,47.17368],[13.38877,47.17536],[13.38092,47.1703]],[[13.36273,46.66579],[13.37085,46.6705],[13.36153,46.67391],[13.35424,46.6692],[13.36273,46.66579]],[[13.3666,47.2325],[13.36638,47.2397],[13.36499,47.24691],[13.35606,47.25157],[13.355,47.25877],[13.35009,47.26527],[13.34239,47.26021],[13.34345,47.25289],[13.35663,47.24138],[13.35886,47.23407],[13.35975,47.22686],[13.35829,47.21953],[13.34874,47.21629],[13.34189,47.21077],[13.33824,47.20389],[13.3483,47.20645],[13.35514,47.21197],[13.3682,47.21797],[13.36916,47.22541],[13.3666,47.2325]],[[13.34047,46.57229],[13.34266,46.56509],[13.34795,46.56888],[13.34828,46.57083],[13.34708,46.57803],[13.34047,46.57229]],[[13.33956,46.68243],[13.33709,46.67727],[13.34209,46.67534],[13.33956,46.68243]],[[13.31464,47.17301],[13.30948,47.1667],[13.31087,47.1611],[13.3144,47.15962],[13.31888,47.16616],[13.31464,47.17301]],[[13.29626,47.22763],[13.29026,47.22166],[13.28764,47.21443],[13.27877,47.2105],[13.26835,47.21206],[13.26016,47.20744],[13.27059,47.20509],[13.28081,47.20697],[13.29542,47.206],[13.29637,47.19159],[13.30803,47.20377],[13.29977,47.20842],[13.29251,47.21365],[13.29733,47.2202],[13.29626,47.22763]],[[13.27104,46.82073],[13.26833,46.8277],[13.258,46.82892],[13.24881,46.83255],[13.2349,46.84371],[13.26641,46.84302],[13.2874,46.84504],[13.28519,46.85213],[13.27484,46.85461],[13.26631,46.85881],[13.2558,46.85912],[13.25776,46.86633],[13.24725,46.86709],[13.24513,46.85999],[13.23531,46.85698],[13.22595,46.86049],[13.21999,46.85452],[13.22021,46.8472],[13.20989,46.84555],[13.20434,46.85182],[13.19384,46.85132],[13.18689,46.84546],[13.17741,46.84233],[13.16755,46.84526],[13.16666,46.85269],[13.156,46.85196],[13.14686,46.84837],[13.1375,46.85165],[13.12683,46.85171],[13.11631,46.85315],[13.10565,46.85241],[13.10159,46.85914],[13.11005,46.86341],[13.12071,46.86427],[13.12767,46.86968],[13.13782,46.87178],[13.1468,46.87572],[13.1666,46.88061],[13.17508,46.885],[13.18295,46.88011],[13.19244,46.88324],[13.20294,46.88351],[13.21125,46.88824],[13.22141,46.89011],[13.21786,46.89719],[13.20734,46.89795],[13.19963,46.90284],[13.18912,46.90268],[13.17879,46.90103],[13.17284,46.91508],[13.16346,46.91858],[13.15364,46.91579],[13.14296,46.91517],[13.14052,46.90807],[13.13607,46.90153],[13.1388,46.89456],[13.12999,46.89051],[13.12789,46.88329],[13.12026,46.87822],[13.10976,46.87691],[13.11086,46.88424],[13.1063,46.89097],[13.10824,46.89807],[13.11385,46.90417],[13.11446,46.91138],[13.10459,46.91396],[13.09477,46.91116],[13.08965,46.90485],[13.08862,46.89019],[13.08669,46.88298],[13.09159,46.87659],[13.08815,46.8696],[13.08955,46.8624],[13.08612,46.85551],[13.07833,46.85055],[13.08538,46.8451],[13.08662,46.83789],[13.07917,46.83259],[13.07228,46.83816],[13.06374,46.84247],[13.06117,46.84966],[13.05544,46.85569],[13.05553,46.86313],[13.05146,46.86998],[13.03083,46.86551],[13.02136,46.86191],[13.01139,46.85945],[13.01513,46.85261],[13.02548,46.85084],[13.03485,46.84757],[13.04406,46.84396],[13.05227,46.8392],[13.058,46.83317],[13.0529,46.82685],[13.03173,46.8273],[13.02269,46.83126],[13.00169,46.83205],[12.99264,46.836],[12.97177,46.83965],[12.96483,46.83423],[12.96492,46.82702],[12.96284,46.81992],[12.96292,46.81259],[12.95279,46.81058],[12.94771,46.81707],[12.9385,46.82068],[12.93161,46.82612],[12.92109,46.82731],[12.91172,46.83068],[12.9012,46.83233],[12.8915,46.83512],[12.89426,46.82816],[12.90477,46.82663],[12.90969,46.81992],[12.91791,46.81528],[12.92712,46.81179],[12.93352,46.80577],[12.9442,46.80435],[12.95225,46.79971],[12.9545,46.79263],[12.96468,46.79041],[12.97262,46.79526],[12.97287,46.80259],[12.9824,46.7991],[12.99085,46.80349],[12.9961,46.81016],[13.01031,46.82112],[13.02081,46.82015],[13.01471,46.81416],[13.01246,46.80705],[13.0137,46.79985],[13.0186,46.79347],[13.02001,46.78616],[13.02981,46.78873],[13.03949,46.78593],[13.04605,46.78001],[13.05524,46.77629],[13.06486,46.77954],[13.07113,46.78564],[13.06873,46.79295],[13.0579,46.79323],[13.05417,46.80008],[13.04778,46.80588],[13.04704,46.81331],[13.08907,46.80724],[13.09736,46.81186],[13.09812,46.81907],[13.08893,46.8228],[13.0847,46.82942],[13.09519,46.83039],[13.11309,46.82258],[13.12303,46.80936],[13.11977,46.80213],[13.11316,46.79638],[13.1042,46.79256],[13.09406,46.79068],[13.10226,46.78591],[13.10914,46.78046],[13.11776,46.78462],[13.12807,46.78627],[13.13791,46.78345],[13.14805,46.78556],[13.15333,46.79199],[13.14496,46.79664],[13.1469,46.80375],[13.15654,46.80665],[13.15448,46.81374],[13.14644,46.81851],[13.13675,46.82178],[13.13702,46.82899],[13.11617,46.83232],[13.11028,46.8387],[13.11975,46.84184],[13.13075,46.8412],[13.14107,46.84297],[13.15109,46.8405],[13.15963,46.83619],[13.16617,46.83038],[13.17685,46.82837],[13.18223,46.8221],[13.18262,46.81489],[13.19288,46.80223],[13.18841,46.79832],[13.19579,46.79115],[13.21449,46.78424],[13.21927,46.79067],[13.20487,46.8016],[13.20649,46.80893],[13.20078,46.81497],[13.19923,46.82228],[13.19302,46.82809],[13.1898,46.83517],[13.19911,46.83853],[13.20681,46.83353],[13.21302,46.82726],[13.22352,46.82627],[13.23271,46.82265],[13.23675,46.81591],[13.24594,46.8124],[13.24998,46.80566],[13.24869,46.79845],[13.25356,46.79206],[13.26208,46.78786],[13.27222,46.79041],[13.28256,46.78861],[13.29169,46.79231],[13.30217,46.79417],[13.30626,46.8086],[13.29695,46.80525],[13.29032,46.7994],[13.28197,46.80383],[13.2718,46.80597],[13.27225,46.81352],[13.27104,46.82073]],[[13.18481,47.13836],[13.19914,47.12744],[13.21696,47.11916],[13.22736,47.11714],[13.23593,47.11294],[13.25557,47.10729],[13.25344,47.10007],[13.24289,47.09935],[13.23233,47.09988],[13.23322,47.09267],[13.22874,47.08614],[13.21905,47.08312],[13.20851,47.08239],[13.19763,47.08246],[13.18707,47.08391],[13.1898,47.07683],[13.19821,47.07205],[13.2186,47.07603],[13.22867,47.07321],[13.23273,47.06636],[13.23328,47.05915],[13.21391,47.05324],[13.2238,47.05053],[13.23434,47.05103],[13.24541,47.04753],[13.24992,47.0488],[13.25221,47.0559],[13.26258,47.05777],[13.27176,47.06135],[13.2759,47.06811],[13.28273,47.07397],[13.28001,47.08129],[13.27048,47.07816],[13.26785,47.07095],[13.25934,47.06657],[13.24863,47.06699],[13.2405,47.08046],[13.24599,47.08666],[13.25483,47.0907],[13.26167,47.09621],[13.28292,47.09789],[13.28623,47.10476],[13.26677,47.11042],[13.26472,47.1175],[13.25965,47.12389],[13.2555,47.11713],[13.24496,47.11617],[13.22515,47.12136],[13.21607,47.12556],[13.20866,47.13091],[13.19909,47.1343],[13.19184,47.13965],[13.18609,47.14592],[13.18235,47.15265],[13.18191,47.14533],[13.18481,47.13836]],[[13.2829,47.2611],[13.27301,47.25762],[13.27626,47.25066],[13.27982,47.2469],[13.28312,47.25389],[13.2829,47.2611]],[[13.18014,46.59794],[13.18923,46.60153],[13.192,46.60852],[13.18206,46.60619],[13.1739,46.61073],[13.16514,46.60657],[13.15788,46.60082],[13.15429,46.59405],[13.15799,46.58732],[13.16517,46.58209],[13.17543,46.58408],[13.17571,46.59129],[13.18014,46.59794]],[[13.13408,46.68698],[13.14325,46.68325],[13.15102,46.68809],[13.15831,46.69098],[13.19165,46.70028],[13.18248,46.70379],[13.1511,46.69873],[13.14148,46.69583],[13.13198,46.69933],[13.12421,46.69414],[13.11443,46.69146],[13.11616,46.68426],[13.12631,46.68202],[13.13408,46.68698]],[[13.13924,47.19685],[13.12987,47.19348],[13.13698,47.18814],[13.14757,47.18683],[13.1525,47.18034],[13.14669,47.17424],[13.14223,47.16769],[13.14817,47.16143],[13.15701,47.16571],[13.16291,47.17982],[13.15497,47.18459],[13.1536,47.18732],[13.14784,47.19267],[13.13924,47.19685]],[[13.15148,47.03547],[13.16201,47.03666],[13.15927,47.04374],[13.14874,47.04255],[13.13804,47.04239],[13.14092,47.03805],[13.15148,47.03547]],[[13.14707,47.28204],[13.16132,47.28578],[13.15906,47.29286],[13.14968,47.28903],[13.14707,47.28204]],[[13.02281,47.05369],[13.01227,47.05374],[13.00175,47.0522],[12.99121,47.0519],[12.99397,47.04471],[13.0037,47.04179],[13.00595,47.03471],[13.04439,47.02189],[13.05181,47.01655],[13.05805,47.01075],[13.05528,47.00352],[13.06219,46.99796],[13.0631,46.99064],[13.07216,46.98691],[13.08163,46.97575],[13.08601,46.97199],[13.09652,46.97307],[13.09947,46.98007],[13.11016,46.98035],[13.11256,46.97327],[13.11946,46.96747],[13.13033,46.96683],[13.14016,46.96962],[13.15054,46.96773],[13.15081,46.97505],[13.14757,46.98224],[13.13868,46.98621],[13.1288,46.98868],[13.11826,46.99012],[13.11052,46.99546],[13.08929,46.99546],[13.07973,46.99896],[13.06741,47.01068],[13.07438,47.0161],[13.07424,47.03051],[13.0661,47.02567],[13.05727,47.02161],[13.05469,47.02869],[13.04579,47.03276],[13.0382,47.03799],[13.02782,47.03953],[13.0239,47.04626],[13.02281,47.05369]],[[13.1396,47.27307],[13.13915,47.26815],[13.1432,47.26634],[13.1502,47.27176],[13.1396,47.27307]],[[13.11421,47.27406],[13.1201,47.28817],[13.10987,47.28628],[13.10049,47.28291],[13.11232,47.2776],[13.11421,47.27406]],[[13.10215,47.05194],[13.10325,47.05927],[13.09418,47.06311],[13.0845,47.06009],[13.09208,47.05429],[13.10215,47.05194]],[[13.10212,47.46452],[13.09132,47.46434],[13.07694,47.45372],[13.07162,47.4474],[13.08909,47.45288],[13.09459,47.45921],[13.10212,47.46452]],[[13.08965,46.69363],[13.09741,46.69847],[13.10044,46.7129],[13.09133,46.70885],[13.08104,46.70731],[13.0808,46.71452],[13.07153,46.71081],[13.05042,46.71013],[13.04866,46.70371],[13.05268,46.70064],[13.06297,46.70253],[13.07378,46.70201],[13.08361,46.69955],[13.08965,46.69363]],[[13.05509,47.46137],[13.05771,47.45394],[13.06503,47.44873],[13.06413,47.45341],[13.06207,47.45592],[13.05509,47.46137]],[[13.00272,46.9197],[13.01323,46.92034],[13.01758,46.91887],[13.01934,46.92598],[13.02294,46.93275],[13.03175,46.9368],[13.03619,46.94335],[13.0455,46.94672],[13.04793,46.95394],[13.02743,46.95028],[13.01862,46.94611],[12.99771,46.94908],[12.98881,46.95337],[12.9961,46.95868],[13.00037,46.96534],[13.00986,46.96849],[13.02089,46.96786],[13.01748,46.97471],[13.00941,46.97935],[13.00017,46.98308],[12.99227,46.98795],[12.99252,46.99516],[13.00269,46.99774],[13.01323,46.99688],[13.01181,47.0042],[13.00689,47.01058],[13.00014,47.01614],[12.99555,47.02287],[12.98516,47.02452],[12.98959,47.0178],[12.99268,47.01084],[12.99175,47.00362],[12.98193,47.00025],[12.97379,46.99562],[12.95397,46.99012],[12.95021,46.98323],[12.96109,46.98181],[12.97159,46.98382],[12.97867,46.97849],[12.97884,46.96407],[12.97474,46.95741],[12.96543,46.95392],[12.9615,46.94691],[12.95254,46.94228],[12.94543,46.9364],[12.94468,46.92919],[12.96573,46.9284],[12.98674,46.93036],[12.99082,46.92352],[12.9832,46.91844],[12.97322,46.91598],[12.96253,46.91637],[12.95693,46.91016],[12.9464,46.91135],[12.93643,46.90808],[12.93802,46.90088],[12.93024,46.89603],[12.93946,46.89242],[12.94943,46.89523],[12.9682,46.90222],[12.98596,46.91068],[12.99341,46.91576],[13.00272,46.9197]],[[13.04013,47.23823],[13.04256,47.23104],[13.04603,47.23643],[13.04668,47.23895],[13.04476,47.24604],[13.03898,47.25207],[13.02904,47.25499],[13.01865,47.25299],[13.02593,47.24776],[13.03587,47.24484],[13.04013,47.23823]],[[13.03251,47.16496],[13.03194,47.17217],[13.03538,47.17916],[13.03732,47.18638],[13.03741,47.19359],[13.02781,47.19732],[13.02621,47.1901],[13.02796,47.1829],[13.02485,47.1759],[13.02543,47.1687],[13.02417,47.16148],[13.01139,47.14928],[13.0166,47.14817],[13.02082,47.14521],[13.02561,47.15165],[13.03633,47.15262],[13.03945,47.15951],[13.03251,47.16496]],[[12.97899,47.03741],[12.95558,47.02262],[12.95617,47.01508],[12.96369,47.01604],[12.9665,47.01869],[12.9711,47.02535],[12.97924,47.03021],[12.97899,47.03741]],[[12.92338,47.01681],[12.92966,47.02269],[12.93376,47.02958],[12.94497,47.04235],[12.9555,47.04368],[12.9633,47.04853],[12.97212,47.05271],[12.97555,47.05971],[12.9434,47.06122],[12.93631,47.06667],[12.93806,47.074],[12.94705,47.07795],[12.95031,47.08495],[12.94571,47.09156],[12.94512,47.09899],[12.95006,47.10577],[12.94496,47.11226],[12.93967,47.10594],[12.93675,47.09894],[12.93231,47.09227],[12.92686,47.08594],[12.91661,47.08862],[12.91034,47.09442],[12.90032,47.09218],[12.89024,47.09451],[12.87989,47.09249],[12.86918,47.09208],[12.87179,47.085],[12.88236,47.08336],[12.91436,47.08174],[12.92311,47.07768],[12.91716,47.07169],[12.90645,47.07162],[12.89695,47.06824],[12.89722,47.06103],[12.91672,47.06677],[12.92744,47.06673],[12.92853,47.05952],[12.92762,47.05208],[12.92218,47.04575],[12.91556,47.03999],[12.90501,47.04072],[12.9051,47.0334],[12.9062,47.02619],[12.9128,47.02052],[12.91289,47.01331],[12.91649,47.00635],[12.92133,47.00707],[12.92338,47.01681]],[[12.93008,47.34731],[12.94068,47.34808],[12.95572,47.35586],[12.94526,47.35715],[12.93622,47.35331],[12.93008,47.34731]],[[12.93364,47.14663],[12.92372,47.14908],[12.93581,47.16106],[12.92527,47.15939],[12.91558,47.15635],[12.90777,47.15127],[12.90164,47.14539],[12.90241,47.13784],[12.89814,47.13118],[12.8974,47.12385],[12.90724,47.12678],[12.91034,47.13378],[12.92071,47.13533],[12.92954,47.13928],[12.93463,47.13994],[12.93364,47.14663]],[[12.93474,47.1392],[12.93975,47.14061],[12.93463,47.13994],[12.93474,47.1392]],[[12.92826,47.21445],[12.93575,47.21987],[12.93953,47.22676],[12.93884,47.24141],[12.9327,47.23542],[12.93397,47.2281],[12.92851,47.22177],[12.92771,47.21879],[12.92826,47.21445]],[[12.92571,46.64496],[12.91544,46.64306],[12.9048,46.64379],[12.89465,46.64555],[12.89588,46.65277],[12.90565,46.65546],[12.91255,46.66123],[12.90223,46.66288],[12.88236,46.65817],[12.87763,46.65172],[12.87855,46.64452],[12.8879,46.64127],[12.88766,46.63394],[12.89776,46.63596],[12.90822,46.63637],[12.91981,46.63897],[12.92571,46.64496]],[[12.91198,46.73194],[12.9023,46.73485],[12.90189,46.72764],[12.90597,46.72092],[12.91964,46.71849],[12.91198,46.73194]],[[12.91626,47.34904],[12.90584,47.34747],[12.89767,47.34283],[12.90097,47.33599],[12.9088,47.34109],[12.91282,47.34215],[12.91626,47.34904]],[[12.85609,47.16613],[12.86647,47.16781],[12.88125,47.17809],[12.89094,47.18136],[12.89842,47.18668],[12.90613,47.20011],[12.89405,47.21216],[12.87533,47.21901],[12.87727,47.21193],[12.89385,47.20244],[12.89445,47.19512],[12.88882,47.18901],[12.87948,47.18552],[12.86891,47.18556],[12.86042,47.18092],[12.84984,47.18176],[12.84792,47.17465],[12.84954,47.16711],[12.84257,47.16157],[12.84602,47.15473],[12.84395,47.14751],[12.83341,47.14583],[12.83736,47.13911],[12.8462,47.14192],[12.84851,47.14468],[12.85261,47.15146],[12.85301,47.15867],[12.85609,47.16613]],[[12.87669,46.62277],[12.88225,46.62887],[12.87777,46.62838],[12.87669,46.62277]],[[12.81569,46.74258],[12.82126,46.74869],[12.8319,46.74923],[12.83998,46.75409],[12.85063,46.75417],[12.85906,46.75846],[12.86972,46.75785],[12.87228,46.76485],[12.87736,46.77129],[12.86669,46.77191],[12.85674,46.76932],[12.83921,46.76118],[12.82961,46.75791],[12.81913,46.7576],[12.80895,46.75958],[12.81218,46.76647],[12.8206,46.77123],[12.83089,46.7729],[12.82697,46.77963],[12.80602,46.77775],[12.79584,46.77951],[12.8042,46.76584],[12.79476,46.76268],[12.78555,46.76638],[12.78046,46.77286],[12.77802,46.77994],[12.77161,46.77417],[12.77571,46.76745],[12.77649,46.76002],[12.76602,46.75902],[12.75558,46.75619],[12.74529,46.75462],[12.74085,46.76156],[12.75012,46.76496],[12.75785,46.77074],[12.74722,46.76939],[12.73674,46.76919],[12.74179,46.77576],[12.73604,46.78178],[12.72846,46.77679],[12.70792,46.78074],[12.70504,46.77374],[12.71556,46.77131],[12.71751,46.76423],[12.70686,46.76414],[12.71146,46.75766],[12.72034,46.75373],[12.73029,46.75644],[12.73389,46.7496],[12.72733,46.74383],[12.73779,46.74483],[12.74722,46.74823],[12.75756,46.74682],[12.76513,46.75192],[12.77542,46.75394],[12.7859,46.75426],[12.79415,46.75901],[12.80188,46.75404],[12.79782,46.74725],[12.7894,46.74284],[12.78467,46.7364],[12.78677,46.72932],[12.80075,46.72897],[12.80985,46.73258],[12.80625,46.73942],[12.81569,46.74258]],[[12.861,47.36233],[12.86409,47.36922],[12.85378,47.37131],[12.85743,47.36425],[12.861,47.36233]],[[12.85083,46.73952],[12.84035,46.73968],[12.82988,46.73868],[12.82011,46.73587],[12.82734,46.73066],[12.83143,46.72394],[12.84641,46.72279],[12.85721,46.72355],[12.84867,46.72772],[12.85591,46.73315],[12.85083,46.73952]],[[12.79262,46.92777],[12.80597,46.91632],[12.81439,46.91146],[12.82115,46.90568],[12.82492,46.89873],[12.83168,46.89271],[12.83844,46.89825],[12.83784,46.90557],[12.84663,46.90964],[12.85661,46.912],[12.85423,46.92663],[12.8334,46.92419],[12.81363,46.92942],[12.80312,46.92877],[12.79619,46.93444],[12.79692,46.94165],[12.80725,46.94322],[12.81706,46.94592],[12.81879,46.95303],[12.82901,46.95116],[12.85039,46.95086],[12.83406,46.96012],[12.83948,46.96646],[12.84999,46.96779],[12.84206,46.97277],[12.83184,46.97487],[12.82507,46.96933],[12.81456,46.96833],[12.80914,46.96211],[12.79898,46.96009],[12.78846,46.95944],[12.78573,46.95244],[12.7754,46.95098],[12.77029,46.95735],[12.76767,46.96442],[12.77613,46.96872],[12.78238,46.97472],[12.78328,46.98194],[12.79275,46.98533],[12.81087,47.00355],[12.80892,47.01063],[12.81116,47.01808],[12.80988,47.02528],[12.80294,47.03072],[12.80071,47.02349],[12.78986,47.01082],[12.78224,47.00585],[12.78202,46.99841],[12.77424,46.99354],[12.77,46.98687],[12.76911,46.97965],[12.75744,46.96743],[12.74737,46.97033],[12.74126,46.97623],[12.74281,46.98345],[12.74086,46.99075],[12.73309,46.99573],[12.73918,47.00173],[12.73572,47.00879],[12.73962,47.01557],[12.74521,47.0218],[12.75316,47.02655],[12.75695,47.04089],[12.74781,47.03727],[12.73747,47.02448],[12.72952,47.01961],[12.72529,47.01282],[12.7192,47.00682],[12.70869,47.00559],[12.69989,47.00163],[12.68937,47.00074],[12.6793,47.00305],[12.67525,46.99592],[12.68548,46.99361],[12.69424,46.98956],[12.70479,46.98885],[12.70919,46.99541],[12.71909,46.99298],[12.72554,46.98674],[12.72516,46.97941],[12.71688,46.97477],[12.714,46.96753],[12.70347,46.96733],[12.69341,46.96976],[12.70149,46.95633],[12.69097,46.95612],[12.6804,46.95866],[12.67711,46.96561],[12.66901,46.97035],[12.65943,46.97347],[12.64084,46.96621],[12.64779,46.96078],[12.64155,46.95489],[12.63951,46.94754],[12.63513,46.9403],[12.64535,46.93844],[12.64765,46.93126],[12.65816,46.93146],[12.66965,46.93351],[12.67345,46.93526],[12.68416,46.93432],[12.70206,46.94203],[12.70646,46.94882],[12.71337,46.9546],[12.71543,46.96171],[12.7342,46.96839],[12.74377,46.96526],[12.74822,46.95832],[12.76556,46.94999],[12.77133,46.94386],[12.77843,46.93853],[12.7842,46.93229],[12.79262,46.92777]],[[12.70289,47.06207],[12.72321,47.05801],[12.74497,47.05761],[12.75498,47.05987],[12.73661,47.06738],[12.73082,47.07374],[12.71097,47.07953],[12.707,47.08648],[12.70104,47.09272],[12.69242,47.09711],[12.68745,47.10359],[12.69422,47.10937],[12.70492,47.1106],[12.71172,47.10505],[12.73093,47.09812],[12.73855,47.09292],[12.74804,47.09608],[12.76789,47.10093],[12.77285,47.09445],[12.77581,47.08749],[12.78821,47.0758],[12.79874,47.07646],[12.79702,47.09086],[12.81704,47.09582],[12.81996,47.10282],[12.8135,47.10884],[12.80519,47.10431],[12.79527,47.10675],[12.78509,47.10484],[12.77582,47.10832],[12.76526,47.10881],[12.75471,47.10861],[12.74538,47.10522],[12.73466,47.10524],[12.73471,47.11245],[12.73259,47.11964],[12.72169,47.12001],[12.7134,47.12452],[12.71698,47.13141],[12.72753,47.13196],[12.73778,47.13021],[12.74705,47.12651],[12.74945,47.13363],[12.73107,47.1408],[12.7387,47.1459],[12.74855,47.14849],[12.75553,47.16262],[12.7659,47.16431],[12.77472,47.1685],[12.7593,47.17867],[12.76491,47.18501],[12.77548,47.18487],[12.7855,47.1878],[12.79313,47.19324],[12.78584,47.19845],[12.78959,47.20557],[12.7813,47.21008],[12.77332,47.20533],[12.76737,47.1991],[12.75855,47.19457],[12.75158,47.20001],[12.75466,47.2069],[12.76673,47.21878],[12.76745,47.22611],[12.77357,47.23199],[12.78448,47.23265],[12.76754,47.24179],[12.7599,47.23658],[12.7553,47.23002],[12.75408,47.2228],[12.74863,47.21658],[12.7415,47.21114],[12.73927,47.20403],[12.73112,47.19938],[12.7376,47.19337],[12.7419,47.18666],[12.74084,47.17933],[12.74581,47.17296],[12.74307,47.16584],[12.73297,47.16828],[12.7299,47.16139],[12.72311,47.15584],[12.71932,47.14162],[12.70876,47.14176],[12.69948,47.14523],[12.69587,47.13089],[12.69028,47.12478],[12.67973,47.12412],[12.67243,47.12955],[12.67097,47.13674],[12.67088,47.15116],[12.67496,47.15795],[12.68292,47.16293],[12.68632,47.17006],[12.68068,47.17619],[12.68391,47.18308],[12.69154,47.1883],[12.69209,47.19562],[12.69803,47.20163],[12.69891,47.20884],[12.69444,47.21544],[12.68829,47.22145],[12.68834,47.22866],[12.68239,47.24268],[12.67321,47.23906],[12.66981,47.23216],[12.66842,47.22494],[12.66333,47.2186],[12.66262,47.21127],[12.65583,47.20572],[12.65613,47.19829],[12.66278,47.19262],[12.66542,47.18555],[12.66554,47.17835],[12.65656,47.17449],[12.65886,47.16742],[12.65828,47.15299],[12.66276,47.14617],[12.66355,47.13897],[12.65354,47.13647],[12.64311,47.13855],[12.64307,47.13135],[12.65103,47.12661],[12.65567,47.12002],[12.65614,47.11258],[12.64597,47.11009],[12.63701,47.11413],[12.63631,47.10691],[12.64045,47.1002],[12.64939,47.09627],[12.65421,47.08934],[12.65601,47.08214],[12.64755,47.07749],[12.63284,47.06706],[12.6328,47.05985],[12.63126,47.05263],[12.64069,47.04939],[12.65125,47.04835],[12.65734,47.05424],[12.6527,47.06083],[12.65358,47.06805],[12.66067,47.07395],[12.66978,47.07025],[12.66874,47.0628],[12.67153,47.05585],[12.673,47.04865],[12.67095,47.04131],[12.66706,47.03407],[12.67637,47.0377],[12.67976,47.04471],[12.6803,47.05203],[12.67834,47.05923],[12.6819,47.06601],[12.69018,47.0615],[12.69181,47.05419],[12.69594,47.04748],[12.69707,47.04028],[12.70319,47.03438],[12.70398,47.02718],[12.7134,47.02394],[12.71656,47.02477],[12.71986,47.02743],[12.71807,47.03462],[12.70865,47.04804],[12.70289,47.06207]],[[12.78074,46.89633],[12.77464,46.90223],[12.77186,46.90942],[12.75048,46.91062],[12.7507,46.91817],[12.74311,46.92326],[12.73634,46.92904],[12.72584,46.9277],[12.71627,46.93105],[12.70576,46.93016],[12.70338,46.92305],[12.69307,46.92078],[12.6827,46.92218],[12.67238,46.92003],[12.678,46.9139],[12.68806,46.91101],[12.69875,46.91076],[12.70369,46.90428],[12.70482,46.89674],[12.71531,46.89786],[12.72241,46.89243],[12.72536,46.88547],[12.73339,46.88405],[12.75401,46.88799],[12.76451,46.88854],[12.77407,46.88518],[12.78182,46.8802],[12.79105,46.8765],[12.79915,46.88114],[12.7929,46.88693],[12.78285,46.88914],[12.78074,46.89633]],[[12.58412,47.32586],[12.59278,47.3303],[12.60282,47.33269],[12.61166,47.32844],[12.62171,47.33094],[12.63267,47.32957],[12.64306,47.33173],[12.66446,47.33057],[12.67363,47.33478],[12.68987,47.33036],[12.69423,47.33132],[12.68805,47.33756],[12.67746,47.337],[12.67262,47.34347],[12.66962,47.35042],[12.66181,47.34531],[12.6596,47.33808],[12.64994,47.3413],[12.64213,47.33641],[12.63208,47.33402],[12.62131,47.33391],[12.61314,47.33852],[12.6189,47.34465],[12.61959,47.35198],[12.61743,47.35905],[12.62507,47.36428],[12.63391,47.36826],[12.62408,47.37136],[12.61331,47.3708],[12.60788,47.35666],[12.61039,47.34948],[12.60784,47.34236],[12.58965,47.33496],[12.57906,47.3345],[12.57398,47.32804],[12.58412,47.32586]],[[12.6565,46.74127],[12.66613,46.74204],[12.67265,46.74027],[12.68294,46.74162],[12.68103,46.75614],[12.68274,46.76347],[12.67635,46.75747],[12.67348,46.75035],[12.66283,46.75048],[12.65249,46.75165],[12.64442,46.75627],[12.63381,46.75434],[12.6399,46.74822],[12.65041,46.74717],[12.6565,46.74127]],[[12.60307,46.74261],[12.59263,46.74057],[12.59856,46.73445],[12.60719,46.73579],[12.60307,46.74261]],[[12.5964,47.02896],[12.5966,47.03617],[12.60538,47.04049],[12.60502,47.0422],[12.60038,47.04868],[12.60007,47.05623],[12.59576,47.06283],[12.5978,47.07005],[12.59482,47.07701],[12.58934,47.08348],[12.59424,47.09016],[12.59578,47.09738],[12.60153,47.1035],[12.60223,47.11072],[12.60528,47.11773],[12.60247,47.12491],[12.59666,47.13103],[12.59619,47.13824],[12.6016,47.14447],[12.60012,47.15166],[12.59483,47.1658],[12.59194,47.15868],[12.58636,47.15256],[12.58213,47.14589],[12.57908,47.13888],[12.56914,47.14153],[12.56182,47.14718],[12.55371,47.14206],[12.54796,47.13594],[12.53754,47.1371],[12.53289,47.14357],[12.52475,47.14819],[12.52561,47.15552],[12.51978,47.16164],[12.51447,47.17577],[12.50583,47.17992],[12.50216,47.18686],[12.50184,47.19407],[12.49457,47.18873],[12.49103,47.18171],[12.49402,47.17476],[12.49985,47.16864],[12.5075,47.16357],[12.50866,47.15638],[12.51398,47.15002],[12.52147,47.14483],[12.52329,47.13764],[12.53791,47.12703],[12.53621,47.11981],[12.53953,47.11286],[12.54765,47.11763],[12.55441,47.12342],[12.55393,47.13074],[12.56001,47.13663],[12.56995,47.13421],[12.5756,47.12809],[12.57941,47.12137],[12.57501,47.11481],[12.58574,47.1148],[12.59387,47.11018],[12.59132,47.10318],[12.5827,47.0984],[12.57254,47.09556],[12.56713,47.08933],[12.55748,47.08637],[12.5739,47.07704],[12.56698,47.07136],[12.5575,47.06784],[12.54973,47.06284],[12.54384,47.05615],[12.54415,47.04883],[12.57189,47.05962],[12.58165,47.05686],[12.58095,47.04964],[12.57079,47.04725],[12.56353,47.04169],[12.56417,47.03449],[12.57399,47.03722],[12.58423,47.03548],[12.58987,47.02913],[12.59285,47.02206],[12.5964,47.02896]],[[12.59148,46.97044],[12.59317,46.97801],[12.60145,46.98221],[12.59839,46.98493],[12.60497,46.99059],[12.59636,46.99509],[12.58911,46.98976],[12.58304,46.98386],[12.58668,46.97692],[12.59148,46.97044]],[[12.5758,46.69841],[12.56641,46.68528],[12.56054,46.67927],[12.56946,46.68222],[12.57274,46.68419],[12.5761,46.69121],[12.5758,46.69841]],[[12.57223,47.22113],[12.56445,47.21624],[12.55752,47.20243],[12.54692,47.20358],[12.54207,47.21039],[12.53573,47.2165],[12.52787,47.23014],[12.5272,47.23735],[12.52152,47.24358],[12.51747,47.2369],[12.52065,47.22995],[12.52098,47.22263],[12.52717,47.21629],[12.53653,47.20289],[12.54337,47.19724],[12.55186,47.19276],[12.5641,47.20102],[12.5707,47.20669],[12.5702,47.21401],[12.57223,47.22113]],[[12.55348,47.35769],[12.5394,47.34689],[12.53467,47.34043],[12.52687,47.33542],[12.53322,47.32954],[12.54141,47.33226],[12.53907,47.33933],[12.54755,47.34378],[12.55144,47.35057],[12.55348,47.35769]],[[12.51921,47.43662],[12.5224,47.42967],[12.53928,47.42883],[12.54382,47.42945],[12.55334,47.43333],[12.54301,47.43562],[12.53464,47.44022],[12.52463,47.44286],[12.51921,47.43662]],[[12.36384,46.9446],[12.36267,46.95179],[12.37316,46.95329],[12.37915,46.94706],[12.3876,46.94269],[12.41941,46.9466],[12.43011,46.94591],[12.4406,46.94751],[12.45111,46.94786],[12.46182,46.94717],[12.47232,46.94774],[12.48764,46.94206],[12.49744,46.94491],[12.5075,46.94261],[12.52849,46.94511],[12.52452,46.95182],[12.51523,46.95484],[12.51374,46.96419],[12.50416,46.96718],[12.50146,46.96017],[12.49122,46.96293],[12.48425,46.96835],[12.4824,46.96123],[12.47752,46.95477],[12.46875,46.95891],[12.46959,46.96636],[12.46049,46.96249],[12.45579,46.95534],[12.44525,46.95638],[12.44576,46.96359],[12.45131,46.96994],[12.44832,46.97689],[12.44361,46.97032],[12.43688,46.96464],[12.40889,46.95392],[12.39897,46.95655],[12.40249,46.96357],[12.41091,46.96802],[12.40024,46.96733],[12.3913,46.96345],[12.38151,46.96059],[12.37085,46.95933],[12.36046,46.96047],[12.35022,46.96275],[12.34788,46.96982],[12.36817,46.97417],[12.3732,46.98064],[12.38059,46.9861],[12.38428,46.99289],[12.37452,46.99576],[12.36678,46.99075],[12.3609,46.98473],[12.35393,46.99014],[12.34892,46.99707],[12.34169,46.99172],[12.3432,46.98441],[12.33884,46.97784],[12.3283,46.97806],[12.32397,46.98476],[12.31847,46.99099],[12.31796,46.99819],[12.31209,46.99217],[12.30875,46.98515],[12.29842,46.98377],[12.28914,46.98034],[12.28731,46.97322],[12.30843,46.97061],[12.31894,46.97119],[12.32724,46.96672],[12.33957,46.94661],[12.34359,46.95329],[12.35366,46.95112],[12.355,46.94381],[12.36066,46.9377],[12.36384,46.9446]],[[12.50045,47.40906],[12.49673,47.40226],[12.50575,47.39836],[12.51082,47.40494],[12.51234,47.41217],[12.51145,47.41433],[12.504,47.41608],[12.49613,47.42114],[12.48625,47.41828],[12.49642,47.41576],[12.50045,47.40906]],[[12.45867,47.35845],[12.46945,47.35835],[12.47813,47.3541],[12.48499,47.34857],[12.4746,47.34673],[12.47578,47.33954],[12.47037,47.33318],[12.47155,47.32587],[12.48107,47.32907],[12.48394,47.33608],[12.49254,47.33504],[12.49756,47.33635],[12.49689,47.34355],[12.50162,47.35025],[12.50907,47.35571],[12.4986,47.35708],[12.48838,47.35513],[12.47183,47.36421],[12.4747,47.37122],[12.46423,47.37248],[12.45636,47.37753],[12.44994,47.37139],[12.45681,47.36587],[12.45867,47.35845]],[[12.45565,47.19441],[12.45296,47.20148],[12.45178,47.20879],[12.45346,47.2159],[12.4501,47.22296],[12.45532,47.22943],[12.45852,47.23645],[12.45734,47.24376],[12.45214,47.25022],[12.44471,47.24487],[12.44824,47.23793],[12.44335,47.23146],[12.44335,47.22425],[12.43609,47.21902],[12.43677,47.21159],[12.44064,47.19733],[12.44649,47.19121],[12.44633,47.184],[12.45952,47.1726],[12.469,47.16893],[12.47335,47.16235],[12.47416,47.15617],[12.47725,47.15312],[12.48468,47.15824],[12.48418,47.16545],[12.47883,47.17179],[12.46168,47.18052],[12.45716,47.18722],[12.45565,47.19441]],[[12.45184,46.8514],[12.44136,46.85071],[12.42284,46.84376],[12.42251,46.85108],[12.42552,46.85821],[12.41972,46.86421],[12.40906,46.86375],[12.39853,46.86455],[12.39519,46.85764],[12.38524,46.85536],[12.37458,46.85478],[12.36436,46.85695],[12.35371,46.85591],[12.36051,46.85038],[12.36351,46.84332],[12.35782,46.83696],[12.36247,46.83038],[12.37053,46.83516],[12.37253,46.8424],[12.38093,46.84673],[12.39143,46.84696],[12.39932,46.85185],[12.40906,46.84876],[12.4137,46.84217],[12.40649,46.83694],[12.3974,46.83318],[12.40452,46.82788],[12.40435,46.82067],[12.42036,46.81261],[12.42555,46.81106],[12.43007,46.81798],[12.43576,46.82422],[12.43777,46.83168],[12.4433,46.83792],[12.44615,46.84493],[12.45184,46.8514]],[[12.43436,47.33287],[12.44156,47.32746],[12.45107,47.33078],[12.44252,47.33674],[12.44268,47.34395],[12.43282,47.34121],[12.43436,47.33287]],[[12.33422,47.33964],[12.32747,47.33395],[12.33803,47.3358],[12.34047,47.33892],[12.34859,47.34383],[12.3386,47.34622],[12.33422,47.33964]],[[12.27807,47.28729],[12.28838,47.28537],[12.29914,47.28563],[12.30163,47.2868],[12.30375,47.28912],[12.29654,47.29452],[12.27807,47.28729]],[[12.30103,47.34093],[12.29043,47.34079],[12.28962,47.33346],[12.28355,47.32754],[12.29357,47.3303],[12.30039,47.33348],[12.30103,47.34093]],[[12.25835,47.30752],[12.2609,47.30023],[12.2691,47.29553],[12.26607,47.30213],[12.25835,47.30752]],[[12.26521,47.00008],[12.25706,47.00466],[12.24933,46.99975],[12.24281,46.99359],[12.25617,46.98221],[12.26056,46.98033],[12.26852,46.98902],[12.26037,46.9936],[12.26521,47.00008]],[[12.26192,47.37406],[12.26697,47.38031],[12.26677,47.38763],[12.25727,47.38384],[12.25629,47.3765],[12.25396,47.36926],[12.26192,47.37406]],[[12.24402,47.47888],[12.25123,47.4807],[12.25201,47.48311],[12.24279,47.48688],[12.23431,47.48241],[12.24402,47.47888]],[[12.24365,47.49845],[12.24486,47.49126],[12.25127,47.49157],[12.25155,47.49363],[12.24365,47.49845]],[[12.23746,47.29648],[12.24206,47.30043],[12.24371,47.30755],[12.23372,47.31004],[12.22936,47.30346],[12.22939,47.29625],[12.23378,47.28967],[12.23746,47.29648]],[[12.19749,47.46543],[12.20621,47.46738],[12.20698,47.46991],[12.19712,47.47263],[12.19749,47.46543]],[[12.17201,47.34386],[12.18153,47.34056],[12.18693,47.33412],[12.1927,47.33843],[12.19415,47.34063],[12.19109,47.34768],[12.18124,47.35052],[12.17601,47.35685],[12.16961,47.35092],[12.17201,47.34386]],[[12.18558,47.27584],[12.18403,47.28303],[12.17698,47.28842],[12.1782,47.28112],[12.17757,47.27378],[12.17676,47.27263],[12.17937,47.26969],[12.18558,47.27584]],[[12.16024,47.29139],[12.16698,47.29698],[12.177,47.29941],[12.18161,47.30268],[12.17373,47.30772],[12.17825,47.31442],[12.17972,47.32165],[12.16917,47.3199],[12.15932,47.31724],[12.15785,47.31001],[12.15095,47.3043],[12.15452,47.29749],[12.16024,47.29139]],[[12.14519,47.29449],[12.13674,47.29014],[12.13666,47.27571],[12.14446,47.27365],[12.15198,47.28086],[12.14725,47.28731],[12.14519,47.29449]],[[12.09222,47.26659],[12.096,47.26951],[12.09644,47.27146],[12.08588,47.27061],[12.08197,47.27742],[12.08546,47.28423],[12.092,47.29016],[12.10079,47.2943],[12.10934,47.28985],[12.11435,47.29633],[12.10978,47.3029],[12.11788,47.30771],[12.12755,47.31072],[12.12174,47.32482],[12.12219,47.33227],[12.11171,47.33383],[12.10821,47.32703],[12.1008,47.32188],[12.10354,47.31471],[12.09987,47.30791],[12.09503,47.30142],[12.09001,47.29505],[12.08364,47.28878],[12.0752,47.2843],[12.06682,47.28887],[12.06738,47.28155],[12.06912,47.27425],[12.07452,47.26804],[12.08274,47.26336],[12.09222,47.26659]],[[12.06824,47.10187],[12.07063,47.09481],[12.07436,47.088],[12.07505,47.08182],[12.07993,47.07034],[12.09048,47.07027],[12.09957,47.07418],[12.10137,47.0813],[12.09466,47.08704],[12.08599,47.09115],[12.08044,47.09736],[12.07588,47.10393],[12.06835,47.10919],[12.06824,47.10187]],[[12.02078,47.10812],[12.01528,47.10185],[12.01232,47.09494],[12.01472,47.08788],[12.01979,47.08132],[12.0267,47.07467],[12.02865,47.07116],[12.02955,47.06396],[12.03345,47.05715],[12.04237,47.06107],[12.05281,47.05905],[12.06002,47.06431],[12.04693,47.07579],[12.02668,47.10191],[12.02078,47.10812]],[[11.99612,47.25985],[11.98675,47.26371],[11.98,47.26955],[11.98895,47.27358],[12.00976,47.26945],[12.01994,47.27167],[12.04109,47.2728],[12.05015,47.27866],[12.04862,47.27943],[12.03807,47.2779],[12.02824,47.27523],[12.01749,47.27472],[12.00765,47.27766],[12.01011,47.28468],[12.01393,47.2916],[12.01605,47.29873],[12.00713,47.2939],[12.00314,47.28709],[11.99813,47.28071],[11.99107,47.28609],[11.98948,47.29351],[11.98274,47.29912],[11.97909,47.29231],[11.97866,47.28498],[11.97654,47.27774],[11.96582,47.27665],[11.9639,47.28383],[11.95584,47.28851],[11.95423,47.28138],[11.96014,47.27541],[11.96865,47.26193],[11.96518,47.25512],[11.98096,47.24541],[11.98579,47.2519],[11.99635,47.25253],[11.99612,47.25985]],[[11.99102,47.33428],[11.98197,47.33803],[11.97505,47.34387],[11.96953,47.33772],[11.97561,47.33175],[11.9861,47.33031],[11.99164,47.33063],[11.99102,47.33428]],[[11.92568,47.3401],[11.93259,47.33494],[11.93538,47.33705],[11.92568,47.3401]],[[11.82609,47.26746],[11.81644,47.26443],[11.8092,47.26968],[11.80442,47.27612],[11.80181,47.26944],[11.80408,47.26238],[11.79756,47.25666],[11.79631,47.24942],[11.79099,47.24304],[11.8013,47.24138],[11.80087,47.24882],[11.80893,47.25365],[11.81967,47.25395],[11.82533,47.26023],[11.82609,47.26746]],[[11.80236,47.47471],[11.79243,47.47215],[11.78539,47.46605],[11.76381,47.46526],[11.75567,47.47002],[11.74837,47.47548],[11.74726,47.46815],[11.73664,47.46752],[11.72961,47.46211],[11.73975,47.45988],[11.75234,47.44827],[11.7614,47.45255],[11.77054,47.44871],[11.7689,47.44378],[11.77061,47.44139],[11.78122,47.44167],[11.78707,47.44787],[11.79671,47.44472],[11.8068,47.44728],[11.80051,47.4532],[11.79843,47.46028],[11.80208,47.46705],[11.81149,47.47098],[11.80236,47.47471]],[[11.65242,47.24166],[11.64929,47.24858],[11.64485,47.24186],[11.64993,47.22776],[11.64971,47.22055],[11.65632,47.21472],[11.66223,47.20075],[11.66385,47.19357],[11.66764,47.18665],[11.6589,47.1826],[11.65615,47.17556],[11.65761,47.16827],[11.65076,47.15451],[11.64515,47.14765],[11.63532,47.15033],[11.63537,47.15754],[11.62747,47.16232],[11.6174,47.17506],[11.62251,47.18168],[11.61194,47.18159],[11.60598,47.17541],[11.59619,47.17248],[11.58547,47.17204],[11.58234,47.17896],[11.58986,47.18403],[11.58806,47.19121],[11.58844,47.19843],[11.59543,47.20417],[11.59515,47.21138],[11.58903,47.21733],[11.58841,47.22453],[11.59407,47.23849],[11.59378,47.24569],[11.58556,47.24107],[11.58143,47.2268],[11.57682,47.22018],[11.57778,47.21299],[11.57723,47.20576],[11.57297,47.19916],[11.57526,47.1921],[11.57523,47.18466],[11.56893,47.17859],[11.55839,47.17769],[11.55276,47.18399],[11.55061,47.19139],[11.54073,47.19509],[11.53576,47.20152],[11.53349,47.21601],[11.52332,47.21821],[11.51286,47.21926],[11.51701,47.21236],[11.52214,47.20605],[11.52876,47.20023],[11.53207,47.19331],[11.52192,47.19117],[11.51238,47.1943],[11.50223,47.19215],[11.51048,47.18762],[11.52001,47.18449],[11.52778,47.17926],[11.52113,47.17364],[11.51136,47.17046],[11.514,47.16342],[11.51042,47.15659],[11.52074,47.15451],[11.52618,47.16091],[11.53438,47.16554],[11.56604,47.1712],[11.57681,47.17038],[11.58505,47.16574],[11.6054,47.1604],[11.61347,47.15575],[11.61085,47.14139],[11.60106,47.13869],[11.59038,47.13733],[11.59747,47.13198],[11.60687,47.13582],[11.62058,47.13711],[11.63063,47.12437],[11.6317,47.10985],[11.63681,47.10354],[11.6418,47.1176],[11.64726,47.12377],[11.65782,47.12374],[11.64992,47.12851],[11.65675,47.13414],[11.66654,47.13684],[11.65609,47.13802],[11.64537,47.1377],[11.6522,47.14321],[11.65512,47.15013],[11.66472,47.15363],[11.67276,47.15836],[11.68272,47.16095],[11.68939,47.16657],[11.67862,47.1674],[11.66926,47.17077],[11.66481,47.17733],[11.67459,47.18049],[11.67734,47.18752],[11.67108,47.19336],[11.67775,47.19898],[11.69902,47.20029],[11.72018,47.2001],[11.73017,47.20246],[11.74073,47.20299],[11.74781,47.19751],[11.75861,47.1961],[11.76781,47.19237],[11.76956,47.19962],[11.78009,47.20106],[11.78745,47.20634],[11.77715,47.20799],[11.76642,47.20746],[11.76082,47.21377],[11.75275,47.21843],[11.75585,47.22547],[11.74893,47.23096],[11.74785,47.22372],[11.74083,47.21833],[11.73807,47.2113],[11.72984,47.21584],[11.72755,47.22301],[11.72258,47.21663],[11.72421,47.20922],[11.71422,47.20675],[11.70664,47.21187],[11.70469,47.21905],[11.69682,47.2141],[11.69287,47.20738],[11.68413,47.20322],[11.66492,47.20938],[11.66515,47.2166],[11.66807,47.22352],[11.67456,47.2296],[11.67378,47.23679],[11.66899,47.23029],[11.65882,47.22827],[11.65337,47.23447],[11.65242,47.24166]],[[11.7724,47.3289],[11.76427,47.32567],[11.76015,47.31872],[11.7636,47.31192],[11.77421,47.31153],[11.76778,47.31726],[11.78289,47.32737],[11.7724,47.3289]],[[11.74568,47.27771],[11.73495,47.27695],[11.73918,47.26272],[11.74538,47.26775],[11.74461,47.27048],[11.74568,47.27771]],[[11.64475,47.39128],[11.64264,47.39848],[11.65153,47.40254],[11.66166,47.40031],[11.67013,47.39578],[11.68038,47.39824],[11.69099,47.39842],[11.7009,47.4011],[11.69427,47.40679],[11.67252,47.40826],[11.66321,47.4121],[11.65258,47.41375],[11.64163,47.41369],[11.63715,47.40714],[11.62673,47.40547],[11.63051,47.39875],[11.64475,47.39128]],[[11.68485,47.46839],[11.68773,47.48293],[11.68395,47.48989],[11.67556,47.48538],[11.67716,47.47807],[11.6703,47.47242],[11.67004,47.46521],[11.67635,47.45907],[11.68559,47.4629],[11.68485,47.46839]],[[11.51088,47.37713],[11.50474,47.37125],[11.4726,47.36987],[11.46262,47.37334],[11.45186,47.37212],[11.45951,47.36703],[11.47011,47.36757],[11.50035,47.3599],[11.50973,47.36328],[11.5205,47.36347],[11.51922,47.37079],[11.52968,47.3696],[11.53616,47.37548],[11.54641,47.37738],[11.54971,47.36997],[11.56046,47.37119],[11.56944,47.36713],[11.57661,47.37244],[11.57837,47.37966],[11.59847,47.37418],[11.60544,47.36874],[11.60317,47.36163],[11.61394,47.36238],[11.62366,47.36542],[11.63426,47.3664],[11.64488,47.36509],[11.65564,47.36595],[11.64851,47.37152],[11.63871,47.37443],[11.62812,47.37334],[11.61766,47.37476],[11.60952,47.37951],[11.59922,47.38219],[11.59409,47.38868],[11.58379,47.39056],[11.5744,47.38718],[11.55301,47.38784],[11.54276,47.38571],[11.532,47.38483],[11.51803,47.39594],[11.50761,47.39427],[11.49913,47.39878],[11.48871,47.39687],[11.47307,47.40671],[11.46408,47.4111],[11.4541,47.41377],[11.44827,47.42025],[11.44127,47.42626],[11.43228,47.43019],[11.43273,47.42287],[11.42386,47.41891],[11.41486,47.42296],[11.39366,47.42096],[11.38566,47.42581],[11.37919,47.41992],[11.37018,47.42431],[11.36354,47.41865],[11.35275,47.41878],[11.34491,47.41391],[11.33469,47.41051],[11.33043,47.40372],[11.34105,47.40347],[11.35164,47.40482],[11.36032,47.40924],[11.36699,47.40358],[11.37466,47.40856],[11.37848,47.40161],[11.38872,47.40364],[11.39571,47.40908],[11.41637,47.41291],[11.41749,47.40571],[11.4117,47.39948],[11.40437,47.39416],[11.41501,47.39253],[11.41776,47.39953],[11.42526,47.40474],[11.43412,47.40881],[11.44361,47.40557],[11.44321,47.39836],[11.43724,47.39237],[11.43651,47.38515],[11.44418,47.39025],[11.45032,47.39613],[11.46039,47.39849],[11.46888,47.3941],[11.46409,47.38765],[11.46991,47.38152],[11.48832,47.38898],[11.49911,47.38849],[11.50742,47.38397],[11.51088,47.37713]],[[11.63778,47.44054],[11.61655,47.43938],[11.61039,47.4334],[11.59977,47.43344],[11.59918,47.42623],[11.5915,47.42104],[11.59024,47.41371],[11.60425,47.4114],[11.60861,47.41325],[11.60852,47.42046],[11.62187,47.43175],[11.63161,47.43467],[11.63778,47.44054]],[[11.62507,47.38911],[11.62515,47.39631],[11.61525,47.39339],[11.6062,47.38956],[11.6125,47.38376],[11.61857,47.38335],[11.62507,47.38911]],[[11.57089,47.46437],[11.58686,47.45475],[11.59602,47.45081],[11.60679,47.45191],[11.61262,47.458],[11.61508,47.46393],[11.62434,47.46651],[11.62316,47.46872],[11.62451,47.46934],[11.62143,47.47359],[11.62196,47.48106],[11.61545,47.4753],[11.6088,47.48097],[11.60331,47.47465],[11.60441,47.46745],[11.59892,47.46124],[11.58861,47.463],[11.58263,47.46902],[11.58288,47.47646],[11.5779,47.46979],[11.57089,47.46437]],[[11.61173,47.08509],[11.61464,47.09201],[11.60788,47.09761],[11.60319,47.09328],[11.60629,47.09128],[11.61173,47.08509]],[[11.54506,47.41524],[11.55514,47.41794],[11.55977,47.42472],[11.55782,47.4318],[11.56009,47.4389],[11.55206,47.43416],[11.54996,47.42694],[11.53936,47.42606],[11.53693,47.41895],[11.53095,47.41262],[11.52801,47.40551],[11.54128,47.40846],[11.54506,47.41524]],[[11.54738,47.34216],[11.55814,47.3428],[11.552,47.34882],[11.54123,47.34921],[11.53292,47.35372],[11.52234,47.35216],[11.51173,47.35254],[11.50132,47.35064],[11.49136,47.3532],[11.48077,47.35197],[11.48139,47.34466],[11.51403,47.34455],[11.51714,47.33851],[11.51753,47.3352],[11.53852,47.33821],[11.54738,47.34216]],[[11.54588,47.48056],[11.52607,47.48603],[11.51544,47.48606],[11.50978,47.4922],[11.50438,47.49251],[11.49394,47.49083],[11.50228,47.4862],[11.50843,47.48018],[11.51843,47.47728],[11.52887,47.47861],[11.53819,47.47513],[11.54851,47.47337],[11.54588,47.48056]],[[11.50446,47.41518],[11.50959,47.42151],[11.51371,47.42829],[11.51806,47.43049],[11.51718,47.43311],[11.52402,47.43865],[11.52763,47.44554],[11.51773,47.44261],[11.51141,47.4484],[11.50929,47.45548],[11.50228,47.44982],[11.49918,47.44294],[11.50483,47.4368],[11.50324,47.42947],[11.50621,47.42251],[11.50446,47.41518]],[[11.47674,47.45581],[11.46206,47.44506],[11.45181,47.44293],[11.44133,47.44445],[11.43267,47.44873],[11.43813,47.45495],[11.44568,47.46885],[11.43783,47.46398],[11.431,47.45844],[11.42057,47.45652],[11.41092,47.46983],[11.41019,47.46239],[11.40642,47.45561],[11.38539,47.45303],[11.38971,47.44643],[11.40048,47.44767],[11.41047,47.44512],[11.41963,47.44142],[11.42962,47.43852],[11.44684,47.43682],[11.45379,47.43425],[11.46352,47.43718],[11.47188,47.44205],[11.47634,47.4486],[11.47674,47.45581]],[[11.31891,47.30226],[11.32967,47.30224],[11.34028,47.30108],[11.35033,47.30357],[11.35509,47.31036],[11.37484,47.31556],[11.39634,47.31768],[11.41575,47.3239],[11.42652,47.32387],[11.43709,47.32544],[11.44768,47.32598],[11.45286,47.32831],[11.45657,47.32777],[11.46576,47.3315],[11.45516,47.33188],[11.44486,47.33397],[11.4424,47.34116],[11.45318,47.3401],[11.46359,47.34178],[11.4682,47.34845],[11.46206,47.35446],[11.45165,47.35278],[11.44103,47.35384],[11.42043,47.35814],[11.40981,47.3592],[11.38859,47.3596],[11.36832,47.36435],[11.34917,47.37151],[11.34117,47.36664],[11.35033,47.36294],[11.35011,47.35573],[11.3609,47.35491],[11.36806,47.34959],[11.38923,47.3516],[11.39722,47.34675],[11.4078,47.34775],[11.41843,47.34634],[11.42774,47.34253],[11.43389,47.3364],[11.42793,47.33041],[11.41752,47.32906],[11.40804,47.33253],[11.38794,47.33752],[11.39292,47.33115],[11.39573,47.3242],[11.38654,47.32035],[11.37772,47.32451],[11.35844,47.33075],[11.35806,47.32342],[11.35498,47.31653],[11.34441,47.3153],[11.33625,47.32015],[11.32826,47.31527],[11.31926,47.31108],[11.30831,47.31166],[11.29793,47.3094],[11.30209,47.30257],[11.31041,47.29784],[11.31891,47.30226]],[[11.37786,47.13244],[11.3731,47.12588],[11.37401,47.11147],[11.36469,47.10784],[11.35977,47.1014],[11.35465,47.08717],[11.34923,47.08083],[11.33468,47.07041],[11.32825,47.06463],[11.32283,47.0584],[11.33317,47.06033],[11.33977,47.0661],[11.34428,47.06649],[11.34768,47.07338],[11.35462,47.07882],[11.3587,47.0856],[11.36819,47.08888],[11.36522,47.09584],[11.37335,47.1006],[11.38284,47.10399],[11.39337,47.10591],[11.38575,47.111],[11.37945,47.11689],[11.38572,47.12278],[11.38795,47.12989],[11.37786,47.13244]],[[11.32919,47.19436],[11.32942,47.20043],[11.31939,47.19817],[11.31985,47.19096],[11.32919,47.19436]],[[11.2885,47.13394],[11.2951,47.13961],[11.28452,47.14054],[11.27771,47.1462],[11.28111,47.15309],[11.28249,47.16031],[11.28773,47.16688],[11.2957,47.17164],[11.30641,47.17277],[11.29729,47.17669],[11.28686,47.17831],[11.27161,47.15929],[11.25705,47.14875],[11.25197,47.14218],[11.26253,47.14228],[11.27099,47.1379],[11.27747,47.13212],[11.2885,47.13394]],[[11.27058,47.31498],[11.27822,47.3202],[11.28836,47.318],[11.29203,47.3193],[11.28955,47.32648],[11.29397,47.33304],[11.28881,47.3394],[11.27893,47.33668],[11.28075,47.32926],[11.27413,47.32348],[11.2632,47.32326],[11.25355,47.32649],[11.24291,47.32845],[11.2416,47.33576],[11.23155,47.33349],[11.23168,47.32628],[11.24117,47.32294],[11.24983,47.31868],[11.27058,47.31498]],[[11.22098,47.40134],[11.218,47.39856],[11.21053,47.39265],[11.22095,47.39413],[11.22098,47.40134]],[[11.07182,47.26056],[11.06214,47.2576],[11.05159,47.25645],[11.04209,47.25291],[11.03164,47.25439],[11.02423,47.24081],[11.01378,47.24229],[11.00445,47.24596],[10.99388,47.24572],[10.98333,47.24445],[10.98635,47.23751],[10.99203,47.2314],[11.00152,47.22808],[11.00742,47.23409],[11.0286,47.23319],[11.03915,47.23457],[11.03445,47.24161],[11.045,47.24322],[11.0535,47.23874],[11.07392,47.23405],[11.09075,47.22485],[11.11225,47.22428],[11.12057,47.21979],[11.13086,47.21784],[11.14105,47.21989],[11.15161,47.22092],[11.16026,47.2249],[11.1614,47.22651],[11.15081,47.2272],[11.14035,47.22927],[11.13253,47.23422],[11.1354,47.24134],[11.13424,47.24854],[11.12679,47.24331],[11.11783,47.23017],[11.11099,47.23594],[11.10218,47.23184],[11.09143,47.23206],[11.08212,47.23562],[11.0761,47.24174],[11.06777,47.24622],[11.07815,47.24794],[11.07916,47.25527],[11.07182,47.26056]],[[10.91404,47.3412],[10.92148,47.34655],[10.93169,47.34851],[10.9369,47.34217],[10.94485,47.3473],[10.95544,47.348],[10.96565,47.35018],[10.97623,47.35099],[10.98622,47.34848],[11.00526,47.35488],[11.0153,47.35728],[11.03666,47.3581],[11.04698,47.35581],[11.06417,47.3472],[11.07474,47.34857],[11.08425,47.34513],[11.09481,47.34662],[11.07762,47.35547],[11.05653,47.35764],[11.04851,47.36235],[11.03772,47.36337],[11.02692,47.36428],[11.01615,47.36416],[10.99607,47.35923],[10.98986,47.36534],[10.97067,47.35836],[10.96898,47.36566],[10.96256,47.35975],[10.95304,47.3633],[10.95219,47.37072],[10.94198,47.36797],[10.94251,47.36054],[10.93557,47.35508],[10.92484,47.35346],[10.9208,47.36016],[10.92756,47.36573],[10.92586,47.37303],[10.91098,47.36233],[10.90711,47.35553],[10.91217,47.34861],[10.91404,47.3412]],[[10.80967,47.43516],[10.8199,47.43712],[10.8296,47.44011],[10.84021,47.44071],[10.84826,47.43578],[10.85887,47.43626],[10.86443,47.42981],[10.87508,47.42892],[10.88393,47.42537],[10.89218,47.4257],[10.89249,47.43337],[10.89046,47.44044],[10.88724,47.44737],[10.88169,47.4536],[10.87595,47.44735],[10.86624,47.44436],[10.85869,47.44953],[10.8482,47.45099],[10.84297,47.45733],[10.84193,47.46453],[10.82059,47.46173],[10.82848,47.45669],[10.83455,47.4507],[10.82377,47.45022],[10.80226,47.4473],[10.79241,47.45003],[10.78358,47.44602],[10.79213,47.44156],[10.7987,47.43581],[10.80967,47.43516]],[[10.86906,47.33651],[10.87928,47.33847],[10.8862,47.34417],[10.885,47.34484],[10.87144,47.34226],[10.8629,47.34685],[10.85615,47.34127],[10.8511,47.33479],[10.86078,47.33172],[10.86906,47.33651]],[[10.83288,47.16088],[10.8241,47.15676],[10.82345,47.14955],[10.8131,47.14804],[10.80314,47.15065],[10.80154,47.14557],[10.8101,47.1432],[10.8121,47.13616],[10.82002,47.13383],[10.82489,47.12714],[10.83389,47.12291],[10.84027,47.12872],[10.83507,47.13506],[10.83858,47.14185],[10.84873,47.14485],[10.84023,47.14931],[10.84987,47.1523],[10.85796,47.15709],[10.83743,47.15351],[10.8406,47.16064],[10.8458,47.167],[10.8352,47.16801],[10.83288,47.16088]],[[10.808,47.40402],[10.8131,47.38978],[10.80309,47.39251],[10.79479,47.38794],[10.78414,47.38928],[10.77051,47.40088],[10.76615,47.39418],[10.76804,47.387],[10.75787,47.38915],[10.74932,47.39372],[10.74442,47.40029],[10.73401,47.39877],[10.74731,47.3874],[10.74803,47.37998],[10.75326,47.37364],[10.7636,47.37127],[10.76211,47.36404],[10.76588,47.34968],[10.75656,47.34611],[10.74769,47.35023],[10.74299,47.34375],[10.75268,47.34046],[10.76307,47.34186],[10.7705,47.34711],[10.77936,47.34311],[10.78968,47.34119],[10.7878,47.34837],[10.78092,47.35388],[10.77271,47.35846],[10.78221,47.36191],[10.79031,47.36728],[10.77971,47.36714],[10.77166,47.37195],[10.77078,47.37915],[10.78082,47.38157],[10.7916,47.38149],[10.80233,47.38323],[10.81234,47.38062],[10.82298,47.37962],[10.83845,47.38039],[10.85179,47.38514],[10.84657,47.39148],[10.83636,47.38917],[10.82684,47.39248],[10.83462,47.39739],[10.83544,47.40472],[10.82484,47.40401],[10.81646,47.40859],[10.808,47.40402]],[[10.79517,47.48427],[10.81029,47.48699],[10.81672,47.48605],[10.82246,47.4923],[10.81292,47.49549],[10.79244,47.49156],[10.79517,47.48427]],[[10.81273,47.2486],[10.80215,47.24823],[10.8076,47.24556],[10.81273,47.2486]],[[10.7577,47.30563],[10.7685,47.30418],[10.7749,47.3101],[10.77101,47.3168],[10.77981,47.32103],[10.77589,47.3227],[10.7657,47.32038],[10.76288,47.31268],[10.75357,47.30912],[10.74768,47.30309],[10.7577,47.30563]],[[10.75858,47.4776],[10.75438,47.4709],[10.76228,47.46598],[10.77586,47.46891],[10.76648,47.47267],[10.75858,47.4776]],[[10.65498,47.2989],[10.64422,47.29909],[10.65405,47.29626],[10.67534,47.2984],[10.70537,47.30661],[10.71598,47.30608],[10.73494,47.31344],[10.74987,47.31502],[10.75164,47.31767],[10.74658,47.32401],[10.73612,47.32524],[10.72609,47.32292],[10.71936,47.31711],[10.7097,47.31388],[10.69933,47.31179],[10.70198,47.31892],[10.71101,47.33255],[10.70594,47.339],[10.71387,47.34403],[10.71568,47.35149],[10.71244,47.35843],[10.71426,47.36555],[10.70441,47.36838],[10.69578,47.36414],[10.68836,47.35888],[10.67797,47.35736],[10.68304,47.3508],[10.68561,47.34363],[10.68262,47.33661],[10.68803,47.33016],[10.69177,47.32312],[10.68794,47.3162],[10.67747,47.31742],[10.66902,47.31307],[10.67293,47.30592],[10.66518,47.30088],[10.65498,47.2989]],[[10.71811,47.41846],[10.7285,47.42078],[10.73644,47.42569],[10.74706,47.42584],[10.73687,47.42833],[10.73314,47.43514],[10.72273,47.43362],[10.71367,47.43807],[10.71016,47.43127],[10.71623,47.42518],[10.71811,47.41846]],[[10.56995,47.21141],[10.55988,47.21398],[10.55626,47.22074],[10.57915,47.23654],[10.5897,47.23731],[10.60032,47.23682],[10.59909,47.22956],[10.59219,47.22409],[10.60294,47.22429],[10.60936,47.21841],[10.60795,47.21127],[10.61887,47.21124],[10.62937,47.21281],[10.63401,47.21936],[10.62351,47.21791],[10.61726,47.22391],[10.61481,47.23094],[10.60937,47.23731],[10.6106,47.24468],[10.61767,47.25004],[10.62823,47.25069],[10.63917,47.25043],[10.64848,47.24669],[10.65912,47.24597],[10.66361,47.25251],[10.66299,47.25982],[10.65242,47.2594],[10.64617,47.26529],[10.65464,47.26989],[10.66402,47.27337],[10.67348,47.27009],[10.68384,47.26844],[10.69377,47.27124],[10.70207,47.27594],[10.69148,47.27564],[10.68082,47.27671],[10.68665,47.28329],[10.67629,47.28483],[10.66577,47.28349],[10.65513,47.28411],[10.63852,47.27492],[10.64213,47.26815],[10.63168,47.26579],[10.62788,47.25904],[10.61953,47.26349],[10.61859,47.27068],[10.61397,47.27742],[10.60985,47.27054],[10.61174,47.25616],[10.60761,47.24951],[10.59985,47.24448],[10.59052,47.24031],[10.58002,47.24149],[10.57805,47.24876],[10.57861,47.25599],[10.57187,47.26164],[10.57445,47.26881],[10.57367,47.27601],[10.5778,47.28266],[10.58554,47.28804],[10.58457,47.29545],[10.57594,47.29085],[10.56526,47.28939],[10.55642,47.29336],[10.56193,47.2996],[10.5518,47.29724],[10.54768,47.30387],[10.53731,47.30551],[10.53319,47.31214],[10.52257,47.31217],[10.52186,47.30482],[10.52568,47.29772],[10.52326,47.29066],[10.53376,47.28971],[10.54368,47.28714],[10.54464,47.27996],[10.55525,47.27981],[10.56547,47.27794],[10.5605,47.27126],[10.56045,47.26393],[10.56457,47.2573],[10.55573,47.26139],[10.55092,47.25494],[10.558,47.24943],[10.56142,47.23498],[10.55314,47.23027],[10.54816,47.22382],[10.53765,47.22259],[10.52757,47.22516],[10.52493,47.23229],[10.52065,47.23892],[10.51245,47.24349],[10.50237,47.24593],[10.49974,47.25296],[10.50855,47.25734],[10.49817,47.25909],[10.49738,47.26629],[10.49793,47.27352],[10.49085,47.27892],[10.49154,47.2865],[10.48742,47.29313],[10.48518,47.28596],[10.48396,47.27871],[10.48859,47.2722],[10.49304,47.25779],[10.48423,47.25352],[10.47369,47.25251],[10.46374,47.25564],[10.45521,47.26008],[10.4519,47.26697],[10.44272,47.26325],[10.43191,47.26383],[10.43255,47.25664],[10.44156,47.25256],[10.46243,47.24976],[10.47251,47.24732],[10.48305,47.24833],[10.48535,47.2413],[10.49572,47.23955],[10.50645,47.23999],[10.51157,47.2335],[10.51992,47.22905],[10.52438,47.22243],[10.52231,47.21526],[10.51257,47.21245],[10.50673,47.20643],[10.49664,47.20922],[10.4935,47.21623],[10.48389,47.21937],[10.48569,47.21221],[10.48883,47.20521],[10.4791,47.20228],[10.47086,47.1971],[10.47384,47.18997],[10.46836,47.18374],[10.47084,47.17648],[10.46416,47.17066],[10.45366,47.16931],[10.44578,47.17434],[10.448,47.18151],[10.44451,47.18873],[10.43648,47.19341],[10.44076,47.20007],[10.43625,47.20738],[10.44975,47.21948],[10.44562,47.22622],[10.43628,47.2225],[10.41484,47.20569],[10.41416,47.19811],[10.41195,47.19082],[10.40819,47.18406],[10.39867,47.18056],[10.38921,47.18405],[10.37329,47.19352],[10.39345,47.19873],[10.40719,47.20969],[10.40975,47.21676],[10.41129,47.22402],[10.41538,47.23091],[10.40485,47.23001],[10.4011,47.22313],[10.39904,47.21597],[10.39581,47.20888],[10.38825,47.20372],[10.37944,47.19966],[10.37123,47.20433],[10.37176,47.21157],[10.38009,47.22557],[10.38676,47.23151],[10.3871,47.23908],[10.39206,47.24553],[10.39928,47.2508],[10.38874,47.25253],[10.3824,47.24661],[10.3783,47.23995],[10.37317,47.2336],[10.36975,47.22674],[10.36289,47.22125],[10.36117,47.2141],[10.35708,47.20744],[10.34652,47.20699],[10.34053,47.21356],[10.34055,47.22089],[10.34753,47.23475],[10.34855,47.24211],[10.35281,47.24889],[10.34273,47.24617],[10.33692,47.24002],[10.32871,47.24458],[10.32428,47.23791],[10.31369,47.2378],[10.31062,47.23083],[10.31345,47.22382],[10.32136,47.21868],[10.32418,47.21167],[10.33192,47.20665],[10.33491,47.19952],[10.34296,47.19474],[10.35069,47.19979],[10.36137,47.19841],[10.35642,47.19196],[10.3564,47.18474],[10.34901,47.17958],[10.32812,47.18293],[10.31687,47.18291],[10.31289,47.18966],[10.31106,47.19682],[10.30333,47.19188],[10.29273,47.18948],[10.29491,47.1821],[10.28577,47.17814],[10.29274,47.1645],[10.30979,47.17318],[10.31878,47.16934],[10.32789,47.17387],[10.3384,47.17489],[10.34888,47.17396],[10.3575,47.17824],[10.36741,47.18084],[10.3781,47.18175],[10.3942,47.17195],[10.40494,47.17205],[10.41815,47.18334],[10.42346,47.18958],[10.42974,47.18336],[10.42683,47.17639],[10.43358,47.17076],[10.42898,47.16409],[10.43903,47.16176],[10.44802,47.15791],[10.45681,47.16208],[10.46587,47.15972],[10.47089,47.15999],[10.48024,47.16348],[10.484,47.17024],[10.51614,47.16926],[10.52591,47.16623],[10.53616,47.16883],[10.54647,47.1704],[10.54121,47.17666],[10.53271,47.18098],[10.52251,47.18285],[10.51159,47.18287],[10.49159,47.17768],[10.48109,47.17897],[10.48231,47.18622],[10.49077,47.1906],[10.50108,47.19217],[10.50486,47.19893],[10.51551,47.20051],[10.52542,47.19795],[10.53108,47.20407],[10.52746,47.21084],[10.53294,47.2173],[10.54332,47.21532],[10.54578,47.20829],[10.55524,47.20479],[10.56117,47.19855],[10.56513,47.19168],[10.57056,47.18543],[10.58139,47.18426],[10.57645,47.19076],[10.56822,47.20414],[10.56995,47.21141]],[[10.66107,47.37062],[10.67298,47.37777],[10.68356,47.37872],[10.69376,47.38127],[10.68505,47.38549],[10.67454,47.38763],[10.68369,47.39142],[10.69009,47.39735],[10.68137,47.40146],[10.67864,47.40851],[10.66704,47.39633],[10.65979,47.39073],[10.65012,47.3875],[10.64722,47.39444],[10.63659,47.39474],[10.6262,47.3931],[10.6183,47.39801],[10.62332,47.4045],[10.62988,47.41031],[10.63991,47.41298],[10.64682,47.41869],[10.6368,47.42117],[10.60528,47.4159],[10.59991,47.40964],[10.59575,47.40271],[10.59361,47.39547],[10.60366,47.39219],[10.61139,47.38716],[10.63079,47.38081],[10.63835,47.37566],[10.64393,47.36945],[10.65443,47.36766],[10.66107,47.37062]],[[10.67493,47.15389],[10.67774,47.16102],[10.66758,47.1587],[10.65899,47.15446],[10.64863,47.15293],[10.64745,47.14765],[10.6499,47.14426],[10.66065,47.14361],[10.66942,47.14763],[10.67493,47.15389]],[[10.65066,47.31943],[10.65825,47.32458],[10.66072,47.33171],[10.65014,47.33121],[10.64474,47.33742],[10.64755,47.34445],[10.63859,47.34042],[10.62454,47.32099],[10.61435,47.32404],[10.61262,47.33123],[10.60212,47.33324],[10.59754,47.33981],[10.59934,47.34693],[10.60761,47.35163],[10.61126,47.35866],[10.60435,47.36451],[10.59745,47.35903],[10.58695,47.36093],[10.58203,47.36737],[10.57325,47.36289],[10.56738,47.35685],[10.56761,47.34965],[10.57567,47.34497],[10.571,47.33849],[10.56116,47.3357],[10.55802,47.32867],[10.56879,47.32838],[10.57832,47.32521],[10.58833,47.32788],[10.59907,47.32873],[10.60647,47.32335],[10.61226,47.31566],[10.61518,47.31364],[10.63575,47.31761],[10.64429,47.31328],[10.6549,47.31275],[10.65066,47.31943]],[[10.38487,47.12984],[10.37626,47.12557],[10.36712,47.12929],[10.36148,47.12315],[10.35705,47.1166],[10.36003,47.10959],[10.34668,47.0984],[10.33678,47.09591],[10.32363,47.08438],[10.31355,47.08212],[10.30777,47.08835],[10.29923,47.09311],[10.30399,47.09957],[10.31153,47.10473],[10.31442,47.1117],[10.32413,47.11453],[10.32432,47.12175],[10.31359,47.12164],[10.30391,47.11835],[10.29361,47.11676],[10.29527,47.1096],[10.2849,47.11156],[10.28048,47.105],[10.28314,47.09787],[10.28279,47.09064],[10.29178,47.08669],[10.28399,47.07292],[10.28782,47.06583],[10.2851,47.05887],[10.26413,47.0567],[10.25972,47.05003],[10.25003,47.04708],[10.23975,47.04548],[10.23093,47.04955],[10.22943,47.05672],[10.23729,47.0619],[10.24757,47.0635],[10.24525,47.07052],[10.24026,47.07735],[10.2505,47.07963],[10.24195,47.08439],[10.23781,47.09102],[10.22848,47.08762],[10.22832,47.08028],[10.22949,47.07299],[10.22577,47.06611],[10.21964,47.06018],[10.21626,47.05319],[10.22373,47.03958],[10.22837,47.03308],[10.22207,47.02715],[10.21421,47.02208],[10.2127,47.01481],[10.20302,47.01186],[10.19586,47.00647],[10.18534,47.00601],[10.18034,47.01283],[10.17801,47.01997],[10.18744,47.03369],[10.19082,47.04056],[10.19165,47.04792],[10.18107,47.04826],[10.17389,47.04298],[10.1646,47.03935],[10.1694,47.03286],[10.16604,47.02587],[10.16554,47.01864],[10.17598,47.0057],[10.1765,46.99827],[10.16606,46.99666],[10.16025,47.00311],[10.15643,47.00986],[10.14765,46.99651],[10.15248,46.98979],[10.15971,46.98454],[10.17029,46.98408],[10.17976,46.98749],[10.18779,46.99234],[10.18914,46.99949],[10.19881,47.00256],[10.20666,47.00763],[10.21729,47.00901],[10.22569,47.01352],[10.23574,47.01591],[10.22882,47.02153],[10.23954,47.02153],[10.24548,47.01554],[10.25074,47.01457],[10.25548,47.02114],[10.24619,47.02484],[10.24073,47.03108],[10.23351,47.03634],[10.24245,47.0403],[10.26295,47.0444],[10.27286,47.04163],[10.27422,47.04878],[10.28456,47.05197],[10.2949,47.05025],[10.30563,47.05013],[10.29872,47.05575],[10.29806,47.06306],[10.29641,47.07023],[10.30271,47.07627],[10.31377,47.07628],[10.3244,47.07788],[10.33229,47.08271],[10.34217,47.08543],[10.35025,47.09015],[10.35639,47.09619],[10.36568,47.09259],[10.37178,47.08659],[10.37348,47.09386],[10.36722,47.09974],[10.36825,47.10699],[10.37898,47.10709],[10.38313,47.10024],[10.39272,47.09721],[10.41308,47.1014],[10.43425,47.10079],[10.44393,47.10418],[10.43319,47.1042],[10.42254,47.10547],[10.41263,47.10826],[10.4021,47.10759],[10.3942,47.11295],[10.3939,47.12016],[10.38369,47.12236],[10.38487,47.12984]],[[10.27644,47.23145],[10.26223,47.22046],[10.25899,47.21359],[10.25388,47.20724],[10.24615,47.2023],[10.24035,47.19615],[10.23661,47.18938],[10.22745,47.18576],[10.21718,47.1836],[10.20826,47.17895],[10.20606,47.17189],[10.19992,47.16596],[10.19139,47.17038],[10.18766,47.16361],[10.18783,47.15628],[10.19855,47.15664],[10.20832,47.15386],[10.2293,47.15157],[10.239,47.15452],[10.2495,47.15578],[10.25826,47.1603],[10.25296,47.16414],[10.2385,47.15943],[10.22795,47.16138],[10.21818,47.16427],[10.21271,47.1705],[10.2178,47.17709],[10.22848,47.17812],[10.23551,47.18351],[10.24502,47.18691],[10.24687,47.19419],[10.25267,47.20033],[10.26181,47.20429],[10.27341,47.21669],[10.27561,47.22398],[10.27644,47.23145]],[[10.2086,47.19111],[10.21561,47.19672],[10.22071,47.20319],[10.22444,47.21007],[10.23552,47.22246],[10.2379,47.22952],[10.22735,47.22884],[10.22121,47.22279],[10.2197,47.21541],[10.21545,47.20874],[10.21291,47.20167],[10.20263,47.19962],[10.20416,47.20677],[10.19868,47.21301],[10.19768,47.22019],[10.19434,47.22707],[10.20277,47.2317],[10.20615,47.23868],[10.21316,47.2443],[10.2051,47.24896],[10.19442,47.24781],[10.18966,47.24123],[10.18814,47.23408],[10.18041,47.22913],[10.1846,47.21483],[10.18877,47.2081],[10.19062,47.20083],[10.18001,47.20105],[10.17257,47.20653],[10.16341,47.20291],[10.17163,47.19837],[10.17645,47.19188],[10.18498,47.18758],[10.19288,47.19242],[10.20002,47.18714],[10.2086,47.19111]],[[10.19981,47.18704],[10.20005,47.18712],[10.20002,47.18714],[10.19981,47.18704]],[[10.20014,47.18705],[10.20769,47.1897],[10.20005,47.18712],[10.20014,47.18705]],[[10.04594,47.06971],[10.06584,47.0752],[10.07654,47.07557],[10.08639,47.07854],[10.10897,47.07712],[10.12289,47.07461],[10.13337,47.07588],[10.14055,47.08116],[10.15108,47.08163],[10.16038,47.08538],[10.16999,47.08214],[10.17682,47.08764],[10.1802,47.09462],[10.1696,47.09496],[10.16101,47.09078],[10.14024,47.08791],[10.13906,47.09521],[10.14953,47.09659],[10.15408,47.10338],[10.16666,47.11549],[10.16021,47.12134],[10.1536,47.11505],[10.15143,47.10776],[10.14155,47.10503],[10.1265,47.0949],[10.12585,47.08743],[10.11887,47.0817],[10.10834,47.08363],[10.09872,47.08675],[10.08923,47.08345],[10.08277,47.08941],[10.08732,47.0961],[10.082,47.10245],[10.07694,47.09586],[10.07678,47.08864],[10.05833,47.08159],[10.04594,47.06971]],[[10.12424,47.06744],[10.11558,47.06658],[10.11322,47.06444],[10.12371,47.06307],[10.13424,47.06354],[10.1551,47.06011],[10.16263,47.06517],[10.15459,47.06983],[10.14406,47.06925],[10.13373,47.07074],[10.12424,47.06744]],[[10.1355,47.25537],[10.13586,47.25274],[10.13888,47.24574],[10.14928,47.24368],[10.15808,47.24775],[10.16232,47.25442],[10.14214,47.25914],[10.1355,47.25537]],[[10.11812,47.14938],[10.14518,47.15372],[10.14594,47.1549],[10.14277,47.16178],[10.14942,47.1675],[10.14042,47.17132],[10.13046,47.17431],[10.135,47.18856],[10.12426,47.18843],[10.11511,47.18468],[10.1088,47.17886],[10.11798,47.17504],[10.11392,47.16837],[10.12037,47.16263],[10.11141,47.15867],[10.10089,47.15785],[10.10879,47.15296],[10.11812,47.14938]],[[10.13803,47.41286],[10.14722,47.41649],[10.14156,47.4226],[10.13156,47.42548],[10.12113,47.42742],[10.11399,47.43291],[10.1155,47.44007],[10.09754,47.43156],[10.08754,47.43443],[10.08039,47.43992],[10.07211,47.43529],[10.07974,47.43016],[10.08972,47.42752],[10.1005,47.42788],[10.12092,47.42318],[10.12697,47.41891],[10.12805,47.41551],[10.13803,47.41286]],[[10.07786,47.37178],[10.06758,47.37407],[10.07309,47.36784],[10.08305,47.36531],[10.07983,47.35844],[10.07071,47.35401],[10.06368,47.34861],[10.06886,47.34226],[10.0665,47.33519],[10.05578,47.33425],[10.05077,47.34061],[10.04219,47.34502],[10.04049,47.35218],[10.02997,47.35319],[10.02189,47.34834],[10.01938,47.34115],[10.04049,47.33832],[10.03814,47.33125],[10.05899,47.32715],[10.06889,47.33],[10.07309,47.32327],[10.08022,47.31778],[10.08041,47.31046],[10.06983,47.30998],[10.05907,47.31202],[10.05518,47.30525],[10.0653,47.30273],[10.07096,47.29662],[10.08139,47.29434],[10.08258,47.28716],[10.07863,47.28118],[10.07984,47.27836],[10.09014,47.28031],[10.09855,47.27567],[10.10838,47.27245],[10.11905,47.27383],[10.10383,47.28432],[10.10014,47.29119],[10.09497,47.29754],[10.08609,47.30171],[10.09258,47.30743],[10.08904,47.31464],[10.08952,47.32199],[10.085,47.3286],[10.07853,47.33434],[10.08208,47.34122],[10.08223,47.34855],[10.09231,47.3513],[10.10121,47.34713],[10.11199,47.34715],[10.12174,47.35],[10.12737,47.35614],[10.12702,47.36346],[10.13283,47.3695],[10.14312,47.37179],[10.13994,47.37867],[10.14644,47.3845],[10.13722,47.38843],[10.11622,47.38487],[10.10555,47.38554],[10.09562,47.3828],[10.08703,47.38744],[10.07705,47.39008],[10.07707,47.38275],[10.09715,47.37793],[10.08685,47.37575],[10.07786,47.37178]],[[10.13552,47.27897],[10.14166,47.28261],[10.14215,47.28996],[10.14114,47.29714],[10.14402,47.30411],[10.13338,47.30456],[10.13357,47.29712],[10.12479,47.29259],[10.11951,47.28634],[10.12484,47.27999],[10.13552,47.27897]],[[10.07789,47.02853],[10.08776,47.03115],[10.09837,47.03266],[10.1093,47.03211],[10.11972,47.03406],[10.13845,47.02748],[10.13895,47.03471],[10.13026,47.03912],[10.11953,47.03921],[10.08744,47.03802],[10.07814,47.03438],[10.06757,47.03459],[10.0608,47.0402],[10.05018,47.0411],[10.04027,47.04374],[10.02976,47.04303],[10.02123,47.04744],[10.01069,47.04719],[10.01071,47.03997],[10.03195,47.0383],[10.04126,47.03461],[10.0513,47.03243],[10.0605,47.02335],[10.07108,47.02302],[10.07789,47.02853]],[[10.03594,47.20823],[10.05424,47.21562],[10.05776,47.22273],[10.06619,47.22714],[10.07682,47.2267],[10.08295,47.22083],[10.085,47.21334],[10.0964,47.22564],[10.10711,47.22405],[10.11113,47.2172],[10.11553,47.22388],[10.11351,47.23103],[10.1162,47.23811],[10.10812,47.24288],[10.09804,47.24036],[10.09209,47.2342],[10.08159,47.23282],[10.07791,47.23957],[10.08061,47.24653],[10.07428,47.25273],[10.06309,47.25384],[10.05243,47.25234],[10.04483,47.25735],[10.04586,47.25016],[10.0555,47.24706],[10.06601,47.24833],[10.07329,47.24296],[10.06486,47.23855],[10.05442,47.23648],[10.03828,47.22699],[10.02777,47.22583],[10.0175,47.22823],[10.00553,47.24019],[10.00237,47.23286],[10.00933,47.22726],[10.00374,47.22099],[9.99463,47.21678],[9.98393,47.21595],[9.97632,47.22107],[9.96756,47.21676],[9.97549,47.21176],[9.99567,47.20708],[10.00407,47.20267],[10.01414,47.2005],[10.0204,47.20002],[10.02566,47.20628],[10.03594,47.20823]],[[10.10486,46.94111],[10.10218,46.93403],[10.10933,46.93461],[10.11419,46.93695],[10.11433,46.9444],[10.10486,46.94111]],[[10.0909,47.192],[10.08156,47.18859],[10.07101,47.18812],[10.06382,47.18283],[10.0672,47.17791],[10.0719,47.17566],[10.07607,47.16904],[10.08614,47.17156],[10.09259,47.17762],[10.09091,47.18478],[10.0909,47.192]],[[10.04186,47.15654],[10.05208,47.15459],[10.06269,47.15415],[10.04912,47.16538],[10.0451,47.17211],[10.04258,47.17913],[10.03201,47.179],[10.01372,47.17172],[10.00513,47.1673],[10.00323,47.16575],[10.0024,47.16331],[10.0041,47.15615],[10.0111,47.16155],[10.01687,47.16759],[10.02726,47.16566],[10.0321,47.15918],[10.0333,47.15189],[10.04186,47.15654]],[[10.05206,47.44171],[10.04144,47.44146],[10.04794,47.43573],[10.05964,47.43269],[10.06234,47.43965],[10.05206,47.44171]],[[10.03881,47.28017],[10.03009,47.28434],[10.02603,47.27756],[10.01742,47.27336],[10.00981,47.27837],[10.0106,47.28596],[9.99972,47.28513],[9.99619,47.27813],[9.98812,47.27339],[9.97772,47.2752],[9.97157,47.28106],[9.9707,47.28825],[9.97473,47.29526],[9.97202,47.30227],[9.96449,47.29708],[9.95802,47.29124],[9.96238,47.28464],[9.96427,47.27725],[9.9616,47.27017],[9.95304,47.26529],[9.94251,47.26653],[9.9378,47.27324],[9.93591,47.2805],[9.9264,47.27719],[9.91611,47.27522],[9.93388,47.26714],[9.94441,47.25445],[9.95143,47.25973],[9.95522,47.26078],[9.96553,47.26252],[9.97627,47.26289],[9.98633,47.26576],[9.99627,47.26324],[10.00346,47.26853],[10.01296,47.26519],[10.02307,47.26279],[10.03167,47.26721],[10.04241,47.26758],[10.05307,47.26909],[10.04515,47.27397],[10.03881,47.28017]],[[10.00052,47.38931],[10.02057,47.39423],[10.01506,47.40046],[9.9939,47.40363],[9.98579,47.40828],[9.97521,47.40768],[9.96493,47.40973],[9.95651,47.40497],[9.94653,47.40748],[9.92556,47.40354],[9.91842,47.39974],[9.92022,47.3982],[9.93082,47.39868],[9.94034,47.39547],[9.95102,47.39481],[9.96154,47.39621],[9.97209,47.39497],[9.98288,47.39511],[9.97657,47.38917],[9.96703,47.38586],[9.97772,47.38508],[9.98831,47.38556],[9.99902,47.38444],[10.00957,47.38549],[10.00052,47.38931]],[[10.00319,47.35972],[10.01109,47.36469],[9.98991,47.36373],[9.97924,47.3621],[9.99275,47.35959],[9.99415,47.35196],[10.0049,47.35256],[10.00319,47.35972]],[[9.9773,47.17802],[9.9844,47.17735],[9.9939,47.18078],[10.00457,47.18195],[10.00689,47.18936],[10.00155,47.19571],[9.99131,47.19776],[9.97052,47.19475],[9.97123,47.18744],[9.96494,47.1816],[9.95606,47.18576],[9.95121,47.19224],[9.94118,47.18925],[9.93646,47.18267],[9.92789,47.17813],[9.91716,47.17775],[9.90813,47.18167],[9.9153,47.18696],[9.90549,47.18994],[9.89921,47.1841],[9.88867,47.18339],[9.88361,47.17702],[9.89121,47.17202],[9.90192,47.17263],[9.91218,47.17013],[9.92153,47.16645],[9.93217,47.16797],[9.95304,47.16526],[9.9579,47.15856],[9.96366,47.16472],[9.97315,47.16814],[9.96897,47.17476],[9.9773,47.17802]],[[9.98809,47.45281],[9.97842,47.44881],[9.98573,47.44356],[9.99513,47.44434],[9.99868,47.45123],[9.98809,47.45281]],[[9.97383,47.05381],[9.99668,47.06916],[9.98618,47.07063],[9.97795,47.07527],[9.97631,47.06799],[9.9702,47.06205],[9.97383,47.05381]],[[9.93382,46.94447],[9.92435,46.94127],[9.93225,46.93628],[9.94138,46.93259],[9.94895,46.92748],[9.94234,46.92186],[9.93815,46.91518],[9.94697,46.91125],[9.95751,46.91116],[9.96796,46.91233],[9.97435,46.91175],[9.97732,46.91232],[9.98169,46.91888],[9.97445,46.92413],[9.96401,46.92514],[9.95805,46.93112],[9.94816,46.93375],[9.93994,46.93862],[9.93382,46.94447]],[[9.97014,46.94873],[9.98027,46.93614],[9.98124,46.94339],[9.97193,46.95635],[9.97056,46.96364],[9.96721,46.97051],[9.95675,46.96934],[9.9467,46.97174],[9.9484,46.96458],[9.95468,46.95873],[9.97014,46.94873]],[[9.79738,47.2429],[9.80793,47.24351],[9.81563,47.24849],[9.82911,47.25046],[9.83363,47.24856],[9.83904,47.25483],[9.8539,47.26522],[9.8519,47.26615],[9.86178,47.26912],[9.87053,47.26748],[9.87655,47.26529],[9.88038,47.26037],[9.8853,47.25654],[9.89514,47.2549],[9.9028,47.26147],[9.89897,47.26639],[9.88202,47.27787],[9.87053,47.28225],[9.86616,47.28717],[9.87272,47.30139],[9.87617,47.30484],[9.88374,47.30479],[9.89327,47.30799],[9.90392,47.30745],[9.91346,47.31065],[9.92409,47.31034],[9.93128,47.31563],[9.92741,47.32237],[9.93009,47.32934],[9.94077,47.33074],[9.95069,47.33327],[9.94781,47.34027],[9.93722,47.3399],[9.9168,47.33575],[9.9112,47.32948],[9.91657,47.32302],[9.90993,47.31729],[9.89941,47.316],[9.8934,47.32197],[9.88424,47.31832],[9.87328,47.31839],[9.87272,47.32582],[9.86252,47.32924],[9.86496,47.31477],[9.85635,47.31057],[9.83489,47.30923],[9.82754,47.30403],[9.82859,47.29685],[9.8391,47.29597],[9.839,47.28852],[9.82849,47.28722],[9.81879,47.28966],[9.8153,47.29154],[9.81092,47.29647],[9.81092,47.30193],[9.81749,47.30631],[9.81639,47.31287],[9.81366,47.31615],[9.8071,47.31506],[9.80491,47.31998],[9.81858,47.33529],[9.82624,47.34076],[9.83225,47.3424],[9.84374,47.34897],[9.85358,47.35279],[9.86342,47.35498],[9.86889,47.35881],[9.86889,47.36482],[9.8492,47.36592],[9.84776,47.36542],[9.83683,47.37438],[9.82785,47.37051],[9.82974,47.36336],[9.82131,47.35893],[9.81466,47.3533],[9.80434,47.35155],[9.80219,47.34449],[9.79869,47.34139],[9.79397,47.34022],[9.78467,47.34623],[9.78194,47.34568],[9.77702,47.33857],[9.78024,47.33439],[9.77782,47.33478],[9.77147,47.34062],[9.76916,47.33343],[9.77239,47.32656],[9.7668,47.32039],[9.7725,47.3143],[9.76168,47.31471],[9.75196,47.31836],[9.74412,47.3238],[9.73908,47.33015],[9.72852,47.33159],[9.72841,47.33938],[9.73542,47.35316],[9.74267,47.35531],[9.75022,47.35498],[9.75624,47.36318],[9.75514,47.37631],[9.75022,47.3774],[9.74421,47.37521],[9.74311,47.3692],[9.73928,47.36264],[9.73591,47.35926],[9.72567,47.35498],[9.72556,47.34776],[9.71,47.33767],[9.71522,47.33133],[9.71629,47.32415],[9.72713,47.32352],[9.7368,47.32055],[9.74539,47.31617],[9.74931,47.30921],[9.76939,47.30445],[9.76416,47.29807],[9.76455,47.29086],[9.75613,47.28643],[9.74879,47.28123],[9.75755,47.27685],[9.76128,47.27],[9.77143,47.26728],[9.78111,47.2705],[9.77396,47.27585],[9.77157,47.28287],[9.77802,47.28872],[9.78136,47.2956],[9.79119,47.29264],[9.80742,47.28303],[9.80949,47.27577],[9.81996,47.27328],[9.82791,47.2683],[9.82998,47.26104],[9.82526,47.25456],[9.81472,47.2559],[9.80388,47.25459],[9.7983,47.24843],[9.7882,47.24623],[9.77752,47.24733],[9.76892,47.24312],[9.75897,47.24562],[9.74791,47.24499],[9.73764,47.243],[9.74744,47.24027],[9.75683,47.23638],[9.76722,47.23469],[9.77749,47.23679],[9.78858,47.23696],[9.79738,47.2429]],[[9.93624,47.12216],[9.92618,47.11974],[9.9178,47.11509],[9.92329,47.11357],[9.94289,47.11621],[9.93624,47.12216]],[[9.94209,47.21999],[9.93261,47.21634],[9.92185,47.2163],[9.9113,47.21799],[9.8911,47.21372],[9.90138,47.21122],[9.92916,47.21071],[9.93959,47.21291],[9.94209,47.21999]],[[9.86939,47.18499],[9.86154,47.1799],[9.86398,47.17219],[9.87113,47.1776],[9.86939,47.18499]],[[9.84765,47.19693],[9.83755,47.19932],[9.82679,47.19927],[9.82896,47.19282],[9.83207,47.19179],[9.84259,47.19045],[9.85332,47.19083],[9.84765,47.19693]],[[9.83334,47.41131],[9.82295,47.4135],[9.82022,47.41185],[9.81967,47.40475],[9.82295,47.39982],[9.82788,47.39873],[9.8328,47.40475],[9.83334,47.41131]]],[[[10.64826,47.49922],[10.64544,47.5],[10.64857,47.5],[10.64826,47.49922]]],[[[13.4991,47.01786],[13.5,47.01811],[13.5,47.01471],[13.4991,47.01786]]],[[[13.49439,47.03296],[13.5,47.03618],[13.5,47.03011],[13.49439,47.03296]]],[[[13.49236,47.04737],[13.483,47.0437],[13.47246,47.04265],[13.46592,47.04836],[13.45721,47.05246],[13.45067,47.05851],[13.44045,47.06078],[13.4324,47.0658],[13.42187,47.06337],[13.41265,47.0669],[13.40193,47.06836],[13.40392,47.07569],[13.42315,47.0818],[13.4332,47.07953],[13.44307,47.08241],[13.45395,47.08312],[13.48477,47.07768],[13.5,47.07359],[13.5,47.04637],[13.49236,47.04737]]],[[[12.97924,47.45684],[12.97092,47.46136],[12.96846,47.46844],[12.97271,47.47415],[13.00535,47.46943],[12.99926,47.46122],[12.98986,47.45761],[12.97924,47.45684]]],[[[12.95269,47.47848],[12.96349,47.47549],[12.96554,47.47197],[12.96141,47.4653],[12.95253,47.46111],[12.94238,47.46333],[12.93321,47.46715],[12.91425,47.46048],[12.90976,47.46708],[12.91337,47.47386],[12.91158,47.48117],[12.9027,47.47699],[12.89452,47.48173],[12.88936,47.48832],[12.88319,47.49434],[12.88375,47.5],[12.91096,47.5],[12.95269,47.47848]]],[[[12.77998,46.64741],[12.77419,46.64919],[12.77702,46.64903],[12.77998,46.64741]]],[[[12.71241,46.65007],[12.71061,46.65095],[12.71156,46.65056],[12.71241,46.65007]]],[[[11.314,47.43744],[11.31337,47.43767],[11.31549,47.43876],[11.314,47.43744]]],[[[10.31455,46.93628],[10.31033,46.94008],[10.30733,46.94731],[10.31609,46.95149],[10.32274,46.95708],[10.32399,46.95645],[10.31455,46.93628]]],[[[10.2136,47.32716],[10.20931,47.33169],[10.21669,47.33698],[10.21942,47.34116],[10.2136,47.32716]]],[[[9.87543,46.94629],[9.87541,46.94641],[9.87546,46.94629],[9.87543,46.94629]]],[[[9.66373,47.05437],[9.65573,47.05496],[9.65793,47.05633],[9.66373,47.05437]]],[[[9.61594,47.16186],[9.61357,47.16579],[9.6163,47.16363],[9.61594,47.16186]]]]},"properties":{"mid":"209","pid":"579","source_citation":"Van Husen, 2004","source_reference":"Van Husen, D. Quaternary glaciations in Austria. in Developments in Quaternary Sciences vol. 2 1\u201313 (Elsevier, 2004)","source_doi":"10.1016/S1571-0866(04)80051-4","source_year":2004,"range":"Central European Highlands","sub_range":"Eastern Alps, German Alpine Foreland, Western Alps","deglaciation_upper_yr":21000,"deglaciation_lower_yr":17000,"area_km2":30916.7187119,"paleo_ela_m":0.0}},{"type":"Feature","geometry":{"type":"MultiPolygon","coordinates":[[[[9.88308,46.91597],[9.87776,46.92231],[9.87923,46.92947],[9.88982,46.93099],[9.88723,46.93546],[9.935,46.91277],[9.99241,46.89128],[9.98911,46.88821],[9.98964,46.88101],[9.97921,46.87961],[9.97243,46.88545],[9.96362,46.88938],[9.94296,46.89312],[9.93233,46.89217],[9.92477,46.89717],[9.91459,46.89922],[9.91579,46.89204],[9.91815,46.88502],[9.92539,46.87978],[9.93583,46.88095],[9.94635,46.88109],[9.95624,46.87846],[9.96676,46.87849],[9.97386,46.87278],[9.99481,46.8742],[10.00089,46.8881],[10.05889,46.86639],[10.0737,46.86166],[10.07552,46.85521],[10.07886,46.84811],[10.0714,46.8427],[10.06133,46.84579],[10.05014,46.84575],[10.03926,46.84389],[10.02843,46.84351],[10.01916,46.84697],[10.01012,46.84276],[9.99956,46.84102],[9.98846,46.84212],[9.98614,46.83494],[9.99646,46.83312],[10.01702,46.83739],[10.0486,46.83939],[10.05846,46.83687],[10.06375,46.83052],[10.05801,46.82448],[10.03759,46.82057],[10.02687,46.82112],[10.01657,46.82282],[10.00768,46.81873],[10.01524,46.81349],[10.02565,46.81489],[10.03287,46.80964],[10.04336,46.81],[10.05336,46.81252],[10.05703,46.80554],[10.05538,46.79827],[10.05821,46.79126],[10.067,46.78732],[10.07199,46.7946],[10.08158,46.79813],[10.0814,46.80534],[10.07386,46.81047],[10.07368,46.81768],[10.07217,46.82485],[10.08162,46.82815],[10.08497,46.83503],[10.09037,46.84128],[10.09885,46.83699],[10.09433,46.83007],[10.09602,46.8228],[10.10211,46.81682],[10.10681,46.80231],[10.11258,46.79621],[10.11541,46.80341],[10.12251,46.80915],[10.12001,46.81628],[10.11505,46.82276],[10.11824,46.82962],[10.11393,46.83624],[10.12018,46.84229],[10.12925,46.84638],[10.13976,46.8465],[10.14918,46.85025],[10.15845,46.84656],[10.15628,46.83938],[10.16127,46.82523],[10.16127,46.81801],[10.16378,46.81076],[10.17392,46.80892],[10.18445,46.80858],[10.18129,46.8157],[10.18415,46.82266],[10.17646,46.82768],[10.17037,46.83366],[10.16869,46.84094],[10.17566,46.84644],[10.17038,46.8528],[10.17965,46.85631],[10.19027,46.85495],[10.19706,46.86055],[10.20672,46.86339],[10.21674,46.86097],[10.22658,46.86359],[10.23321,46.86919],[10.24267,46.87259],[10.25099,46.86817],[10.24539,46.86203],[10.24236,46.85505],[10.23419,46.84998],[10.23048,46.84321],[10.22174,46.83914],[10.21616,46.83289],[10.22996,46.82143],[10.24085,46.82075],[10.24312,46.82186],[10.24823,46.82523],[10.24739,46.83265],[10.24958,46.83971],[10.25312,46.84658],[10.2599,46.85253],[10.26412,46.85931],[10.27356,46.86283],[10.27934,46.86886],[10.27375,46.87498],[10.27815,46.88154],[10.28635,46.88627],[10.29695,46.88775],[10.30665,46.88497],[10.30237,46.89159],[10.30238,46.89893],[10.29164,46.89961],[10.28329,46.90438],[10.27418,46.90077],[10.27282,46.89362],[10.26368,46.88049],[10.25457,46.87688],[10.24454,46.87953],[10.241,46.8853],[10.28921,46.9175],[10.28989,46.91571],[10.30041,46.91582],[10.30705,46.92153],[10.31545,46.92592],[10.32518,46.92291],[10.33061,46.91667],[10.32169,46.9126],[10.32663,46.90612],[10.32763,46.8987],[10.3366,46.89441],[10.34703,46.89588],[10.3567,46.89882],[10.36699,46.89732],[10.37061,46.89056],[10.36433,46.8844],[10.36597,46.87724],[10.36258,46.87037],[10.36522,46.86335],[10.37506,46.86607],[10.37845,46.87293],[10.38099,46.88012],[10.38135,46.88734],[10.37888,46.89448],[10.38745,46.89876],[10.394,46.89312],[10.39842,46.89968],[10.40845,46.90217],[10.41911,46.90273],[10.42786,46.90701],[10.42771,46.91445],[10.43594,46.91906],[10.44276,46.92477],[10.45118,46.92915],[10.45222,46.9364],[10.44266,46.93942],[10.43318,46.93604],[10.42739,46.92979],[10.41723,46.93176],[10.41023,46.92628],[10.4087,46.91901],[10.40205,46.91331],[10.39746,46.90675],[10.38678,46.90653],[10.38664,46.91374],[10.38204,46.92024],[10.39018,46.93378],[10.39221,46.94107],[10.38291,46.93757],[10.37643,46.93186],[10.37284,46.91766],[10.37366,46.91024],[10.36316,46.9098],[10.35313,46.91246],[10.34884,46.91908],[10.35493,46.92569],[10.34638,46.92095],[10.33605,46.92291],[10.33657,46.93015],[10.32731,46.93363],[10.31673,46.93433],[10.31455,46.93628],[10.32399,46.95645],[10.33122,46.95277],[10.35112,46.95799],[10.34052,46.95891],[10.33607,46.96553],[10.34711,46.97814],[10.34964,46.98543],[10.35629,46.99114],[10.36686,46.99079],[10.37616,46.99452],[10.38672,46.99439],[10.3966,46.99687],[10.40839,46.99672],[10.43,46.98416],[10.4875,46.93777],[10.48891,46.93421],[10.47124,46.87135],[10.46532,46.84437],[10.46221,46.84289],[10.4488,46.83079],[10.45428,46.82077],[10.44999,46.80964],[10.45944,46.81752],[10.44913,46.77049],[10.44262,46.7841],[10.43688,46.79034],[10.44318,46.79614],[10.44556,46.8032],[10.42444,46.80221],[10.42035,46.80884],[10.41064,46.81186],[10.40555,46.8054],[10.40635,46.79821],[10.4159,46.79507],[10.42453,46.79052],[10.43171,46.78525],[10.4368,46.77865],[10.44006,46.7642],[10.43955,46.75663],[10.44332,46.74976],[10.44529,46.74249],[10.45151,46.74116],[10.47083,46.63583],[10.48639,46.61944],[10.48659,46.61642],[10.48391,46.6047],[10.47543,46.60022],[10.47865,46.59329],[10.46878,46.59061],[10.46869,46.58329],[10.47632,46.57826],[10.47157,46.57166],[10.47511,46.56486],[10.47452,46.55764],[10.47227,46.55051],[10.46362,46.54636],[10.46139,46.55342],[10.45375,46.55878],[10.45218,46.56596],[10.44835,46.55171],[10.45289,46.54481],[10.45358,46.54081],[10.44972,46.53916],[10.40127,46.54359],[10.40433,46.54671],[10.41266,46.55144],[10.42289,46.54981],[10.42177,46.55699],[10.41801,46.56375],[10.40778,46.56537],[10.40575,46.55821],[10.39865,46.55249],[10.35805,46.5614],[10.34855,46.56442],[10.3492,46.55699],[10.33823,46.55721],[10.32856,46.56034],[10.31857,46.55819],[10.30845,46.56061],[10.30209,46.56636],[10.29978,46.5735],[10.29634,46.58038],[10.28622,46.58257],[10.27653,46.58592],[10.27501,46.57877],[10.28074,46.57266],[10.28838,46.56764],[10.29395,46.5614],[10.29321,46.56021],[10.2475,46.58389],[10.24555,46.58722],[10.24528,46.59111],[10.24694,46.59944],[10.25305,46.61388],[10.25417,46.61805],[10.25361,46.62222],[10.24166,46.63667],[10.23861,46.63889],[10.23333,46.64],[10.18111,46.63222],[10.15833,46.62456],[10.15064,46.62335],[10.14702,46.6301],[10.14919,46.63716],[10.14104,46.6323],[10.13652,46.62562],[10.13453,46.61834],[10.12529,46.61493],[10.11939,46.62092],[10.12038,46.62817],[10.1117,46.62387],[10.10676,46.63023],[10.10875,46.63751],[10.11445,46.64389],[10.10503,46.64071],[10.09863,46.64656],[10.09011,46.64226],[10.08473,46.63601],[10.07428,46.63565],[10.0726,46.64292],[10.05634,46.63297],[10.05621,46.62552],[10.0664,46.62713],[10.08801,46.6273],[10.09409,46.6212],[10.09855,46.6146],[10.09708,46.60011],[10.09775,46.59292],[10.09136,46.58697],[10.08083,46.58775],[10.06253,46.59515],[10.05234,46.59342],[10.06002,46.5883],[10.06939,46.58507],[10.07531,46.57886],[10.07665,46.57169],[10.08413,46.57547],[10.0525,46.54305],[10.05028,46.53999],[10.04965,46.53631],[10.04893,46.53647],[10.04961,46.52928],[10.05144,46.52212],[10.04151,46.51938],[10.03735,46.51259],[10.04293,46.50648],[10.04486,46.50801],[10.04422,46.48872],[10.03987,46.48667],[10.03693,46.48129],[10.04429,46.47798],[10.045,46.44917],[10.04667,46.44583],[10.04917,46.44305],[10.05556,46.43833],[10.07396,46.42987],[10.07807,46.42245],[10.08804,46.4197],[10.08863,46.42416],[10.09278,46.42333],[10.14838,46.39325],[10.14925,46.3897],[10.154,46.38322],[10.15521,46.3836],[10.16852,46.31642],[10.16577,46.31568],[10.16363,46.30839],[10.15344,46.30988],[10.14805,46.31612],[10.14756,46.32332],[10.141,46.31771],[10.13067,46.31644],[10.12624,46.32317],[10.12973,46.33004],[10.11881,46.33242],[10.11406,46.3389],[10.11504,46.34616],[10.1216,46.35176],[10.12126,46.35897],[10.12973,46.36327],[10.1339,46.36994],[10.13225,46.3771],[10.13795,46.38314],[10.12966,46.37862],[10.12327,46.3729],[10.11808,46.36665],[10.10871,46.36335],[10.10302,46.3572],[10.10468,46.35004],[10.09446,46.34717],[10.09232,46.33999],[10.10025,46.33534],[10.10452,46.32873],[10.10992,46.32238],[10.11643,46.31676],[10.12436,46.3121],[10.13025,46.30589],[10.13971,46.30289],[10.13089,46.29904],[10.13228,46.29469],[10.17396,46.28894],[10.17722,46.2725],[10.1725,46.25722],[10.16972,46.25444],[10.14083,46.23333],[10.13,46.22722],[10.07526,46.22039],[10.07724,46.22494],[10.07404,46.23123],[10.07206,46.2383],[10.0738,46.24518],[10.07705,46.25138],[10.07803,46.25849],[10.0688,46.26928],[10.06238,46.27274],[10.05538,46.2749],[10.04975,46.27918],[10.04603,46.28541],[10.03938,46.28775],[10.03235,46.2876],[10.02688,46.28932],[10.02674,46.28756],[10.02585,46.28936],[10.01943,46.29218],[10.01249,46.29412],[10.00539,46.29384],[10.00099,46.29971],[9.99996,46.29957],[9.99792,46.30638],[9.99211,46.30693],[9.99083,46.30492],[9.98448,46.32508],[9.99507,46.32092],[10.0,46.3203],[10.0,46.31663],[10.00101,46.31545],[10.0134,46.31307],[10.01199,46.31601],[10.01394,46.32341],[10.00709,46.32902],[10.00298,46.33563],[10.00917,46.34158],[10.01399,46.34816],[10.01446,46.3554],[10.02291,46.35993],[10.01747,46.3665],[10.00952,46.37126],[9.99932,46.37274],[9.98995,46.36943],[9.98196,46.37465],[9.99849,46.38417],[10.00504,46.38978],[10.0146,46.39275],[10.02272,46.39728],[10.01353,46.40074],[10.00314,46.40014],[9.99629,46.40563],[9.98594,46.40676],[9.97734,46.4202],[9.96815,46.42366],[9.96613,46.43092],[9.96007,46.43678],[9.95283,46.43148],[9.95287,46.42415],[9.95586,46.41715],[9.96209,46.4113],[9.97021,46.40666],[9.97304,46.39954],[9.97024,46.39257],[9.96507,46.3862],[9.95473,46.38491],[9.94416,46.38465],[9.93642,46.37956],[9.9267,46.37658],[9.91858,46.38122],[9.91651,46.39592],[9.91286,46.40267],[9.917,46.40946],[9.91513,46.41684],[9.90811,46.42221],[9.9084,46.42955],[9.90969,46.43681],[9.90735,46.44383],[9.91251,46.45021],[9.91149,46.45739],[9.90192,46.45441],[9.89694,46.44781],[9.89633,46.44046],[9.89371,46.43326],[9.88734,46.42753],[9.88505,46.42046],[9.89607,46.40802],[9.9023,46.40217],[9.90184,46.39494],[9.90354,46.38767],[9.90258,46.38041],[9.89207,46.37923],[9.88224,46.38232],[9.87714,46.38866],[9.87089,46.39474],[9.86296,46.38998],[9.86503,46.38227],[9.87252,46.37727],[9.86352,46.37362],[9.84228,46.37433],[9.83278,46.37742],[9.82717,46.38375],[9.82466,46.39076],[9.82325,46.39839],[9.8252,46.40556],[9.84479,46.42266],[9.84774,46.42976],[9.84768,46.43709],[9.84863,46.44435],[9.86071,46.46461],[9.85102,46.46116],[9.84329,46.45595],[9.83798,46.44934],[9.83587,46.44216],[9.83173,46.43548],[9.81747,46.42453],[9.81181,46.41836],[9.80919,46.41139],[9.81115,46.38981],[9.80887,46.38273],[9.80877,46.37528],[9.80766,46.36802],[9.80953,46.36087],[9.80403,46.35471],[9.79621,46.35969],[9.78623,46.36253],[9.77582,46.37532],[9.77322,46.36812],[9.7723,46.36075],[9.77302,46.35345],[9.76277,46.35547],[9.75387,46.35927],[9.75184,46.36641],[9.74017,46.38683],[9.73266,46.39193],[9.73339,46.38463],[9.73608,46.37762],[9.73588,46.36295],[9.74151,46.35651],[9.75445,46.34519],[9.7635,46.34152],[9.7656,46.33869],[9.74164,46.32169],[9.74257,46.33781],[9.73546,46.34875],[9.72835,46.34929],[9.72452,46.33836],[9.72178,46.31867],[9.71632,46.30937],[9.70702,46.31812],[9.70483,46.33125],[9.70866,46.3482],[9.70866,46.36461],[9.69936,46.36898],[9.69225,46.36461],[9.68405,46.35531],[9.67202,46.34765],[9.65671,46.33453],[9.65069,46.33234],[9.64577,46.33562],[9.63866,46.33726],[9.62718,46.33289],[9.61569,46.32414],[9.61733,46.31922],[9.61569,46.31265],[9.60913,46.30883],[9.59436,46.30773],[9.57413,46.31375],[9.55937,46.31156],[9.54727,46.30554],[9.5425,46.30694],[9.52139,46.31972],[9.5,46.34186],[9.5,46.36186],[9.50292,46.36375],[9.51454,46.36454],[9.52175,46.36342],[9.52917,46.36459],[9.5375,46.36342],[9.54583,46.3658],[9.55417,46.36707],[9.57083,46.36837],[9.57917,46.36298],[9.58612,46.36388],[9.59583,46.36384],[9.60196,46.36471],[9.60417,46.36647],[9.61321,46.37012],[9.61422,46.37083],[9.61481,46.37314],[9.6124,46.37917],[9.60712,46.38212],[9.60054,46.38388],[9.59607,46.3875],[9.60417,46.39355],[9.61507,46.39326],[9.62083,46.39446],[9.62325,46.39583],[9.6255,46.3995],[9.63066,46.40267],[9.63186,46.40417],[9.63446,46.4125],[9.63283,46.42083],[9.63521,46.42312],[9.6375,46.4236],[9.64033,46.42634],[9.64187,46.42917],[9.64113,46.4328],[9.6375,46.43591],[9.63335,46.43332],[9.62917,46.4319],[9.62455,46.43289],[9.62222,46.4375],[9.62127,46.44583],[9.6242,46.45081],[9.62722,46.45417],[9.61971,46.47083],[9.61878,46.47712],[9.61748,46.47917],[9.61764,46.4875],[9.61517,46.49017],[9.60417,46.49607],[9.5984,46.48493],[9.59583,46.48277],[9.5927,46.4823],[9.5875,46.47452],[9.5852,46.47687],[9.5865,46.4875],[9.58221,46.49055],[9.57065,46.49565],[9.5625,46.49875],[9.55417,46.49987],[9.55153,46.50153],[9.55114,46.50417],[9.55305,46.50529],[9.55968,46.50699],[9.57083,46.51282],[9.57917,46.5125],[9.59467,46.52199],[9.60102,46.52917],[9.60077,46.53256],[9.60417,46.53543],[9.6045,46.53783],[9.59726,46.5375],[9.59679,46.53654],[9.58748,46.54582],[9.59111,46.55055],[9.59267,46.55417],[9.59043,46.55709],[9.5875,46.55751],[9.58496,46.5567],[9.58107,46.55417],[9.58066,46.55267],[9.57792,46.55292],[9.57083,46.55618],[9.56238,46.54595],[9.56227,46.5375],[9.55545,46.52788],[9.55024,46.52476],[9.54583,46.52061],[9.5375,46.51767],[9.5347,46.51804],[9.53109,46.52083],[9.53362,46.52471],[9.53853,46.53647],[9.53881,46.5375],[9.5375,46.53872],[9.52917,46.54025],[9.52709,46.53958],[9.52379,46.5375],[9.51561,46.52917],[9.5125,46.52714],[9.5065,46.52917],[9.50537,46.53037],[9.50387,46.5375],[9.50593,46.54583],[9.51301,46.55417],[9.51548,46.55952],[9.52083,46.56312],[9.52645,46.57083],[9.53279,46.57554],[9.53567,46.57917],[9.5319,46.5819],[9.52917,46.58262],[9.52083,46.58175],[9.51779,46.58221],[9.51355,46.57812],[9.50959,46.57917],[9.51142,46.58025],[9.5125,46.5875],[9.51149,46.59583],[9.51697,46.60417],[9.51944,46.6125],[9.5125,46.62117],[9.50742,46.62917],[9.50446,46.6378],[9.50371,46.6375],[9.50142,46.62917],[9.5,46.62733],[9.5,46.75764],[9.50634,46.75634],[9.51066,46.74583],[9.50749,46.74251],[9.50019,46.7375],[9.50097,46.7343],[9.5125,46.72165],[9.51407,46.7224],[9.51966,46.722],[9.51942,46.72776],[9.52223,46.7375],[9.52887,46.74583],[9.52607,46.7594],[9.52396,46.7625],[9.51457,46.76457],[9.5125,46.76658],[9.50946,46.77083],[9.50999,46.77917],[9.50417,46.7871],[9.5,46.78666],[9.5,47.28172],[9.50019,47.28495],[9.51202,47.30046],[9.51834,47.31207],[9.51754,47.31597],[9.50949,47.31321],[9.5,47.30838],[9.5,47.3752],[9.5014,47.38232],[9.5,47.38384],[9.5,47.5],[9.55963,47.5],[9.5675,47.4911],[9.59028,47.47028],[9.59417,47.46833],[9.61167,47.46889],[9.64694,47.46027],[9.65111,47.45833],[9.65361,47.45555],[9.67333,47.39861],[9.67305,47.395],[9.67,47.38777],[9.665,47.38139],[9.65055,47.37305],[9.64167,47.37],[9.63139,47.36805],[9.62583,47.36722],[9.61444,47.36749],[9.60528,47.35999],[9.54,47.28416],[9.53357,47.27454],[9.56639,47.24389],[9.59089,47.20333],[9.58726,47.20131],[9.56265,47.1685],[9.55718,47.15702],[9.56046,47.14991],[9.56811,47.14608],[9.57632,47.15209],[9.57741,47.15647],[9.58452,47.16631],[9.59163,47.16959],[9.59546,47.17725],[9.59491,47.18983],[9.5957,47.19536],[9.61045,47.17096],[9.60912,47.16932],[9.61357,47.16579],[9.61594,47.16186],[9.61485,47.15647],[9.60423,47.15492],[9.60747,47.14805],[9.61609,47.13485],[9.62339,47.12963],[9.6196,47.1225],[9.60923,47.12405],[9.60401,47.1305],[9.59544,47.13476],[9.58601,47.13084],[9.5822,47.12405],[9.58936,47.11848],[9.59903,47.12137],[9.6076,47.11711],[9.61364,47.11092],[9.62178,47.09737],[9.61778,47.09068],[9.60755,47.0927],[9.59992,47.09791],[9.59781,47.09072],[9.6027,47.08415],[9.60195,47.07678],[9.6091,47.07133],[9.60146,47.06622],[9.59162,47.06344],[9.58968,47.07081],[9.57506,47.08148],[9.57214,47.08859],[9.56782,47.08189],[9.56774,47.07456],[9.5752,47.06946],[9.5791,47.06273],[9.56968,47.05893],[9.55084,47.06577],[9.55193,47.05859],[9.55,47.05141],[9.55554,47.04509],[9.5741,47.03744],[9.57437,47.03],[9.58431,47.02728],[9.58839,47.02033],[9.59424,47.01426],[9.59747,47.00739],[9.60768,47.00537],[9.6164,47.00949],[9.61936,47.01647],[9.62404,47.02296],[9.61441,47.02603],[9.60362,47.02676],[9.59729,47.03259],[9.58685,47.03105],[9.58778,47.03831],[9.58173,47.04472],[9.59197,47.0466],[9.60177,47.04354],[9.60697,47.04981],[9.61552,47.05403],[9.62234,47.04845],[9.64333,47.04592],[9.65573,47.05496],[9.66373,47.05437],[9.67736,47.05018],[9.68575,47.0458],[9.70381,47.04482],[9.71483,47.04264],[9.72547,47.04166],[9.73584,47.04411],[9.74607,47.04197],[9.75336,47.03651],[9.7639,47.03678],[9.77282,47.04066],[9.78665,47.03839],[9.7915,47.03527],[9.79662,47.02102],[9.80732,47.02129],[9.81753,47.01926],[9.82561,47.0144],[9.83478,47.0106],[9.85238,47.0149],[9.85863,47.02086],[9.86424,47.02467],[9.87556,47.02249],[9.88895,47.00728],[9.88716,47.00458],[9.8872,46.99725],[9.88164,46.99109],[9.8795,46.98391],[9.86983,46.98104],[9.86804,46.97376],[9.86454,46.96687],[9.87258,46.95341],[9.87543,46.94629],[9.86494,46.94591],[9.85471,46.94853],[9.83782,46.9572],[9.83636,46.95004],[9.84297,46.94444],[9.83276,46.94235],[9.82772,46.93598],[9.83565,46.93065],[9.84464,46.92685],[9.84915,46.92025],[9.85968,46.92029],[9.86725,46.91529],[9.87507,46.91244],[9.88308,46.91597]],[[9.87402,46.91198],[9.87537,46.91233],[9.87507,46.91244],[9.87402,46.91198]],[[9.8767,46.91185],[9.87812,46.91304],[9.87537,46.91233],[9.8767,46.91185]],[[10.35629,46.7783],[10.34599,46.78027],[10.33761,46.77588],[10.3409,46.76899],[10.34937,46.76445],[10.35183,46.75743],[10.34183,46.75997],[10.32664,46.77026],[10.32259,46.76348],[10.32802,46.75701],[10.33666,46.75248],[10.3306,46.74575],[10.3284,46.7387],[10.33892,46.73846],[10.34949,46.73983],[10.35767,46.74467],[10.37897,46.74511],[10.38663,46.74008],[10.38104,46.73384],[10.39174,46.73314],[10.40082,46.7293],[10.40799,46.72403],[10.40963,46.71675],[10.39915,46.71665],[10.39008,46.72037],[10.37949,46.72176],[10.36882,46.722],[10.37095,46.71485],[10.37924,46.7103],[10.38415,46.70392],[10.39455,46.70276],[10.40092,46.697],[10.41131,46.69595],[10.41783,46.69032],[10.42132,46.69042],[10.42556,46.69182],[10.42559,46.69915],[10.43483,46.70299],[10.43437,46.71019],[10.42849,46.71619],[10.43019,46.72335],[10.42398,46.72934],[10.41443,46.73271],[10.41147,46.73983],[10.40286,46.74414],[10.40557,46.7511],[10.39792,46.75613],[10.40232,46.7628],[10.40402,46.76995],[10.3978,46.77583],[10.38983,46.78051],[10.39309,46.75861],[10.38381,46.75512],[10.37695,46.76063],[10.36804,46.76447],[10.3684,46.7717],[10.3633,46.77818],[10.36018,46.78507],[10.35629,46.7783]],[[10.37932,46.6607],[10.38806,46.65674],[10.3954,46.65135],[10.38981,46.64522],[10.38897,46.64279],[10.39356,46.63606],[10.40394,46.63501],[10.40953,46.64114],[10.40591,46.64825],[10.40036,46.65437],[10.39838,46.66176],[10.40125,46.66883],[10.39437,46.68248],[10.37695,46.67403],[10.37424,46.66707],[10.37932,46.6607]],[[10.33404,46.58801],[10.35478,46.58088],[10.36383,46.58472],[10.35974,46.59135],[10.35022,46.59471],[10.34163,46.59891],[10.33164,46.60168],[10.32399,46.60682],[10.31762,46.61268],[10.29965,46.62035],[10.29183,46.62548],[10.28914,46.61852],[10.30028,46.60594],[10.31843,46.59793],[10.33404,46.58801]],[[10.2854,46.70409],[10.27478,46.70363],[10.26768,46.69779],[10.25985,46.69284],[10.24947,46.69376],[10.23147,46.70142],[10.23231,46.70866],[10.22802,46.71539],[10.22753,46.72259],[10.21911,46.73607],[10.21677,46.74355],[10.20246,46.72383],[10.21349,46.71113],[10.20548,46.7064],[10.1983,46.71166],[10.1892,46.7156],[10.18232,46.7211],[10.17182,46.72121],[10.17757,46.7151],[10.18603,46.7108],[10.17641,46.70784],[10.17153,46.70138],[10.1818,46.69977],[10.1893,46.69475],[10.19909,46.6976],[10.20923,46.69553],[10.21967,46.69622],[10.21648,46.68924],[10.21126,46.68288],[10.22179,46.6846],[10.23066,46.68879],[10.24104,46.69039],[10.2589,46.68238],[10.26301,46.67564],[10.26433,46.66847],[10.27071,46.66272],[10.27835,46.66778],[10.26947,46.68101],[10.28003,46.67997],[10.28987,46.6772],[10.29801,46.67242],[10.30152,46.66715],[10.31058,46.66355],[10.3207,46.66147],[10.3234,46.66843],[10.32949,46.67447],[10.33672,46.68844],[10.3263,46.68742],[10.32072,46.68129],[10.31001,46.6822],[10.3006,46.68602],[10.28656,46.6968],[10.2854,46.70409]],[[10.29953,46.85668],[10.28405,46.85584],[10.28012,46.85479],[10.27296,46.84952],[10.26312,46.84691],[10.26675,46.84004],[10.2769,46.83808],[10.28547,46.84225],[10.28766,46.84942],[10.29815,46.84987],[10.30816,46.85249],[10.29953,46.85668]],[[10.27358,46.74873],[10.26317,46.74988],[10.25929,46.74311],[10.24889,46.74414],[10.24654,46.73697],[10.25566,46.7328],[10.25246,46.72582],[10.25512,46.71857],[10.2727,46.72716],[10.27407,46.73156],[10.2816,46.73593],[10.28463,46.74302],[10.28885,46.74968],[10.28037,46.75422],[10.27358,46.74873]],[[10.15509,46.75101],[10.14465,46.7502],[10.13959,46.74384],[10.14225,46.73672],[10.14276,46.72951],[10.13297,46.72655],[10.12296,46.72908],[10.12428,46.74356],[10.12015,46.75018],[10.11267,46.74511],[10.11168,46.73786],[10.10818,46.73075],[10.1215,46.71906],[10.13059,46.71536],[10.14098,46.71433],[10.15114,46.71674],[10.15484,46.7235],[10.16618,46.72572],[10.17453,46.73023],[10.18027,46.73638],[10.18245,46.74344],[10.17566,46.73795],[10.16678,46.73387],[10.15715,46.73091],[10.15107,46.7369],[10.1519,46.74414],[10.15509,46.75101]],[[10.06197,46.76905],[10.05604,46.77503],[10.04798,46.78037],[10.04333,46.7872],[10.0418,46.79448],[10.03137,46.79343],[10.0212,46.79101],[10.01515,46.78473],[10.02599,46.78465],[10.03998,46.77574],[10.0442,46.77497],[10.05142,46.7696],[10.06197,46.76905]],[[10.03399,46.7407],[10.02845,46.73432],[10.01959,46.73],[10.01511,46.73672],[10.00659,46.73242],[10.00104,46.72627],[9.99375,46.72108],[9.9882,46.71493],[9.98773,46.70758],[9.98218,46.70143],[9.97278,46.69789],[9.96235,46.69936],[9.95978,46.71405],[9.95392,46.70765],[9.94733,46.70204],[9.93761,46.70513],[9.92764,46.7026],[9.92685,46.69524],[9.9292,46.68822],[9.93976,46.68722],[9.94738,46.6923],[9.95789,46.6921],[9.957,46.6837],[9.95463,46.68201],[9.95433,46.67467],[9.97053,46.66481],[9.97916,46.66053],[9.98916,46.65813],[9.98599,46.66501],[9.97845,46.67036],[9.97446,46.6771],[9.98504,46.67816],[9.99532,46.67645],[9.99019,46.68292],[9.99695,46.68843],[10.00696,46.6858],[10.01743,46.68605],[10.02649,46.68968],[10.02966,46.69655],[10.03801,46.70097],[10.04833,46.69869],[10.05666,46.70321],[10.04945,46.70858],[10.0291,46.70444],[10.01865,46.70385],[10.00999,46.70847],[10.01958,46.71167],[10.02754,46.71676],[10.02307,46.72337],[10.03123,46.72812],[10.03764,46.73395],[10.03399,46.7407]],[[10.02063,46.45655],[10.03021,46.45242],[10.03735,46.44762],[10.04441,46.45314],[10.03739,46.45862],[10.02803,46.46208],[10.02063,46.45655]],[[9.93885,46.82193],[9.94039,46.81465],[9.93603,46.80808],[9.94279,46.80248],[9.94064,46.79541],[9.94835,46.7903],[9.94757,46.78282],[9.95399,46.77709],[9.95766,46.77023],[9.95623,46.76251],[9.9708,46.75935],[9.9726,46.76663],[9.98322,46.76506],[9.98292,46.75771],[10.00179,46.76422],[9.98482,46.7729],[9.99334,46.77721],[9.99527,46.78519],[10.00247,46.79162],[9.99276,46.79449],[9.98334,46.79096],[9.98037,46.78363],[9.97533,46.77727],[9.9647,46.77667],[9.96366,46.78396],[9.96016,46.79083],[9.96416,46.79773],[9.95519,46.80166],[9.95071,46.80826],[9.95217,46.81553],[9.94637,46.82185],[9.93366,46.83344],[9.93033,46.82656],[9.93885,46.82193]],[[9.91349,46.76328],[9.91733,46.75643],[9.92504,46.75143],[9.93259,46.74162],[9.93481,46.73413],[9.94766,46.72256],[9.95691,46.7191],[9.96561,46.72319],[9.96358,46.73045],[9.95305,46.73088],[9.94695,46.73674],[9.94526,46.7439],[9.93708,46.74865],[9.92826,46.76197],[9.92183,46.7677],[9.91349,46.76328]],[[9.93942,46.62384],[9.94528,46.62565],[9.95168,46.63138],[9.941,46.6318],[9.93232,46.62771],[9.93942,46.62384]],[[9.91621,46.66346],[9.90788,46.65904],[9.89714,46.66026],[9.89006,46.65485],[9.89066,46.64009],[9.88936,46.63294],[9.8792,46.63085],[9.86241,46.63964],[9.86212,46.63241],[9.86578,46.62567],[9.86665,46.61848],[9.84858,46.61107],[9.84065,46.60608],[9.82698,46.6175],[9.82894,46.62468],[9.81897,46.62237],[9.80879,46.62497],[9.81441,46.61888],[9.82272,46.61448],[9.81369,46.61071],[9.79282,46.60972],[9.79019,46.60275],[9.81149,46.60467],[9.82513,46.5936],[9.8349,46.59625],[9.84531,46.59491],[9.85345,46.59944],[9.86363,46.60107],[9.88478,46.60287],[9.87725,46.60798],[9.88277,46.61414],[9.89323,46.6144],[9.89935,46.62826],[9.90656,46.62301],[9.9164,46.62039],[9.92184,46.62322],[9.919,46.63022],[9.91036,46.63461],[9.90491,46.64083],[9.9151,46.64245],[9.91225,46.64957],[9.91708,46.65616],[9.91621,46.66346]],[[9.83524,46.67785],[9.84268,46.68293],[9.85246,46.68581],[9.86025,46.69067],[9.87076,46.69036],[9.88033,46.68716],[9.88754,46.68192],[9.89778,46.68079],[9.91179,46.68725],[9.90959,46.69439],[9.91156,46.70157],[9.91052,46.70886],[9.908,46.71588],[9.89983,46.72051],[9.89024,46.72395],[9.88382,46.72968],[9.88336,46.72244],[9.89123,46.71745],[9.89636,46.71111],[9.89921,46.70411],[9.89539,46.69732],[9.89742,46.69018],[9.887,46.69141],[9.8776,46.69462],[9.87035,46.70032],[9.8498,46.69683],[9.84598,46.69004],[9.83732,46.6856],[9.82837,46.6894],[9.82585,46.69641],[9.83311,46.70161],[9.83267,46.71626],[9.8277,46.72261],[9.83117,46.72961],[9.82196,46.72572],[9.82317,46.71855],[9.82104,46.71148],[9.82472,46.70474],[9.82175,46.69775],[9.81236,46.6942],[9.81505,46.6872],[9.82244,46.68197],[9.81899,46.67485],[9.79322,46.6613],[9.80389,46.661],[9.81429,46.66207],[9.83074,46.67127],[9.83524,46.67785]],[[9.87101,47.00767],[9.87815,47.01296],[9.87043,47.01315],[9.87101,47.00767]],[[9.87345,46.67224],[9.8653,46.66771],[9.86284,46.66051],[9.8672,46.65345],[9.87535,46.65799],[9.8763,46.66524],[9.87345,46.67224]],[[9.80602,46.85211],[9.79528,46.85275],[9.78468,46.85156],[9.77705,46.84658],[9.76688,46.84414],[9.75855,46.83948],[9.76355,46.83313],[9.77314,46.83005],[9.78357,46.83112],[9.78775,46.82451],[9.79608,46.82917],[9.80237,46.82333],[9.81217,46.8262],[9.81966,46.82866],[9.82136,46.83044],[9.8165,46.83725],[9.81813,46.84441],[9.81591,46.85155],[9.83205,46.86131],[9.8213,46.86206],[9.8126,46.85785],[9.80602,46.85211]],[[9.80797,46.54152],[9.79873,46.54508],[9.78835,46.54618],[9.79154,46.5392],[9.78241,46.52614],[9.78185,46.51168],[9.79077,46.50789],[9.79055,46.5151],[9.79657,46.52105],[9.79586,46.52824],[9.81514,46.53456],[9.82944,46.54529],[9.82839,46.5504],[9.81856,46.55302],[9.81008,46.5487],[9.80797,46.54152]],[[9.82158,47.0013],[9.82266,47.00466],[9.81396,47.00893],[9.81668,47.00181],[9.82158,47.0013]],[[9.77176,46.68503],[9.7616,46.68294],[9.73021,46.68188],[9.73665,46.67617],[9.74723,46.67702],[9.76483,46.66908],[9.77109,46.6677],[9.77869,46.6728],[9.78924,46.6741],[9.79846,46.67765],[9.78806,46.67876],[9.77723,46.67882],[9.77176,46.68503]],[[9.71997,46.60999],[9.71087,46.61366],[9.70508,46.61975],[9.70111,46.61307],[9.69246,46.60884],[9.68664,46.61516],[9.6879,46.62242],[9.67817,46.62572],[9.6751,46.63306],[9.66942,46.627],[9.67295,46.62014],[9.66305,46.61701],[9.65127,46.62929],[9.64135,46.62639],[9.63364,46.63137],[9.62402,46.63524],[9.61836,46.62895],[9.62624,46.62398],[9.6352,46.62008],[9.64212,46.61461],[9.66256,46.61058],[9.66396,46.6033],[9.67024,46.59746],[9.68063,46.59636],[9.69941,46.6028],[9.69748,46.59563],[9.69317,46.58905],[9.69928,46.5832],[9.709,46.58001],[9.71446,46.5738],[9.71882,46.56686],[9.7212,46.55973],[9.7157,46.55357],[9.70555,46.55169],[9.69677,46.5556],[9.69195,46.56207],[9.68908,46.56907],[9.68296,46.57502],[9.68137,46.56774],[9.67397,46.56253],[9.66831,46.55636],[9.67282,46.54966],[9.67553,46.54265],[9.67275,46.53567],[9.68229,46.5326],[9.68839,46.52675],[9.69256,46.52015],[9.69096,46.51298],[9.6953,46.50627],[9.69438,46.4989],[9.68445,46.49646],[9.68083,46.48968],[9.6912,46.49076],[9.69966,46.49498],[9.70377,46.50189],[9.70893,46.50816],[9.71686,46.51293],[9.72516,46.50854],[9.72069,46.50195],[9.71826,46.49476],[9.72655,46.49919],[9.7281,46.49192],[9.73114,46.48481],[9.73837,46.49001],[9.74284,46.4966],[9.73931,46.50368],[9.74932,46.50085],[9.74804,46.4937],[9.75253,46.4871],[9.76154,46.49076],[9.77017,46.48638],[9.77288,46.47915],[9.78098,46.4838],[9.78963,46.48355],[9.79162,46.4858],[9.77545,46.49552],[9.76227,46.50729],[9.76547,46.52185],[9.7679,46.52916],[9.75776,46.53141],[9.75482,46.52432],[9.75455,46.51697],[9.74442,46.51499],[9.73847,46.52107],[9.72836,46.52298],[9.71897,46.52641],[9.71238,46.53213],[9.7095,46.53924],[9.73061,46.539],[9.73103,46.54646],[9.74004,46.55024],[9.74503,46.55661],[9.75554,46.55608],[9.76402,46.5603],[9.77341,46.56351],[9.77892,46.56967],[9.74803,46.5652],[9.73718,46.56583],[9.72996,46.57106],[9.73896,46.57506],[9.72942,46.57803],[9.72299,46.58386],[9.71865,46.59058],[9.71238,46.59641],[9.71788,46.60269],[9.71997,46.60999]],[[9.78589,46.80737],[9.7881,46.81123],[9.78713,46.81303],[9.77678,46.81093],[9.78589,46.80737]],[[9.77085,46.95544],[9.77786,46.9557],[9.78326,46.95727],[9.77518,46.96225],[9.77085,46.95544]],[[9.65333,46.8988],[9.65092,46.89126],[9.64276,46.8866],[9.63355,46.88269],[9.62715,46.87695],[9.62084,46.88278],[9.62043,46.88999],[9.61457,46.88381],[9.61195,46.87683],[9.60146,46.87631],[9.59525,46.87046],[9.58798,46.86525],[9.59845,46.866],[9.61885,46.86999],[9.62208,46.863],[9.63265,46.86238],[9.64328,46.86324],[9.65359,46.86168],[9.66422,46.86254],[9.67478,46.86214],[9.68535,46.86368],[9.69619,46.86386],[9.70625,46.86126],[9.71461,46.85687],[9.71707,46.85318],[9.72668,46.84345],[9.73016,46.85034],[9.73831,46.855],[9.7481,46.858],[9.75555,46.8632],[9.77611,46.86751],[9.76791,46.87202],[9.75902,46.86803],[9.74939,46.86515],[9.74123,46.86049],[9.71981,46.86096],[9.7174,46.86832],[9.72432,46.87385],[9.72425,46.88118],[9.72553,46.88833],[9.72068,46.8948],[9.71065,46.88193],[9.70871,46.87476],[9.70055,46.8701],[9.69472,46.87629],[9.66367,46.87157],[9.65336,46.87302],[9.65313,46.88023],[9.66627,46.89161],[9.66028,46.89758],[9.65902,46.90509],[9.65333,46.8988]],[[9.76362,46.79108],[9.77361,46.79351],[9.76479,46.79754],[9.75435,46.79875],[9.74938,46.79399],[9.75271,46.79193],[9.76362,46.79108]],[[9.7203,46.45129],[9.71096,46.44761],[9.7068,46.45433],[9.68619,46.43797],[9.6781,46.43319],[9.66013,46.42563],[9.66071,46.41832],[9.65995,46.41107],[9.67037,46.41124],[9.67972,46.41458],[9.68047,46.42194],[9.68999,46.42528],[9.69159,46.43244],[9.7002,46.43678],[9.70938,46.44022],[9.73038,46.44089],[9.73776,46.44621],[9.74297,46.44744],[9.74592,46.45442],[9.7551,46.45798],[9.76075,46.46426],[9.7508,46.46641],[9.74029,46.46728],[9.73148,46.46317],[9.72752,46.45649],[9.7203,46.45129]],[[9.70437,47.01154],[9.71078,47.0174],[9.71933,47.02161],[9.72698,47.02659],[9.73759,47.02595],[9.74294,47.01962],[9.75542,47.0273],[9.75153,47.03415],[9.74098,47.0341],[9.71992,47.03114],[9.71045,47.02793],[9.70023,47.03007],[9.70013,47.02284],[9.6932,47.0172],[9.69394,47.00989],[9.70437,47.01154]],[[9.74132,46.77948],[9.74777,46.78018],[9.74278,46.78652],[9.73725,46.78036],[9.74132,46.77948]],[[9.73451,46.7641],[9.73732,46.76649],[9.72929,46.77112],[9.72413,46.76463],[9.73451,46.7641]],[[9.58824,46.78297],[9.59244,46.77637],[9.59451,46.76923],[9.59501,46.75469],[9.59122,46.7479],[9.58861,46.74092],[9.59102,46.7338],[9.59969,46.72954],[9.60044,46.72224],[9.58991,46.72264],[9.5844,46.71646],[9.58698,46.70934],[9.58838,46.70218],[9.59501,46.69636],[9.60567,46.69642],[9.60946,46.70322],[9.61822,46.70401],[9.62326,46.70352],[9.62418,46.71077],[9.62659,46.7182],[9.63709,46.71814],[9.66872,46.7206],[9.67849,46.72361],[9.68621,46.72928],[9.69255,46.73548],[9.70087,46.74003],[9.71047,46.74303],[9.71772,46.74834],[9.72205,46.75492],[9.71228,46.75192],[9.69455,46.74404],[9.68713,46.74937],[9.68213,46.743],[9.67331,46.73854],[9.6639,46.73532],[9.65821,46.72926],[9.64824,46.72682],[9.63753,46.72733],[9.61869,46.73371],[9.63714,46.74072],[9.64711,46.74316],[9.65348,46.74902],[9.64421,46.75245],[9.62359,46.74971],[9.61507,46.75409],[9.6187,46.76087],[9.62909,46.7623],[9.63118,46.7696],[9.63042,46.77702],[9.63782,46.78258],[9.643,46.78885],[9.65965,46.79773],[9.65208,46.80272],[9.64155,46.80289],[9.63673,46.79629],[9.63481,46.78899],[9.62792,46.78335],[9.62464,46.77634],[9.61863,46.77004],[9.60818,46.77147],[9.60794,46.77868],[9.60653,46.78585],[9.60897,46.79294],[9.59917,46.79027],[9.59286,46.7961],[9.58896,46.80317],[9.58258,46.79742],[9.58614,46.79045],[9.58824,46.78297]]],[[[9.5,46.51447],[9.50587,46.5125],[9.50124,46.50709],[9.50083,46.50417],[9.5,46.50335],[9.5,46.51447]]],[[[9.5,46.48726],[9.5125,46.4831],[9.52561,46.47561],[9.53184,46.47351],[9.54193,46.46693],[9.54598,46.4625],[9.55417,46.45832],[9.56316,46.45482],[9.57083,46.45298],[9.575,46.45],[9.57917,46.44849],[9.58827,46.4466],[9.59583,46.44152],[9.59794,46.4396],[9.60249,46.42917],[9.60234,46.42734],[9.60585,46.42251],[9.60549,46.41951],[9.60417,46.41679],[9.60035,46.41631],[9.59583,46.41446],[9.5945,46.4195],[9.58809,46.42976],[9.58037,46.43037],[9.57198,46.43865],[9.5625,46.44138],[9.55803,46.4375],[9.55544,46.42917],[9.55723,46.42083],[9.55455,46.4125],[9.54583,46.40459],[9.53881,46.40548],[9.53655,46.41155],[9.53661,46.42083],[9.5344,46.42917],[9.53479,46.4375],[9.53302,46.44583],[9.52917,46.44775],[9.51494,46.44828],[9.5125,46.4492],[9.50761,46.45417],[9.5,46.4591],[9.5,46.48726]]],[[[9.5,46.42691],[9.50517,46.42083],[9.50745,46.41579],[9.5105,46.40417],[9.50828,46.39583],[9.50938,46.39271],[9.51681,46.3875],[9.51446,46.38554],[9.5125,46.38545],[9.50417,46.38221],[9.5,46.38346],[9.5,46.42691]]]]},"properties":{"mid":"218","pid":"588","source_citation":"Schl\u00fcchter, 2004","source_reference":"Schl\u00fcchter, C. The Swiss glacial record \u2013 a schematic summary. in Developments in Quaternary Sciences vol. 2 413\u2013418 (Elsevier, 2004).","source_doi":"10.1016/S1571-0866(04)80092-7","source_year":2004,"range":"Central European Highlands","sub_range":"Eastern Alps, Western Alps","deglaciation_upper_yr":18500,"deglaciation_lower_yr":14000,"area_km2":28761.3727197,"paleo_ela_m":0.0}},{"type":"Feature","geometry":{"type":"MultiPolygon","coordinates":[[[[10.45833,47.4911],[10.46057,47.48928],[10.45584,47.49285],[10.44617,47.49599],[10.44468,47.5],[10.4532,47.5],[10.45833,47.4911]]],[[[10.41225,47.49782],[10.42309,47.49746],[10.42306,47.49024],[10.4305,47.48486],[10.44155,47.48394],[10.45182,47.48185],[10.45877,47.47633],[10.45187,47.47062],[10.45866,47.46499],[10.46314,47.45837],[10.46664,47.45126],[10.46761,47.44407],[10.45822,47.44825],[10.45116,47.44254],[10.45615,47.43593],[10.45322,47.42897],[10.44738,47.42272],[10.43703,47.42103],[10.42341,47.40985],[10.42456,47.40255],[10.41626,47.39794],[10.41607,47.39061],[10.40672,47.38654],[10.39679,47.3836],[10.38841,47.38803],[10.39422,47.40219],[10.39953,47.40865],[10.39956,47.41598],[10.39231,47.41072],[10.38754,47.4037],[10.37694,47.40325],[10.36682,47.40065],[10.36702,47.40787],[10.3594,47.41336],[10.36385,47.42003],[10.36934,47.42638],[10.37623,47.43187],[10.38709,47.43106],[10.39067,47.43816],[10.40118,47.44009],[10.41195,47.44053],[10.40763,47.44727],[10.41684,47.45099],[10.40671,47.45355],[10.39605,47.4539],[10.39608,47.46112],[10.38911,47.46698],[10.38914,47.47419],[10.3782,47.47603],[10.37817,47.46881],[10.36754,47.46871],[10.36366,47.46103],[10.37174,47.45636],[10.36575,47.44987],[10.36809,47.44261],[10.36416,47.43573],[10.35935,47.42928],[10.34909,47.42632],[10.34021,47.43028],[10.33971,47.43783],[10.34194,47.44489],[10.33728,47.45138],[10.34312,47.45741],[10.34433,47.46466],[10.34317,47.47184],[10.33454,47.46699],[10.33081,47.45966],[10.32197,47.45548],[10.32398,47.44833],[10.33114,47.43469],[10.33095,47.42747],[10.32037,47.4292],[10.3178,47.42213],[10.32669,47.41794],[10.33728,47.41862],[10.34631,47.41478],[10.34273,47.4078],[10.32083,47.40481],[10.32875,47.39991],[10.33905,47.4023],[10.356,47.39344],[10.36135,47.38662],[10.37019,47.39067],[10.37761,47.38552],[10.38308,47.37928],[10.38457,47.37211],[10.38218,47.36481],[10.37721,47.35836],[10.3664,47.35871],[10.35946,47.36422],[10.36357,47.37088],[10.33492,47.38086],[10.33405,47.37362],[10.34229,47.36895],[10.35652,47.35783],[10.35733,47.35064],[10.34653,47.35087],[10.33343,47.36271],[10.3229,47.36387],[10.32755,47.35737],[10.33643,47.35319],[10.33926,47.34617],[10.34702,47.34103],[10.34851,47.33386],[10.33768,47.33444],[10.32729,47.33617],[10.32111,47.33025],[10.32757,47.3245],[10.3427,47.31743],[10.33722,47.31249],[10.32806,47.30784],[10.33097,47.31143],[10.32306,47.31634],[10.3139,47.31227],[10.3068,47.31765],[10.30198,47.32414],[10.29831,47.33113],[10.29533,47.3528],[10.28982,47.36694],[10.28399,47.36091],[10.29096,47.31772],[10.28774,47.31063],[10.2794,47.29696],[10.2723,47.30235],[10.2534,47.29555],[10.24462,47.29103],[10.24309,47.28388],[10.2244,47.27651],[10.2248,47.2754],[10.17333,47.27472],[10.1788,47.28153],[10.18816,47.28449],[10.19019,47.29166],[10.20027,47.2944],[10.20855,47.29891],[10.21332,47.30536],[10.22286,47.30865],[10.22918,47.3147],[10.24006,47.31574],[10.2487,47.31991],[10.25124,47.3271],[10.24285,47.33152],[10.23439,47.32713],[10.22823,47.3212],[10.21832,47.31836],[10.21531,47.32536],[10.20931,47.33169],[10.21669,47.33698],[10.22111,47.34376],[10.22641,47.35001],[10.22625,47.35722],[10.2349,47.3614],[10.23796,47.36837],[10.23313,47.37486],[10.23264,47.37438],[10.23139,47.38139],[10.08482,47.47002],[10.05155,47.46048],[10.03069,47.45691],[10.0201,47.4562],[10.0144,47.46254],[10.02232,47.46739],[10.03285,47.46901],[10.05521,47.47057],[10.07769,47.47433],[10.06022,47.4849],[10.047,47.48358],[10.0319,47.47975],[9.99075,47.47169],[9.98018,47.47064],[9.97033,47.47362],[9.97772,47.4788],[10.006,47.48952],[10.0134,47.4947],[10.03494,47.49371],[10.03714,47.49826],[10.0337,47.5],[10.41343,47.5],[10.41225,47.49782]],[[10.18949,47.42269],[10.19923,47.42588],[10.19049,47.43006],[10.17981,47.43074],[10.18231,47.42395],[10.18949,47.42269]]],[[[9.99239,47.5],[9.9792,47.49077],[9.97252,47.48515],[9.96442,47.4804],[9.95889,47.48663],[9.96322,47.49434],[9.96759,47.5],[9.99239,47.5]]],[[[13.02495,47.5],[13.01409,47.48776],[13.00758,47.48199],[13.00751,47.47467],[13.00535,47.46943],[12.97271,47.47415],[12.97326,47.47488],[12.97282,47.48209],[12.97915,47.48797],[12.97872,47.49518],[12.97591,47.5],[13.02495,47.5]]],[[[12.96684,47.49921],[12.96051,47.49333],[12.96156,47.4788],[12.96349,47.47549],[12.95269,47.47848],[12.91096,47.5],[12.96636,47.5],[12.96684,47.49921]]],[[[11.42859,47.49726],[11.34807,47.45562],[11.33274,47.45499],[11.32763,47.44854],[11.31337,47.43767],[11.30467,47.4409],[11.29477,47.43818],[11.28626,47.43353],[11.28623,47.42712],[11.15393,47.40414],[11.15935,47.40793],[11.13986,47.41368],[11.15026,47.41561],[11.16087,47.41618],[11.17075,47.41903],[11.19141,47.42232],[11.20061,47.42608],[11.20707,47.43186],[11.19839,47.43601],[11.18832,47.43362],[11.17768,47.43477],[11.16768,47.43741],[11.15725,47.43605],[11.15233,47.42959],[11.14366,47.42493],[11.13797,47.43104],[11.12827,47.42785],[11.1213,47.4224],[11.11655,47.41595],[11.11418,47.40871],[11.10569,47.40393],[11.09508,47.40405],[11.08606,47.40807],[11.07739,47.40386],[11.05601,47.40316],[11.04553,47.40476],[11.03475,47.40475],[11.01346,47.39993],[11.00267,47.40038],[10.99251,47.40255],[10.98382,47.40668],[10.97562,47.4115],[10.97797,47.41897],[10.98838,47.42035],[11.00979,47.42025],[11.02059,47.41969],[11.03124,47.41798],[11.04235,47.41857],[11.05299,47.41777],[11.06286,47.42074],[11.07346,47.42177],[11.08351,47.4244],[11.08808,47.43097],[11.07746,47.43097],[11.07528,47.43827],[11.06593,47.44194],[11.06543,47.44914],[11.08555,47.45417],[11.07489,47.45577],[11.06431,47.45393],[11.05443,47.45096],[11.04951,47.4445],[11.04239,47.43916],[11.03748,47.4327],[11.03138,47.42679],[11.02097,47.42507],[10.99958,47.42448],[11.00972,47.4373],[11.01925,47.44107],[11.02706,47.44596],[11.03624,47.44984],[11.02655,47.45317],[11.01596,47.45167],[11.00643,47.44836],[10.99201,47.43767],[10.98107,47.43708],[10.97327,47.43218],[10.96268,47.43068],[10.95977,47.42441],[10.91915,47.5],[10.98778,47.5],[10.98585,47.49823],[10.99123,47.5],[11.31391,47.5],[11.31107,47.49815],[11.31018,47.49082],[11.32044,47.49286],[11.32979,47.48928],[11.33745,47.47551],[11.34752,47.47811],[11.35736,47.47522],[11.36503,47.48032],[11.36424,47.48763],[11.3852,47.5],[11.4298,47.5],[11.42859,47.49726]]],[[[11.36134,47.49916],[11.35791,47.49227],[11.35058,47.48706],[11.3401,47.48823],[11.33375,47.49412],[11.34072,47.5],[11.37033,47.5],[11.36134,47.49916]]],[[[13.01603,47.47014],[13.02064,47.47716],[13.02055,47.48437],[13.0291,47.48889],[13.03937,47.49079],[13.04571,47.49678],[13.05256,47.49594],[13.01603,47.47014]]],[[[11.12452,47.39903],[11.12913,47.40281],[11.14663,47.40391],[11.1492,47.40332],[11.12452,47.39903]]],[[[10.4408,47.40613],[10.44059,47.40774],[10.44299,47.41491],[10.45353,47.41764],[10.4408,47.40613]]],[[[10.39164,47.36168],[10.39044,47.36484],[10.40385,47.37637],[10.41056,47.37879],[10.39164,47.36168]]],[[[10.35276,47.32654],[10.35599,47.33272],[10.36148,47.33897],[10.37027,47.34236],[10.35276,47.32654]]],[[[10.19401,47.29969],[10.19407,47.30057],[10.20089,47.30906],[10.20264,47.30398],[10.19401,47.29969]]]]},"properties":{"mid":"213","pid":"583","source_citation":"Fiebig et al., 2004","source_reference":"Fiebig, M., Buiter, S. J. H. & Ellwanger, D. Pleistocene glaciations of South Germany. in Developments in Quaternary Sciences vol. 2 147\u2013154 (Elsevier, 2004)","source_doi":"10.1016/S1571-0866(04)80065-4\n","source_year":2004,"range":"Central European Highlands","sub_range":"Eastern Alps, German Alpine Foreland","deglaciation_upper_yr":21650,"deglaciation_lower_yr":21650,"area_km2":13033.2032462,"paleo_ela_m":0.0}},{"type":"Feature","geometry":{"type":"MultiPolygon","coordinates":[[[[12.21904,47.07247],[12.21027,47.06845],[12.19994,47.06659],[12.19101,47.06269],[12.19886,47.05765],[12.20521,47.0519],[12.20139,47.04498],[12.19141,47.04267],[12.17297,47.04973],[12.18056,47.0361],[12.17022,47.0347],[12.16043,47.03192],[12.1391,47.03459],[12.13308,47.02866],[12.12294,47.02634],[12.11963,47.01942],[12.09989,47.01387],[12.09564,46.99961],[12.10577,47.00205],[12.11211,47.00787],[12.12206,47.00515],[12.12757,47.01142],[12.12936,47.01865],[12.13605,47.02436],[12.1462,47.02645],[12.14663,47.0229],[12.13416,47.01917],[12.12889,47.01333],[12.12722,47.00972],[12.12778,47.00166],[12.13289,46.98038],[12.12516,46.97968],[12.12287,46.97255],[12.11405,46.97688],[12.10395,46.97913],[12.10634,46.97196],[12.09674,46.96872],[12.10588,46.96485],[12.11356,46.95947],[12.13422,46.956],[12.15038,46.94639],[12.15226,46.93921],[12.14761,46.93262],[12.13836,46.92894],[12.13053,46.93409],[12.12873,46.92696],[12.1224,46.92103],[12.12127,46.9138],[12.11117,46.91125],[12.10139,46.9142],[12.08605,46.92461],[12.07643,46.92767],[12.05531,46.93009],[12.04762,46.92517],[12.05448,46.91932],[12.07194,46.91078],[12.07499,46.90384],[12.06985,46.89735],[12.05931,46.89822],[12.04922,46.90058],[12.03868,46.90134],[12.03002,46.90567],[12.02183,46.90096],[12.01118,46.89976],[12.00046,46.90085],[11.99768,46.89383],[11.99357,46.88678],[11.99364,46.87945],[11.9917,46.87233],[11.99126,46.86511],[12.00119,46.86767],[12.00112,46.87488],[12.01122,46.87241],[12.02131,46.87497],[12.01925,46.88215],[12.02287,46.88907],[12.03005,46.89434],[12.04093,46.89336],[12.0481,46.88809],[12.03301,46.86897],[12.02652,46.86315],[12.02291,46.85599],[12.02364,46.84868],[12.03322,46.85169],[12.03584,46.85871],[12.03963,46.86553],[12.04459,46.87224],[12.05143,46.87773],[12.05587,46.86349],[12.06888,46.86907],[12.07268,46.87588],[12.08139,46.88002],[12.08637,46.88639],[12.07953,46.89189],[12.07981,46.89922],[12.09028,46.90064],[12.10981,46.90642],[12.11069,46.89923],[12.11374,46.89229],[12.12298,46.89575],[12.1241,46.90297],[12.13448,46.90187],[12.13611,46.90899],[12.15635,46.9134],[12.16435,46.90837],[12.17426,46.90599],[12.19047,46.9058],[12.22823,46.8905],[12.22409,46.88477],[12.21341,46.88464],[12.20791,46.87827],[12.20002,46.87348],[12.1932,46.87923],[12.18396,46.87533],[12.17642,46.87031],[12.15672,46.8649],[12.16356,46.85881],[12.17263,46.86248],[12.18254,46.85986],[12.1887,46.85399],[12.19255,46.84695],[12.20457,46.85889],[12.20706,46.8659],[12.21735,46.86775],[12.22135,46.87444],[12.23288,46.88672],[12.23437,46.88741],[12.28509,46.85252],[12.28499,46.85029],[12.28733,46.84322],[12.29199,46.83664],[12.30109,46.83263],[12.30293,46.82533],[12.31267,46.82224],[12.31109,46.82709],[12.33492,46.79165],[12.32842,46.7905],[12.3179,46.79186],[12.30985,46.78708],[12.31153,46.77966],[12.31783,46.77378],[12.32707,46.77721],[12.33757,46.77653],[12.34452,46.77738],[12.37861,46.72666],[12.38239,46.72257],[12.38471,46.71677],[12.39393,46.71333],[12.40219,46.70862],[12.40896,46.70297],[12.41915,46.70068],[12.42708,46.6955],[12.43598,46.6916],[12.45696,46.68954],[12.46536,46.68516],[12.47262,46.67986],[12.48308,46.68054],[12.49341,46.67905],[12.50421,46.67928],[12.51465,46.68076],[12.51943,46.67405],[12.52945,46.67187],[12.54132,46.65974],[12.55166,46.65733],[12.55627,46.65074],[12.55808,46.64343],[12.54986,46.63889],[12.54784,46.63177],[12.55492,46.62646],[12.56501,46.62805],[12.57547,46.62838],[12.58419,46.62389],[12.58305,46.63109],[12.57337,46.63397],[12.56514,46.63869],[12.5705,46.64504],[12.57119,46.65225],[12.56609,46.65861],[12.56274,46.66102],[12.59028,46.65888],[12.62929,46.6592],[12.63308,46.65604],[12.64341,46.65408],[12.65332,46.65691],[12.66317,46.65425],[12.67073,46.65924],[12.68139,46.65705],[12.70253,46.65425],[12.72805,46.64249],[12.73861,46.64027],[12.74333,46.64139],[12.75333,46.64833],[12.75547,46.649],[12.76655,46.64963],[12.77419,46.64919],[12.77998,46.64741],[12.78523,46.64452],[12.79228,46.6392],[12.79073,46.63186],[12.80056,46.62942],[12.80947,46.63326],[12.82011,46.63231],[12.82584,46.62618],[12.82578,46.61897],[12.81922,46.61331],[12.80877,46.61346],[12.80769,46.60796],[12.81141,46.60296],[12.82065,46.60646],[12.83126,46.60745],[12.85252,46.60566],[12.86261,46.60837],[12.85655,46.61427],[12.84629,46.6126],[12.83596,46.61493],[12.83387,46.622],[12.8334,46.62933],[12.89325,46.61982],[12.88639,46.61723],[12.87593,46.6175],[12.8747,46.61017],[12.87546,46.60297],[12.88561,46.60075],[12.89182,46.59496],[12.88409,46.58998],[12.87903,46.58365],[12.84768,46.58412],[12.85406,46.57821],[12.86258,46.5737],[12.8724,46.57114],[12.87498,46.56406],[12.88004,46.55769],[12.88794,46.56266],[12.90854,46.55937],[12.90879,46.55216],[12.90257,46.54629],[12.9119,46.54246],[12.93292,46.54523],[12.94321,46.55788],[12.95302,46.55543],[12.96185,46.55136],[12.97279,46.55178],[12.98716,46.55564],[12.9893,46.5576],[12.99104,46.56493],[12.985,46.57084],[12.98243,46.57792],[12.96362,46.58444],[12.95318,46.58381],[12.94577,46.57861],[12.93551,46.57706],[12.92576,46.57447],[12.91514,46.57463],[12.905,46.57697],[12.89632,46.58103],[12.89755,46.58824],[12.90799,46.58889],[12.90376,46.5955],[12.89623,46.60059],[12.89001,46.60639],[12.89725,46.61158],[12.90691,46.60856],[12.91684,46.61103],[12.92728,46.6119],[12.93026,46.61394],[12.99792,46.60319],[12.99661,46.60112],[13.00691,46.59935],[13.02745,46.60244],[13.03743,46.59987],[13.03734,46.59266],[13.03924,46.58558],[13.03716,46.57847],[13.03209,46.57203],[13.03531,46.56507],[13.04233,46.55962],[13.05264,46.57249],[13.06114,46.56819],[13.0642,46.56111],[13.07295,46.56505],[13.07978,46.57881],[13.07113,46.58186],[13.05139,46.58141],[13.04487,46.58709],[13.04429,46.59441],[13.04518,46.59568],[13.19129,46.57246],[13.18866,46.56812],[13.19748,46.56404],[13.20284,46.55548],[13.20601,46.55286],[13.21433,46.5482],[13.22001,46.5417],[13.22944,46.54483],[13.24004,46.54578],[13.24847,46.55028],[13.25891,46.54951],[13.26855,46.54657],[13.27636,46.5418],[13.28562,46.54572],[13.28045,46.55199],[13.27,46.55241],[13.2607,46.5557],[13.25057,46.55795],[13.2539,46.56252],[13.2575,46.56194],[13.29105,46.56216],[13.29479,46.55624],[13.30757,46.55331],[13.31355,46.55093],[13.32121,46.5458],[13.32781,46.55143],[13.30855,46.5572],[13.30945,46.56228],[13.36567,46.56264],[13.36873,46.55727],[13.3782,46.55386],[13.3877,46.54061],[13.39815,46.5395],[13.39464,46.54635],[13.38749,46.5516],[13.38249,46.55799],[13.37633,46.56271],[13.42889,46.56305],[13.45146,46.56188],[13.44748,46.55906],[13.43388,46.56017],[13.44037,46.55446],[13.43475,46.54827],[13.44388,46.54475],[13.44817,46.55139],[13.45661,46.55587],[13.46689,46.55783],[13.46932,46.56095],[13.5,46.55936],[13.5,46.44169],[13.49483,46.43674],[13.48704,46.44153],[13.48571,46.44874],[13.47528,46.44826],[13.47961,46.43397],[13.47715,46.42676],[13.4679,46.42331],[13.45912,46.42741],[13.45299,46.43335],[13.44586,46.43871],[13.43692,46.4427],[13.43474,46.44979],[13.43141,46.45676],[13.42066,46.45742],[13.41836,46.45033],[13.42004,46.44312],[13.41012,46.44058],[13.39388,46.4497],[13.39275,46.44237],[13.39972,46.4369],[13.3913,46.43264],[13.3835,46.43754],[13.37736,46.44336],[13.3754,46.43626],[13.36499,46.43555],[13.35554,46.43884],[13.34857,46.44431],[13.33814,46.44577],[13.3294,46.44117],[13.3329,46.43431],[13.33476,46.42723],[13.3437,46.42348],[13.3538,46.42167],[13.36421,46.42273],[13.3748,46.42276],[13.38471,46.42496],[13.40588,46.42341],[13.41646,46.42435],[13.42671,46.42632],[13.43713,46.42645],[13.44492,46.42155],[13.44923,46.41492],[13.45866,46.41174],[13.47504,46.41005],[13.48478,46.41327],[13.49238,46.41831],[13.49865,46.42416],[13.5,46.42421],[13.5,46.37853],[13.44083,46.34638],[13.39604,46.30827],[13.38312,46.30933],[13.33025,46.3063],[13.30012,46.30596],[13.29315,46.30501],[13.2843,46.3011],[13.27804,46.29522],[13.27621,46.28802],[13.27257,46.28118],[13.26211,46.2789],[13.25947,46.28615],[13.26328,46.29298],[13.26577,46.30017],[13.26413,46.30753],[13.262,46.31005],[13.25011,46.31807],[13.23716,46.32026],[13.20319,46.31884],[13.18919,46.32248],[13.17484,46.32904],[13.16535,46.3242],[13.1599,46.30993],[13.15265,46.29614],[13.15265,46.28892],[13.15397,46.28134],[13.15695,46.27444],[13.16226,46.26819],[13.1721,46.26511],[13.18283,46.26511],[13.18201,46.2579],[13.17527,46.25189],[13.17082,46.24507],[13.17579,46.23871],[13.19612,46.23265],[13.2051,46.22888],[13.2275,46.21316],[13.23327,46.19912],[13.2326,46.19167],[13.22995,46.18425],[13.22583,46.17754],[13.22897,46.17063],[13.22273,46.16474],[13.20442,46.15726],[13.19496,46.15427],[13.18805,46.14059],[13.1802,46.13575],[13.17707,46.12868],[13.17068,46.12267],[13.15045,46.11681],[13.14147,46.11278],[13.13395,46.10759],[13.12417,46.10482],[13.11333,46.10608],[13.10197,46.10608],[13.08114,46.10193],[13.07079,46.10307],[13.06098,46.10626],[13.04369,46.11444],[13.03655,46.11978],[13.03439,46.12702],[13.03323,46.13448],[13.02675,46.14027],[13.01743,46.14357],[12.98689,46.14923],[12.97958,46.15457],[12.97939,46.16179],[12.98082,46.17633],[12.98801,46.18154],[13.00431,46.18668],[13.00899,46.19224],[13.00633,46.19925],[12.997,46.20289],[12.98699,46.2055],[12.98663,46.21272],[12.99416,46.21781],[12.99939,46.22407],[13.00676,46.22939],[13.01543,46.23389],[13.02247,46.23921],[13.02755,46.24593],[13.03067,46.25323],[13.03511,46.26029],[13.04593,46.27268],[13.04541,46.27991],[13.03327,46.29194],[13.02289,46.29364],[13.02518,46.30073],[13.0337,46.305],[13.03434,46.31221],[13.03018,46.31902],[13.04592,46.32872],[13.04573,46.33594],[13.03739,46.34038],[13.02699,46.34151],[13.01368,46.34472],[12.99859,46.351],[12.97616,46.3529],[12.96247,46.35725],[12.95267,46.35625],[12.94567,46.3526],[12.94457,46.3466],[12.948,46.33523],[12.94819,46.328],[12.94429,46.3136],[12.94352,46.29859],[12.94189,46.29116],[12.93932,46.28781],[12.93443,46.2861],[12.92777,46.28802],[12.92389,46.29165],[12.91981,46.30349],[12.92077,46.3107],[12.92338,46.3179],[12.92467,46.32534],[12.92132,46.33224],[12.91093,46.33348],[12.90065,46.33184],[12.89133,46.32825],[12.88056,46.32696],[12.87,46.32796],[12.86214,46.33273],[12.85829,46.33975],[12.86238,46.34659],[12.86193,46.35189],[12.8556,46.35454],[12.84999,46.35501],[12.84579,46.35354],[12.83551,46.35173],[12.82847,46.34616],[12.83166,46.33926],[12.84036,46.33507],[12.84654,46.32918],[12.85039,46.32182],[12.84878,46.31449],[12.84617,46.30707],[12.84012,46.30115],[12.82021,46.29615],[12.81729,46.28906],[12.81734,46.28173],[12.81129,46.2757],[12.80087,46.27417],[12.79057,46.27035],[12.79128,46.26301],[12.78311,46.25803],[12.77268,46.25661],[12.76257,46.25382],[12.75856,46.2393],[12.74862,46.23707],[12.7406,46.24171],[12.73091,46.24464],[12.69954,46.24404],[12.68928,46.24228],[12.67934,46.23947],[12.67185,46.23635],[12.66417,46.23485],[12.6523,46.23431],[12.64639,46.23161],[12.64298,46.22431],[12.64657,46.21584],[12.65512,46.20525],[12.65667,46.1979],[12.64984,46.19244],[12.63946,46.19342],[12.62906,46.19222],[12.62157,46.18699],[12.61734,46.17688],[12.61424,46.17395],[12.60655,46.17487],[12.59906,46.17967],[12.58866,46.17824],[12.55581,46.15997],[12.54454,46.1394],[12.5355,46.12604],[12.53245,46.11883],[12.51349,46.10105],[12.50343,46.09903],[12.49308,46.10046],[12.48693,46.09464],[12.48324,46.0879],[12.46409,46.08202],[12.45354,46.08035],[12.45026,46.08082],[12.44472,46.08703],[12.46536,46.09657],[12.46641,46.10058],[12.45639,46.10245],[12.44896,46.10019],[12.43874,46.09886],[12.41785,46.10123],[12.40747,46.09967],[12.3971,46.0996],[12.37634,46.09715],[12.36807,46.0926],[12.36473,46.08573],[12.36385,46.0784],[12.36083,46.07131],[12.34807,46.0592],[12.33949,46.05499],[12.32976,46.05159],[12.31849,46.03913],[12.31105,46.03377],[12.30624,46.02737],[12.30406,46.02027],[12.31142,46.0152],[12.31734,46.0161],[12.32586,46.01172],[12.32647,46.0045],[12.33581,46.00092],[12.34565,45.99848],[12.35284,45.9933],[12.36457,45.98135],[12.36945,45.97468],[12.37218,45.96746],[12.3718,45.96024],[12.36856,45.94547],[12.36375,45.93838],[12.35829,45.93221],[12.35135,45.92628],[12.34085,45.92585],[12.33131,45.92291],[12.31304,45.91551],[12.30339,45.91875],[12.29686,45.92438],[12.29116,45.93093],[12.28205,45.94413],[12.27947,45.95147],[12.27903,45.95915],[12.28207,45.97381],[12.27065,45.98644],[12.273,45.99564],[12.26893,45.99997],[12.24503,45.98605],[12.24663,45.9786],[12.23806,45.97449],[12.23367,45.98149],[12.22412,45.97831],[12.21933,45.97167],[12.19831,45.9716],[12.18286,45.97014],[12.17269,45.97165],[12.16812,45.9783],[12.16864,45.98563],[12.16538,45.99183],[12.16166,46.00615],[12.15889,46.01315],[12.15415,46.02003],[12.14595,46.02451],[12.13526,46.02338],[12.12752,46.01846],[12.11716,46.01676],[12.10778,46.01345],[12.09955,46.00899],[12.08952,46.00648],[12.08066,46.01061],[12.07063,46.00879],[12.06946,46.00157],[12.05911,46.00181],[12.04876,46.00101],[12.04382,45.9946],[12.0351,45.99059],[12.02442,45.98968],[12.02328,45.99701],[12.02674,46.00412],[12.03136,46.01064],[12.03104,46.01832],[12.02102,46.02016],[12.01148,46.01673],[12.00638,46.01042],[12.00308,46.00355],[12.00209,45.99622],[12.00224,45.98155],[11.9955,45.97605],[11.98532,45.97777],[11.97481,45.97846],[11.95838,45.96929],[11.94836,45.96608],[11.94114,45.95233],[11.94278,45.945],[11.9477,45.93847],[11.95105,45.92999],[11.94918,45.92392],[11.93999,45.92036],[11.93097,45.92402],[11.92653,45.93055],[11.91898,45.93926],[11.91816,45.94647],[11.92373,45.96069],[11.92472,45.96825],[11.93046,45.9828],[11.93046,45.99025],[11.92175,45.99426],[11.9114,45.99482],[11.8907,45.9924],[11.8815,45.98884],[11.87461,45.98311],[11.86542,45.97955],[11.85689,45.97484],[11.85197,45.96842],[11.84903,45.96143],[11.84598,45.95049],[11.84063,45.94363],[11.83253,45.93576],[11.82389,45.93442],[11.81647,45.93843],[11.81423,45.94373],[11.81159,45.96218],[11.81272,45.96963],[11.8063,45.97535],[11.79958,45.96984],[11.78911,45.95653],[11.76881,45.93919],[11.76621,45.93208],[11.7567,45.92839],[11.7467,45.9262],[11.74197,45.91977],[11.73937,45.91278],[11.73349,45.90658],[11.70681,45.89368],[11.69863,45.88862],[11.69391,45.88219],[11.69033,45.87542],[11.68466,45.86051],[11.69561,45.84429],[11.69903,45.83514],[11.68985,45.82991],[11.67942,45.83095],[11.66033,45.84227],[11.64384,45.86303],[11.64004,45.86978],[11.64755,45.87473],[11.65671,45.87831],[11.66763,45.89129],[11.67005,45.8984],[11.67576,45.90483],[11.68344,45.90978],[11.69277,45.91381],[11.69931,45.91967],[11.70042,45.92735],[11.704,45.93412],[11.70397,45.94134],[11.70164,45.94844],[11.69751,45.95519],[11.68993,45.96032],[11.67215,45.96921],[11.66245,45.97216],[11.63887,45.99429],[11.62686,45.99966],[11.62023,46.00028],[11.63625,45.98767],[11.64236,45.98185],[11.64966,45.96812],[11.65692,45.96264],[11.66678,45.96049],[11.6737,45.95501],[11.67078,45.9479],[11.66095,45.94546],[11.65044,45.94658],[11.6401,45.94506],[11.65691,45.93388],[11.65153,45.92745],[11.64395,45.93212],[11.6336,45.93404],[11.62327,45.93297],[11.63287,45.91937],[11.62386,45.91567],[11.60365,45.92076],[11.59614,45.91581],[11.59864,45.90872],[11.59409,45.90217],[11.5893,45.90857],[11.58826,45.9159],[11.58526,45.92299],[11.5767,45.92709],[11.57575,45.92181],[11.57662,45.9146],[11.57634,45.90738],[11.56685,45.90436],[11.55921,45.91831],[11.55358,45.92482],[11.53507,45.9212],[11.53396,45.91615],[11.53265,45.89415],[11.52299,45.89159],[11.52272,45.90614],[11.52151,45.9137],[11.5168,45.92788],[11.51263,45.93726],[11.51109,45.94448],[11.50171,45.94753],[11.49865,45.94064],[11.49756,45.9333],[11.49368,45.92653],[11.48782,45.92054],[11.47982,45.91581],[11.47348,45.90902],[11.47781,45.90228],[11.48049,45.8953],[11.47858,45.88819],[11.4686,45.88585],[11.4602,45.8904],[11.45538,45.89713],[11.45253,45.90434],[11.44641,45.91027],[11.43742,45.90656],[11.43025,45.90125],[11.42193,45.89686],[11.41477,45.89144],[11.4173,45.88389],[11.41672,45.87643],[11.40686,45.87879],[11.40302,45.88565],[11.40311,45.89286],[11.41233,45.91076],[11.41358,45.9229],[11.39786,45.93423],[11.38107,45.92857],[11.36761,45.92662],[11.36255,45.92288],[11.35124,45.91927],[11.34194,45.91763],[11.3682,45.90677],[11.37806,45.90453],[11.38596,45.9181],[11.38884,45.92522],[11.39917,45.92561],[11.404,45.91911],[11.40029,45.91233],[11.39527,45.90589],[11.38128,45.89493],[11.3784,45.88792],[11.38093,45.88083],[11.38543,45.87432],[11.39297,45.87379],[11.39796,45.8674],[11.40734,45.86321],[11.40577,45.85598],[11.39747,45.85113],[11.39081,45.84536],[11.38662,45.83858],[11.38587,45.83136],[11.3906,45.81729],[11.39721,45.81137],[11.40577,45.80729],[11.4285,45.79239],[11.43425,45.79013],[11.42312,45.77312],[11.39557,45.77928],[11.38588,45.78278],[11.36151,45.79674],[11.3398,45.80555],[11.34497,45.812],[11.35393,45.81652],[11.3583,45.82113],[11.36216,45.82791],[11.36028,45.83523],[11.35742,45.8422],[11.34663,45.85463],[11.34427,45.86046],[11.34632,45.86758],[11.34644,45.87193],[11.34456,45.87903],[11.33745,45.88426],[11.31982,45.89206],[11.29929,45.89446],[11.28931,45.89222],[11.28792,45.88488],[11.28144,45.87911],[11.27173,45.88157],[11.26591,45.88806],[11.25557,45.88925],[11.25515,45.89658],[11.24786,45.90181],[11.23754,45.90139],[11.22873,45.89721],[11.2186,45.89496],[11.20809,45.89581],[11.19794,45.89413],[11.19097,45.88881],[11.19809,45.88336],[11.20765,45.87976],[11.21461,45.87443],[11.2171,45.85978],[11.21756,45.8379],[11.23223,45.8184],[11.22691,45.81218],[11.21898,45.81717],[11.21025,45.821],[11.19994,45.8207],[11.19545,45.81391],[11.20414,45.80056],[11.20211,45.79333],[11.19482,45.78824],[11.18486,45.78633],[11.16675,45.79354],[11.15818,45.79806],[11.1477,45.79786],[11.14469,45.79097],[11.15181,45.78563],[11.1607,45.7818],[11.18448,45.76662],[11.19402,45.76325],[11.20156,45.76205],[11.20281,45.75834],[11.20149,45.75483],[11.1887,45.75604],[11.17336,45.75463],[11.16805,45.7484],[11.16794,45.73339],[11.16181,45.7275],[11.15133,45.72846],[11.14212,45.73228],[11.1394,45.73937],[11.12891,45.74123],[11.12082,45.74587],[11.11488,45.76003],[11.10649,45.77417],[11.08998,45.79352],[11.08318,45.79919],[11.07801,45.80546],[11.06539,45.82598],[11.05506,45.82704],[11.05403,45.81981],[11.06595,45.79172],[11.07031,45.78511],[11.07337,45.77815],[11.07528,45.77094],[11.06834,45.76527],[11.06271,45.75915],[11.0687,45.75324],[11.07727,45.74885],[11.08488,45.74375],[11.09086,45.73773],[11.09538,45.73123],[11.10246,45.71719],[11.10989,45.7121],[11.11783,45.71697],[11.11625,45.72429],[11.11141,45.73079],[11.11473,45.73769],[11.1233,45.73363],[11.13898,45.72366],[11.14495,45.71775],[11.13196,45.69004],[11.12728,45.67545],[11.12755,45.66824],[11.13343,45.64663],[11.12401,45.64346],[11.11401,45.65633],[11.11309,45.66354],[11.11347,45.67088],[11.11802,45.69371],[11.10978,45.69812],[11.10477,45.68376],[11.09175,45.67059],[11.08199,45.66788],[11.07902,45.67482],[11.07784,45.68239],[11.07636,45.68318],[11.06732,45.68666],[11.05748,45.68899],[11.04988,45.68388],[11.03961,45.68254],[11.03298,45.68821],[11.02862,45.69505],[11.02054,45.69956],[11.01023,45.70039],[11.00375,45.70617],[11.00412,45.71362],[11.00628,45.72075],[11.01801,45.73311],[11.0169,45.74043],[11.00657,45.74183],[10.99897,45.73684],[10.9851,45.72594],[10.97518,45.72288],[10.96508,45.72129],[10.95485,45.70825],[10.95122,45.70146],[10.93574,45.68138],[10.93178,45.67458],[10.92616,45.66055],[10.90675,45.64249],[10.8921,45.6318],[10.87912,45.61964],[10.8709,45.60593],[10.86056,45.59276],[10.83608,45.56925],[10.83702,45.56319],[10.82813,45.55954],[10.82149,45.56555],[10.80078,45.56556],[10.79237,45.57017],[10.7914,45.57749],[10.79304,45.58472],[10.79731,45.5913],[10.80553,45.59574],[10.81544,45.59779],[10.8259,45.59699],[10.8323,45.60278],[10.85581,45.63476],[10.85893,45.64178],[10.86174,45.65648],[10.87972,45.66376],[10.88269,45.67067],[10.88337,45.67789],[10.88684,45.69248],[10.88767,45.69993],[10.89509,45.70505],[10.90452,45.708],[10.9116,45.71357],[10.91622,45.72026],[10.91755,45.72772],[10.91577,45.73493],[10.91009,45.74129],[10.90264,45.74637],[10.89647,45.7525],[10.90505,45.75694],[10.9166,45.76931],[10.92486,45.76469],[10.93472,45.76261],[10.96536,45.76931],[10.97179,45.77532],[10.96758,45.78205],[10.95729,45.78103],[10.94806,45.78439],[10.93774,45.78521],[10.93044,45.79052],[10.92041,45.79249],[10.91603,45.79932],[10.93089,45.81895],[10.93321,45.82607],[10.93275,45.8334],[10.92836,45.84001],[10.92024,45.84486],[10.90304,45.85328],[10.89291,45.85181],[10.88564,45.8381],[10.87408,45.82596],[10.86337,45.80442],[10.85761,45.79772],[10.84359,45.78669],[10.83898,45.78023],[10.83732,45.7731],[10.83436,45.76608],[10.8189,45.7461],[10.81118,45.73215],[10.80641,45.72546],[10.79556,45.71274],[10.77666,45.69466],[10.75925,45.67625],[10.74809,45.66387],[10.74367,45.65717],[10.73422,45.6487],[10.7234,45.63632],[10.72127,45.62908],[10.72405,45.62189],[10.71831,45.61587],[10.70788,45.61517],[10.69741,45.6021],[10.69578,45.59475],[10.71711,45.59649],[10.72739,45.59649],[10.73753,45.59534],[10.74514,45.59039],[10.73466,45.57732],[10.74763,45.56601],[10.75817,45.55352],[10.77875,45.55146],[10.7878,45.54754],[10.7925,45.54083],[10.79347,45.53363],[10.80012,45.51193],[10.80611,45.50581],[10.80662,45.5],[10.49118,45.5],[10.49037,45.50498],[10.49685,45.51882],[10.49845,45.52594],[10.49517,45.53277],[10.48586,45.54605],[10.48031,45.55251],[10.48092,45.55985],[10.48449,45.56666],[10.48969,45.57326],[10.49293,45.58053],[10.49029,45.58759],[10.48146,45.60077],[10.48094,45.60798],[10.48369,45.61501],[10.49023,45.6206],[10.49927,45.62404],[10.50943,45.62269],[10.51912,45.62018],[10.52661,45.62096],[10.53549,45.62475],[10.54368,45.6299],[10.58137,45.64333],[10.58792,45.64925],[10.60971,45.66591],[10.61836,45.67977],[10.62865,45.67966],[10.63721,45.68378],[10.64494,45.68868],[10.6551,45.7013],[10.66232,45.70665],[10.67039,45.71122],[10.67712,45.71703],[10.68204,45.72339],[10.68351,45.73062],[10.6881,45.73721],[10.70693,45.74338],[10.71483,45.74817],[10.71909,45.7551],[10.71794,45.76253],[10.71319,45.77714],[10.71172,45.78446],[10.7208,45.78835],[10.72956,45.78443],[10.73933,45.78672],[10.73721,45.7938],[10.73659,45.79952],[10.74334,45.8051],[10.75338,45.80292],[10.75795,45.80343],[10.76305,45.80979],[10.76371,45.81701],[10.76766,45.83161],[10.77458,45.8373],[10.7819,45.83222],[10.79098,45.82877],[10.80682,45.83868],[10.81226,45.84503],[10.81375,45.85227],[10.81016,45.85922],[10.79987,45.85774],[10.79014,45.86027],[10.77526,45.86664],[10.77216,45.8736],[10.7776,45.87973],[10.78806,45.88099],[10.80174,45.87804],[10.81222,45.87849],[10.81899,45.88395],[10.81491,45.89078],[10.80269,45.90257],[10.79114,45.92122],[10.79514,45.93078],[10.79771,45.94781],[10.79865,45.97595],[10.79547,45.98339],[10.782,45.98813],[10.772,45.99296],[10.76719,46.00471],[10.75825,46.00933],[10.74789,46.00784],[10.74145,46.00476],[10.72801,45.99592],[10.71982,45.98043],[10.71352,45.97492],[10.70708,45.97184],[10.69507,45.96909],[10.68537,45.96229],[10.6621,45.93114],[10.65847,45.9248],[10.65648,45.91416],[10.65188,45.90828],[10.6461,45.90367],[10.63643,45.8933],[10.62452,45.88546],[10.61526,45.87458],[10.59911,45.85976],[10.59434,45.85417],[10.59178,45.8471],[10.5873,45.8414],[10.56595,45.82279],[10.55971,45.81904],[10.55557,45.81335],[10.55261,45.8068],[10.54748,45.80144],[10.54123,45.79798],[10.53745,45.79205],[10.53688,45.78501],[10.53496,45.77778],[10.53182,45.7714],[10.52699,45.76581],[10.49246,45.73934],[10.47354,45.72879],[10.4665,45.72886],[10.4591,45.72986],[10.45308,45.73367],[10.45534,45.74033],[10.46024,45.74574],[10.47091,45.75484],[10.47557,45.7602],[10.48133,45.77324],[10.49455,45.79005],[10.49826,45.80411],[10.50204,45.81009],[10.51271,45.81971],[10.53529,45.83741],[10.54548,45.84813],[10.5512,45.85269],[10.56588,45.86876],[10.56931,45.87491],[10.57483,45.88818],[10.57924,45.9022],[10.5797,45.90947],[10.57898,45.92387],[10.57561,45.9301],[10.57056,45.93502],[10.56437,45.93842],[10.55755,45.94024],[10.5505,45.9409],[10.54397,45.9436],[10.54483,45.9507],[10.54996,45.95583],[10.54891,45.96279],[10.54188,45.96153],[10.52909,45.95443],[10.52273,45.95753],[10.52651,45.96346],[10.52331,45.96969],[10.50987,45.96433],[10.50259,45.96504],[10.49876,45.97097],[10.50395,45.97587],[10.51014,45.9795],[10.50879,45.98651],[10.50243,45.98968],[10.49534,45.98882],[10.48466,45.97966],[10.47758,45.97834],[10.4719,45.98302],[10.46881,45.98961],[10.46921,45.99676],[10.47385,46.01769],[10.47728,46.02384],[10.47657,46.03109],[10.46948,46.03123],[10.45561,46.02795],[10.44805,46.02802],[10.43507,46.02254],[10.4287,46.02594],[10.42458,46.03169],[10.41402,46.0416],[10.40765,46.04511],[10.39344,46.04659],[10.38695,46.04395],[10.38329,46.03791],[10.38143,46.03079],[10.38174,46.01667],[10.37826,46.00291],[10.37379,45.98954],[10.37071,45.9831],[10.35679,45.96628],[10.3508,45.95347],[10.34667,45.94754],[10.33576,45.93814],[10.33139,45.93262],[10.32814,45.92624],[10.3233,45.92094],[10.31104,45.91385],[10.30408,45.91178],[10.28998,45.91367],[10.27544,45.91445],[10.2555,45.90731],[10.25072,45.90207],[10.24512,45.89751],[10.23822,45.89527],[10.23197,45.89186],[10.22696,45.88656],[10.22499,45.87968],[10.22627,45.87261],[10.22267,45.86645],[10.21595,45.86386],[10.20976,45.86017],[10.20274,45.85838],[10.1996,45.85206],[10.19984,45.84468],[10.19734,45.83814],[10.19025,45.83746],[10.18304,45.83782],[10.1693,45.83309],[10.16294,45.82917],[10.15309,45.81856],[10.14725,45.81436],[10.13417,45.80784],[10.12273,45.79954],[10.11625,45.79607],[10.08966,45.78477],[10.08476,45.77965],[10.08466,45.77261],[10.08733,45.76591],[10.09134,45.76004],[10.10351,45.75265],[10.10659,45.74625],[10.11227,45.74156],[10.11669,45.73581],[10.12141,45.72222],[10.12142,45.7149],[10.12026,45.70774],[10.11671,45.70141],[10.11235,45.69577],[10.10244,45.6854],[10.08416,45.67427],[10.06654,45.66153],[10.05411,45.65438],[10.04909,45.64948],[10.04811,45.6422],[10.04917,45.63507],[10.04398,45.63029],[10.03732,45.63275],[10.03033,45.63393],[10.01689,45.62897],[10.01017,45.63167],[10.00988,45.63881],[10.01477,45.64417],[10.0118,45.65052],[10.00714,45.64517],[10.00137,45.64102],[9.99494,45.64383],[9.99482,45.65086],[9.99755,45.65735],[9.99883,45.66429],[9.99376,45.67752],[9.99591,45.68429],[10.02415,45.68638],[10.03808,45.68913],[10.04416,45.69265],[10.04374,45.69968],[10.03555,45.7113],[10.03764,45.71813],[10.04119,45.72417],[10.03991,45.73106],[10.04142,45.73794],[10.04176,45.74498],[10.03548,45.75756],[10.03052,45.77132],[10.03098,45.77836],[10.03319,45.78519],[10.04333,45.79527],[10.04694,45.80143],[10.04507,45.80837],[10.03933,45.81248],[10.02594,45.80816],[10.02176,45.81385],[10.01972,45.82074],[10.01913,45.82782],[10.02256,45.83403],[10.02958,45.8357],[10.04994,45.82872],[10.05704,45.82894],[10.06376,45.8313],[10.07579,45.83891],[10.08716,45.84779],[10.10649,45.85824],[10.13047,45.87497],[10.1356,45.87975],[10.13839,45.88647],[10.13663,45.90051],[10.14212,45.90489],[10.14921,45.90464],[10.15592,45.90253],[10.1633,45.90286],[10.16914,45.90684],[10.21458,45.9305],[10.21982,45.93534],[10.21761,45.94216],[10.21638,45.94924],[10.22128,45.95436],[10.22806,45.9562],[10.2355,45.95671],[10.2427,45.95844],[10.24918,45.96156],[10.25104,45.96856],[10.25115,45.97582],[10.25469,45.98209],[10.26154,45.98393],[10.26842,45.98206],[10.2749,45.97883],[10.28206,45.97876],[10.29467,45.98557],[10.29981,45.99035],[10.30423,45.99628],[10.30678,46.003],[10.30823,46.01005],[10.30828,46.0172],[10.30623,46.03124],[10.30926,46.03779],[10.31509,46.042],[10.32157,46.04517],[10.32489,46.05161],[10.32094,46.05771],[10.31537,46.06205],[10.30906,46.06539],[10.29491,46.06682],[10.27302,46.0636],[10.266,46.06187],[10.2594,46.05882],[10.24679,46.05126],[10.24024,46.04837],[10.23328,46.04659],[10.22945,46.05252],[10.23229,46.05901],[10.2362,46.06488],[10.24103,46.07012],[10.25995,46.08068],[10.26579,46.08494],[10.27062,46.09013],[10.27417,46.09616],[10.27835,46.11034],[10.28166,46.11672],[10.2904,46.12801],[10.2933,46.13438],[10.29097,46.14127],[10.26289,46.14714],[10.25846,46.14168],[10.25138,46.14065],[10.24489,46.13713],[10.24514,46.12963],[10.24863,46.12335],[10.24997,46.11633],[10.24595,46.11052],[10.24047,46.10603],[10.22785,46.09934],[10.22384,46.09347],[10.21669,46.09279],[10.21297,46.09901],[10.21418,46.10595],[10.21342,46.11303],[10.21097,46.12014],[10.20754,46.12637],[10.20057,46.12563],[10.19848,46.1188],[10.19889,46.11172],[10.19581,46.10528],[10.18867,46.10401],[10.17731,46.11228],[10.17342,46.11821],[10.17097,46.12498],[10.16506,46.12919],[10.16122,46.12321],[10.15989,46.11633],[10.16379,46.10256],[10.16409,46.0953],[10.1592,46.09023],[10.15705,46.08334],[10.15245,46.07793],[10.14584,46.07545],[10.13168,46.07258],[10.11812,46.06727],[10.11113,46.06839],[10.11071,46.07548],[10.11577,46.08863],[10.11861,46.10273],[10.11807,46.11719],[10.11481,46.12342],[10.10766,46.12263],[10.10132,46.11004],[10.09631,46.10474],[10.08917,46.10423],[10.08418,46.10927],[10.08086,46.11568],[10.07387,46.11715],[10.06991,46.11134],[10.06395,46.10753],[10.05415,46.11757],[10.04737,46.11526],[10.04359,46.10887],[10.04226,46.10182],[10.03707,46.09698],[10.03016,46.09584],[10.02373,46.09929],[10.01874,46.10428],[10.01249,46.10088],[10.01111,46.08889],[10.00594,46.08402],[10.00265,46.08353],[9.99872,46.08369],[9.99184,46.08598],[9.98639,46.09061],[9.98238,46.09664],[9.97733,46.10197],[9.97074,46.1049],[9.96388,46.10318],[9.96443,46.09619],[9.96712,46.08962],[9.97096,46.08347],[9.97215,46.07643],[9.96587,46.07319],[9.95179,46.07188],[9.94575,46.06823],[9.93918,46.06552],[9.93214,46.06524],[9.91784,46.06195],[9.9115,46.05889],[9.89541,46.04499],[9.88826,46.04384],[9.88109,46.04467],[9.88205,46.03769],[9.88739,46.03253],[9.88817,46.02555],[9.88253,46.02138],[9.86828,46.02048],[9.85404,46.0176],[9.81917,46.00639],[9.78382,45.99733],[9.77801,45.99327],[9.77354,45.98765],[9.76991,45.97371],[9.76393,45.96995],[9.75718,45.96764],[9.75329,45.96173],[9.74753,45.95768],[9.74071,45.95933],[9.73421,45.95626],[9.73071,45.95018],[9.72508,45.94584],[9.71816,45.94364],[9.70414,45.94164],[9.69042,45.93765],[9.67641,45.93501],[9.66953,45.93643],[9.66852,45.94347],[9.66211,45.9563],[9.66763,45.96076],[9.67473,45.96016],[9.68886,45.96298],[9.69619,45.96332],[9.70335,45.96266],[9.71023,45.9609],[9.71733,45.9614],[9.73498,45.9749],[9.73957,45.98029],[9.74289,45.98648],[9.74739,45.99991],[9.74793,46.0069],[9.73883,46.02648],[9.73281,46.03017],[9.72565,46.03165],[9.71849,46.03242],[9.71151,46.03116],[9.70635,46.03608],[9.70354,46.04282],[9.7019,46.04962],[9.70817,46.05292],[9.72986,46.05544],[9.73597,46.05897],[9.72994,46.06301],[9.71533,46.06456],[9.70845,46.06615],[9.69485,46.06257],[9.68786,46.06352],[9.6819,46.06745],[9.67473,46.06799],[9.66781,46.06661],[9.66265,46.07141],[9.65882,46.07733],[9.65653,46.08402],[9.65534,46.09106],[9.65093,46.09651],[9.64372,46.09676],[9.63639,46.09578],[9.63006,46.09225],[9.62593,46.08646],[9.62155,46.07269],[9.61736,46.06707],[9.61056,46.06488],[9.60391,46.06711],[9.59979,46.07303],[9.59664,46.07953],[9.59004,46.082],[9.58348,46.07934],[9.57998,46.07326],[9.57809,46.05904],[9.58193,46.05312],[9.57523,46.04073],[9.57064,46.0354],[9.56343,46.03419],[9.5565,46.0359],[9.55016,46.03278],[9.54552,46.03817],[9.53854,46.0376],[9.53217,46.04083],[9.53274,46.05522],[9.52706,46.05949],[9.52426,46.06606],[9.51864,46.07028],[9.52213,46.07642],[9.52279,46.08341],[9.51935,46.08962],[9.51356,46.09361],[9.50652,46.09462],[9.5,46.09355],[9.5,46.17672],[9.52297,46.17906],[9.54489,46.18234],[9.56757,46.18363],[9.57431,46.18577],[9.58041,46.1893],[9.58217,46.1963],[9.57747,46.20152],[9.56473,46.20837],[9.56374,46.21586],[9.56921,46.21805],[9.57905,46.2175],[9.59436,46.21422],[9.61241,46.21258],[9.61843,46.21805],[9.61405,46.2268],[9.59436,46.22734],[9.57796,46.23008],[9.5714,46.23883],[9.56976,46.24922],[9.57796,46.26562],[9.58507,46.27383],[9.6053,46.27273],[9.61022,46.2689],[9.61515,46.2607],[9.62608,46.25523],[9.63483,46.26289],[9.63702,46.27164],[9.63921,46.27601],[9.65452,46.2689],[9.66382,46.26344],[9.67858,46.27765],[9.68569,46.28312],[9.70264,46.28039],[9.71686,46.2793],[9.7278,46.2875],[9.73546,46.29625],[9.74147,46.30719],[9.74164,46.32169],[9.7656,46.33869],[9.7683,46.33505],[9.77673,46.33078],[9.78669,46.32817],[9.79699,46.3297],[9.80372,46.34347],[9.81253,46.34735],[9.82206,46.34391],[9.82845,46.33808],[9.83908,46.33755],[9.84804,46.34154],[9.85235,46.33482],[9.86138,46.33126],[9.86142,46.32404],[9.86711,46.32],[9.86531,46.32001],[9.87486,46.31631],[9.87977,46.32084],[9.87579,46.32651],[9.87459,46.3338],[9.87985,46.34098],[9.87188,46.34585],[9.86282,46.34976],[9.8641,46.35702],[9.87237,46.36145],[9.88249,46.3633],[9.89308,46.36346],[9.90341,46.36246],[9.9069,46.35548],[9.90327,46.34859],[9.89812,46.34221],[9.89501,46.335],[9.89803,46.32777],[9.90757,46.33075],[9.91812,46.33113],[9.92062,46.32412],[9.9257,46.31966],[9.93221,46.31543],[9.93285,46.31962],[9.93221,46.31962],[9.93288,46.31977],[9.93309,46.32116],[9.93767,46.32129],[9.94309,46.32675],[9.93466,46.33115],[9.93248,46.33829],[9.93293,46.34575],[9.92783,46.3521],[9.92979,46.35928],[9.93896,46.36281],[9.94935,46.36341],[9.97859,46.35494],[9.97944,46.34775],[9.9748,46.34106],[9.97831,46.32674],[9.98448,46.32508],[9.99083,46.30492],[9.98827,46.30091],[9.98264,46.29662],[9.98255,46.29429],[9.96849,46.28172],[9.95748,46.27972],[9.93647,46.27172],[9.92397,46.26371],[9.91596,46.25671],[9.91496,46.25121],[9.92347,46.25171],[9.93947,46.26121],[9.94898,46.26571],[9.97199,46.26771],[9.97499,46.26583],[9.97616,46.26321],[9.97157,46.25741],[9.96012,46.24919],[9.95483,46.24438],[9.95059,46.23859],[9.95598,46.23408],[9.96267,46.23616],[9.96995,46.23469],[9.97716,46.23455],[9.98228,46.23965],[9.98855,46.24359],[9.98713,46.25075],[9.98231,46.25619],[9.98355,46.26343],[9.98623,46.26991],[9.9895,46.27278],[9.98953,46.27581],[9.99472,46.28084],[10.00123,46.28427],[10.00843,46.28296],[10.01063,46.28055],[10.0143,46.27863],[10.02108,46.27664],[10.03453,46.27769],[10.04027,46.27335],[10.04973,46.26256],[10.0516,46.25544],[10.05144,46.24812],[10.048,46.24196],[10.0444,46.23593],[10.03885,46.23161],[10.0346,46.22568],[10.03567,46.21139],[10.04237,46.20911],[10.04898,46.21158],[10.05411,46.21665],[10.06066,46.2193],[10.06754,46.21719],[10.07445,46.21851],[10.07526,46.22039],[10.13,46.22722],[10.13389,46.22888],[10.16972,46.25444],[10.1725,46.25722],[10.17722,46.2725],[10.17396,46.28894],[10.21284,46.28314],[10.21759,46.29027],[10.21545,46.29741],[10.22064,46.30377],[10.21037,46.30171],[10.2053,46.30819],[10.19701,46.30367],[10.19097,46.29774],[10.18681,46.29096],[10.18078,46.29694],[10.18191,46.30454],[10.176,46.31843],[10.16852,46.31642],[10.15521,46.3836],[10.16372,46.3863],[10.17404,46.3879],[10.18383,46.38514],[10.19098,46.37988],[10.19805,46.38539],[10.20848,46.38539],[10.21111,46.37837],[10.22028,46.38234],[10.23071,46.38464],[10.23626,46.39078],[10.24028,46.39744],[10.23393,46.40319],[10.23294,46.41049],[10.22095,46.43094],[10.21896,46.41632],[10.22176,46.4092],[10.22026,46.40205],[10.21742,46.39508],[10.20705,46.39428],[10.19803,46.39787],[10.19279,46.40423],[10.19229,46.39699],[10.18399,46.39248],[10.17342,46.39212],[10.16883,46.39873],[10.17249,46.40572],[10.17957,46.41112],[10.171,46.4153],[10.16162,46.412],[10.16047,46.40475],[10.15713,46.39788],[10.14838,46.39325],[10.09278,46.42333],[10.08863,46.42416],[10.08901,46.42707],[10.08653,46.43408],[10.08801,46.44124],[10.08833,46.44858],[10.08131,46.45407],[10.07136,46.45178],[10.0743,46.44306],[10.07098,46.43607],[10.07396,46.42987],[10.05556,46.43833],[10.04917,46.44305],[10.04667,46.44583],[10.045,46.44917],[10.04444,46.45333],[10.04429,46.47798],[10.04567,46.47736],[10.05612,46.47737],[10.05379,46.48451],[10.04853,46.49075],[10.04422,46.48872],[10.04486,46.50801],[10.05,46.51211],[10.05443,46.52211],[10.05756,46.52715],[10.05888,46.5343],[10.04965,46.53631],[10.05028,46.53999],[10.0525,46.54305],[10.08413,46.57547],[10.09525,46.57885],[10.10078,46.58523],[10.11019,46.58853],[10.10785,46.60288],[10.11306,46.60925],[10.1233,46.60776],[10.13374,46.60823],[10.1428,46.60464],[10.14969,46.60602],[10.15591,46.61459],[10.16561,46.61847],[10.16084,46.62495],[10.15833,46.62456],[10.18111,46.63222],[10.23333,46.64],[10.23861,46.63889],[10.24166,46.63667],[10.25361,46.62222],[10.25417,46.61805],[10.25305,46.61388],[10.24694,46.59944],[10.24528,46.59111],[10.24555,46.58722],[10.2475,46.58389],[10.29321,46.56021],[10.28975,46.55462],[10.29595,46.54875],[10.30634,46.54977],[10.31508,46.5457],[10.32447,46.54933],[10.32578,46.54215],[10.33069,46.53567],[10.34134,46.53521],[10.3407,46.5424],[10.34745,46.54571],[10.35508,46.55088],[10.36468,46.55393],[10.37536,46.55313],[10.38441,46.54929],[10.38899,46.54268],[10.37993,46.53895],[10.38613,46.53308],[10.3886,46.52571],[10.39854,46.52843],[10.39201,46.53452],[10.40127,46.54359],[10.44972,46.53916],[10.45358,46.54081],[10.45413,46.53762],[10.44684,46.53235],[10.43713,46.53516],[10.4387,46.52798],[10.42884,46.52552],[10.42876,46.5182],[10.4394,46.51712],[10.43881,46.5099],[10.42913,46.50711],[10.41868,46.50762],[10.40864,46.50561],[10.38779,46.50503],[10.37898,46.50098],[10.38917,46.49864],[10.39872,46.49538],[10.40921,46.49372],[10.43028,46.49282],[10.44063,46.49048],[10.46083,46.49562],[10.47126,46.4958],[10.48096,46.4931],[10.48889,46.48842],[10.49796,46.48479],[10.50826,46.4837],[10.51707,46.48762],[10.52725,46.48527],[10.53584,46.48083],[10.55491,46.47473],[10.55811,46.4678],[10.55251,46.46164],[10.54193,46.46125],[10.5319,46.45903],[10.52127,46.46],[10.51111,46.46201],[10.50093,46.45967],[10.4909,46.46248],[10.48654,46.46916],[10.47683,46.47266],[10.47773,46.46547],[10.47231,46.45909],[10.47928,46.45348],[10.47985,46.44617],[10.48421,46.43949],[10.49452,46.43794],[10.50261,46.43327],[10.52342,46.43429],[10.52985,46.44023],[10.53951,46.44347],[10.54967,46.44146],[10.56009,46.44151],[10.56603,46.44756],[10.56431,46.45485],[10.56624,46.46197],[10.57539,46.46589],[10.58584,46.46503],[10.59296,46.45976],[10.59252,46.45255],[10.58416,46.43914],[10.59446,46.43782],[10.60351,46.43407],[10.60522,46.42677],[10.60113,46.41996],[10.59249,46.41593],[10.59813,46.40984],[10.5967,46.40261],[10.58628,46.40256],[10.57691,46.40608],[10.56633,46.40603],[10.54589,46.40937],[10.53708,46.40545],[10.53099,46.3994],[10.52957,46.39217],[10.52263,46.3868],[10.52237,46.37947],[10.51946,46.37244],[10.51269,46.36696],[10.51342,46.35976],[10.50867,46.35328],[10.50225,46.34757],[10.50133,46.34023],[10.50861,46.33463],[10.50951,46.32743],[10.51155,46.32037],[10.51946,46.31569],[10.52296,46.3108],[10.52659,46.30952],[10.52953,46.31059],[10.53195,46.31761],[10.52679,46.32394],[10.52706,46.33115],[10.52092,46.33723],[10.53148,46.3374],[10.54079,46.34064],[10.53062,46.34356],[10.52776,46.3505],[10.52374,46.3573],[10.53413,46.35803],[10.5438,46.35521],[10.55408,46.35412],[10.56375,46.35118],[10.5739,46.36473],[10.58182,46.35993],[10.59241,46.3593],[10.6008,46.35496],[10.60174,46.3623],[10.61212,46.36303],[10.62178,46.36616],[10.62354,46.37328],[10.6273,46.38031],[10.63786,46.38082],[10.64616,46.38517],[10.64959,46.39209],[10.65671,46.39746],[10.65732,46.40479],[10.66175,46.41138],[10.65906,46.41843],[10.65309,46.42463],[10.6532,46.43207],[10.64577,46.43734],[10.64339,46.44474],[10.648,46.45122],[10.65325,46.45383],[10.66599,46.45286],[10.67228,46.44712],[10.68275,46.44578],[10.69226,46.44283],[10.6966,46.43603],[10.70628,46.43892],[10.71371,46.43353],[10.71276,46.42631],[10.71626,46.4195],[10.71981,46.40513],[10.72191,46.38354],[10.72706,46.37698],[10.72693,46.36977],[10.72165,46.36351],[10.731,46.36033],[10.7411,46.34766],[10.75315,46.35973],[10.76386,46.36079],[10.77413,46.35968],[10.78106,46.35394],[10.79056,46.35705],[10.79878,46.35247],[10.80892,46.35009],[10.81928,46.35172],[10.83,46.35232],[10.84061,46.35109],[10.8508,46.35317],[10.85676,46.35908],[10.85789,46.3663],[10.84907,46.36241],[10.83851,46.36193],[10.83029,46.36639],[10.8311,46.37361],[10.83773,46.37919],[10.82791,46.38169],[10.81839,46.38545],[10.81474,46.39227],[10.79555,46.38663],[10.79177,46.37972],[10.78682,46.37335],[10.77714,46.37048],[10.76686,46.37193],[10.74607,46.37084],[10.73514,46.38327],[10.73181,46.3902],[10.73809,46.39601],[10.74776,46.3989],[10.73179,46.40839],[10.73208,46.41572],[10.74415,46.42768],[10.74015,46.4346],[10.73192,46.43917],[10.7332,46.4464],[10.74084,46.45143],[10.74345,46.45844],[10.74176,46.46585],[10.73222,46.46938],[10.73484,46.4764],[10.74198,46.48165],[10.75243,46.48076],[10.75725,46.47431],[10.7663,46.47043],[10.78213,46.46058],[10.78644,46.45401],[10.79191,46.44756],[10.79161,46.44035],[10.81247,46.44018],[10.8213,46.44407],[10.83145,46.4418],[10.8419,46.44091],[10.85157,46.43807],[10.85588,46.43126],[10.87233,46.42198],[10.88167,46.41878],[10.88351,46.4116],[10.88715,46.40478],[10.89714,46.40239],[10.90503,46.39746],[10.91129,46.3917],[10.92185,46.39264],[10.9187,46.39969],[10.91129,46.40486],[10.91144,46.41207],[10.89195,46.41777],[10.89061,46.42496],[10.88062,46.42758],[10.87208,46.43181],[10.86728,46.43827],[10.87459,46.4434],[10.88446,46.44582],[10.89489,46.44549],[10.90519,46.44402],[10.91523,46.44598],[10.92272,46.45111],[10.93224,46.45443],[10.94284,46.45388],[10.94399,46.46133],[10.94713,46.46823],[10.95734,46.47041],[10.96248,46.477],[10.96896,46.4828],[10.9773,46.48759],[10.98245,46.49394],[10.9851,46.50095],[11.00928,46.5152],[11.00154,46.52025],[10.98367,46.51226],[10.9767,46.49856],[10.96938,46.49321],[10.96116,46.49769],[10.95073,46.49722],[10.95372,46.49016],[10.95522,46.48286],[10.9484,46.47728],[10.94083,46.48234],[10.93211,46.48658],[10.93031,46.47923],[10.92683,46.47244],[10.92634,46.46522],[10.91919,46.45999],[10.90031,46.45368],[10.8916,46.45781],[10.8944,46.46494],[10.88993,46.47151],[10.88058,46.4683],[10.88077,46.46098],[10.87763,46.45408],[10.85809,46.44822],[10.84779,46.4498],[10.83741,46.44795],[10.82696,46.44907],[10.81697,46.45133],[10.82326,46.45737],[10.81283,46.45746],[10.80244,46.45628],[10.79436,46.46098],[10.7938,46.47562],[10.78476,46.47938],[10.77859,46.49325],[10.78054,46.50038],[10.79077,46.502],[10.79903,46.49685],[10.80265,46.50365],[10.79998,46.51071],[10.80527,46.51719],[10.81394,46.5212],[10.82059,46.52678],[10.83122,46.52577],[10.83703,46.53192],[10.84536,46.53637],[10.86378,46.52941],[10.87401,46.53091],[10.87184,46.53798],[10.88069,46.54187],[10.90161,46.54053],[10.90492,46.54744],[10.88385,46.5482],[10.874,46.55071],[10.87051,46.55764],[10.89008,46.56396],[10.90014,46.56626],[10.91074,46.56673],[10.92121,46.56584],[10.92787,46.57153],[10.93859,46.57406],[10.9478,46.57749],[10.96183,46.56645],[10.97069,46.57034],[10.97827,46.56528],[10.98511,46.57074],[10.99449,46.57394],[10.99915,46.58051],[10.9887,46.58028],[10.99537,46.58608],[11.00526,46.5886],[11.00925,46.59539],[11.01779,46.59961],[11.02841,46.59962],[11.03659,46.60475],[11.0463,46.60806],[11.03921,46.61336],[11.02874,46.61404],[11.0185,46.61186],[11.0098,46.60753],[10.99938,46.60614],[10.99069,46.60158],[10.98028,46.59974],[10.96966,46.59961],[10.96045,46.59618],[10.94998,46.59685],[10.93938,46.59604],[10.93052,46.59204],[10.92051,46.5942],[10.91836,46.58708],[10.91018,46.58252],[10.89976,46.58135],[10.8897,46.57894],[10.88472,46.57258],[10.87466,46.57028],[10.85639,46.57793],[10.85208,46.57136],[10.8376,46.56075],[10.82728,46.56199],[10.81668,46.56162],[10.81438,46.55438],[10.7972,46.54602],[10.79358,46.539],[10.79576,46.5317],[10.79563,46.52449],[10.78949,46.51857],[10.78141,46.52327],[10.78105,46.53047],[10.7704,46.53193],[10.76477,46.52567],[10.75525,46.52256],[10.75212,46.51565],[10.75694,46.5092],[10.75615,46.50198],[10.7456,46.5],[10.735,46.49997],[10.72989,46.49337],[10.72393,46.48734],[10.70542,46.48032],[10.695,46.48006],[10.68549,46.47671],[10.66955,46.46687],[10.65952,46.46477],[10.65,46.46177],[10.63956,46.46175],[10.62875,46.47507],[10.63655,46.47999],[10.64623,46.48288],[10.64668,46.4901],[10.63972,46.4956],[10.64651,46.50108],[10.65396,46.49593],[10.66449,46.49803],[10.65532,46.51139],[10.65759,46.51852],[10.66782,46.52004],[10.6764,46.51559],[10.68335,46.5102],[10.6848,46.51743],[10.69025,46.52369],[10.70013,46.52601],[10.70008,46.53333],[10.69723,46.54038],[10.7074,46.53836],[10.71286,46.5445],[10.71464,46.55162],[10.72355,46.5474],[10.73308,46.55039],[10.7342,46.55773],[10.74426,46.55982],[10.74672,46.56683],[10.75522,46.57107],[10.75685,46.5783],[10.76467,46.58333],[10.75804,46.58896],[10.74798,46.58699],[10.73844,46.58388],[10.7289,46.58683],[10.71867,46.58497],[10.71169,46.57949],[10.70941,46.57225],[10.70227,46.56689],[10.69831,46.56019],[10.68895,46.55697],[10.68148,46.55159],[10.67103,46.55201],[10.66027,46.5514],[10.65856,46.55858],[10.66553,46.56406],[10.66312,46.57844],[10.6716,46.58337],[10.66236,46.58701],[10.65175,46.58697],[10.64469,46.57336],[10.63419,46.57503],[10.62495,46.57867],[10.6279,46.58558],[10.6185,46.5891],[10.61052,46.58406],[10.60028,46.58253],[10.58982,46.58294],[10.57949,46.58438],[10.58087,46.57719],[10.57727,46.57038],[10.59762,46.5667],[10.60426,46.56108],[10.59543,46.55682],[10.6024,46.55132],[10.61209,46.55433],[10.62244,46.5522],[10.62365,46.54501],[10.62054,46.5381],[10.61526,46.53184],[10.63612,46.53284],[10.63518,46.52562],[10.62956,46.51936],[10.6226,46.51387],[10.60375,46.50729],[10.61233,46.50308],[10.61305,46.49577],[10.60962,46.48885],[10.60097,46.48448],[10.59054,46.48455],[10.58816,46.49172],[10.57424,46.50272],[10.58186,46.50787],[10.57522,46.51372],[10.56583,46.51723],[10.55838,46.52238],[10.55683,46.52956],[10.54968,46.5354],[10.54467,46.54173],[10.54577,46.54895],[10.5414,46.55598],[10.53646,46.5496],[10.53195,46.53523],[10.52466,46.53008],[10.52106,46.52327],[10.52394,46.51622],[10.52001,46.50952],[10.49864,46.50941],[10.49675,46.51658],[10.49174,46.52291],[10.4846,46.52828],[10.47537,46.53179],[10.46533,46.5298],[10.46227,46.53684],[10.47176,46.54077],[10.48161,46.54368],[10.48958,46.54839],[10.48852,46.55558],[10.49077,46.56271],[10.48722,46.56963],[10.48616,46.57682],[10.49481,46.58108],[10.49358,46.58827],[10.49851,46.59476],[10.49464,46.60156],[10.4949,46.60889],[10.49984,46.61526],[10.49695,46.62219],[10.48726,46.61918],[10.48659,46.61642],[10.48639,46.61944],[10.47083,46.63583],[10.45151,46.74116],[10.45373,46.7408],[10.46233,46.73648],[10.4627,46.74371],[10.45504,46.74897],[10.46525,46.75078],[10.47471,46.75404],[10.48292,46.75865],[10.48734,46.7652],[10.49296,46.77911],[10.4925,46.78632],[10.48268,46.7835],[10.48381,46.77609],[10.47719,46.77016],[10.47514,46.76299],[10.46798,46.75773],[10.45798,46.75513],[10.44758,46.75619],[10.44529,46.76322],[10.44936,46.76999],[10.45944,46.81752],[10.46361,46.82094],[10.46017,46.82782],[10.45936,46.83524],[10.46739,46.84019],[10.47096,46.84705],[10.46532,46.84437],[10.47124,46.87135],[10.47444,46.86694],[10.47778,46.86444],[10.49778,46.85527],[10.55407,46.84932],[10.54448,46.84527],[10.54952,46.83895],[10.56048,46.84026],[10.57039,46.84316],[10.57944,46.84696],[10.58993,46.84747],[10.59969,46.85014],[10.60567,46.85606],[10.62329,46.85816],[10.62798,46.85743],[10.63178,46.8661],[10.64382,46.86934],[10.64355,46.86625],[10.64743,46.85955],[10.65631,46.86369],[10.66044,46.87062],[10.68191,46.87196],[10.69056,46.86739],[10.6844,46.86124],[10.68461,46.85404],[10.67811,46.84822],[10.68834,46.84631],[10.69886,46.84555],[10.69757,46.83832],[10.707,46.83514],[10.72729,46.83074],[10.73705,46.82744],[10.74158,46.82076],[10.74027,46.81768],[10.73726,46.81625],[10.73235,46.81696],[10.72189,46.81579],[10.71167,46.81759],[10.7012,46.81652],[10.69521,46.8106],[10.68684,46.80613],[10.67839,46.81047],[10.66848,46.81295],[10.6633,46.81928],[10.65942,46.82621],[10.65293,46.8205],[10.65646,46.81369],[10.65535,46.80647],[10.64592,46.80965],[10.64371,46.81671],[10.63524,46.82116],[10.63129,46.81423],[10.6345,46.8073],[10.641,46.80156],[10.64338,46.7945],[10.63622,46.78902],[10.62775,46.7937],[10.62272,46.80003],[10.6191,46.79322],[10.6228,46.78641],[10.61885,46.7796],[10.6122,46.7739],[10.60402,46.7692],[10.59719,46.7747],[10.59579,46.78211],[10.5964,46.78933],[10.59584,46.79653],[10.58697,46.79262],[10.57818,46.79683],[10.57607,46.7897],[10.57929,46.78266],[10.58134,46.77548],[10.58489,46.76856],[10.59107,46.76248],[10.59345,46.75542],[10.59134,46.74829],[10.60196,46.7496],[10.61441,46.76134],[10.62397,46.76435],[10.63216,46.76894],[10.63612,46.77563],[10.64395,46.7809],[10.65616,46.80144],[10.66678,46.80286],[10.67131,46.79629],[10.6707,46.78884],[10.66825,46.78149],[10.661,46.76776],[10.65518,46.76173],[10.65139,46.75481],[10.64474,46.74922],[10.63689,46.74441],[10.63194,46.73781],[10.61711,46.7274],[10.62766,46.72528],[10.6447,46.73388],[10.65101,46.73993],[10.66109,46.74214],[10.67935,46.74927],[10.68635,46.75464],[10.69115,46.76123],[10.68961,46.76841],[10.6914,46.77553],[10.69003,46.78272],[10.69131,46.78995],[10.6995,46.79476],[10.70998,46.79525],[10.70607,46.78089],[10.71075,46.77444],[10.71871,46.76975],[10.71558,46.76284],[10.72255,46.75744],[10.71589,46.75174],[10.71677,46.74455],[10.72194,46.73821],[10.71595,46.73229],[10.70547,46.73237],[10.70651,46.72506],[10.70937,46.71813],[10.70658,46.71099],[10.71406,46.70538],[10.71344,46.69816],[10.70353,46.69585],[10.69287,46.69638],[10.68476,46.70095],[10.68271,46.70836],[10.67206,46.70877],[10.66405,46.70397],[10.6631,46.69674],[10.65357,46.69294],[10.65296,46.68572],[10.65051,46.67848],[10.64387,46.67277],[10.65407,46.67075],[10.66464,46.67297],[10.67367,46.67665],[10.68417,46.67543],[10.69117,46.68079],[10.69748,46.67505],[10.70798,46.67394],[10.71877,46.67456],[10.73694,46.66669],[10.74755,46.6673],[10.73784,46.67014],[10.73217,46.67646],[10.74905,46.68505],[10.75605,46.69041],[10.75985,46.69722],[10.74933,46.69879],[10.73621,46.71016],[10.73202,46.71708],[10.75335,46.71555],[10.76205,46.71967],[10.76502,46.72658],[10.75435,46.72735],[10.74462,46.73053],[10.74391,46.73772],[10.75331,46.74095],[10.76184,46.7453],[10.75164,46.74721],[10.74113,46.7481],[10.7456,46.75468],[10.75431,46.75881],[10.74457,46.76165],[10.73662,46.76634],[10.74515,46.77081],[10.74757,46.78549],[10.76034,46.78727],[10.76125,46.7906],[10.76806,46.78508],[10.77854,46.78534],[10.7878,46.78192],[10.788,46.7746],[10.79284,46.76803],[10.79899,46.76217],[10.80218,46.75512],[10.80767,46.74879],[10.80981,46.75602],[10.80778,46.7632],[10.81378,46.76923],[10.82674,46.75774],[10.83141,46.75116],[10.84012,46.75528],[10.83677,46.76233],[10.83591,46.76953],[10.84124,46.77578],[10.85049,46.77235],[10.85565,46.7659],[10.85867,46.75884],[10.86399,46.75262],[10.87418,46.75092],[10.88408,46.74796],[10.89454,46.74878],[10.90504,46.748],[10.91324,46.75279],[10.91489,46.76002],[10.90892,46.76601],[10.91476,46.77215],[10.92503,46.7741],[10.93553,46.77389],[10.94428,46.76977],[10.95477,46.76989],[10.98614,46.76661],[10.99662,46.76696],[11.00707,46.76846],[11.02181,46.75765],[11.02064,46.75043],[11.01036,46.74894],[10.99986,46.74961],[10.98942,46.74777],[10.98001,46.74434],[10.96991,46.74228],[10.95987,46.74456],[10.95234,46.73943],[10.94985,46.73242],[10.95631,46.72667],[10.95532,46.71945],[10.95832,46.71251],[10.96412,46.70617],[10.97463,46.70492],[10.98935,46.69423],[10.99985,46.69287],[11.00956,46.69001],[11.01362,46.6917],[11.01815,46.6924],[11.01861,46.69377],[11.01069,46.6986],[11.00528,46.70385],[11.00975,46.71037],[11.00874,46.71147],[10.99814,46.70932],[10.98783,46.70976],[10.98567,46.71182],[10.98067,46.71452],[10.99258,46.72642],[11.01002,46.73475],[11.01335,46.74165],[11.02161,46.73717],[11.02576,46.73047],[11.03319,46.72529],[11.04693,46.71366],[11.0565,46.71675],[11.06697,46.71709],[11.0769,46.71961],[11.08753,46.71995],[11.09788,46.71835],[11.10836,46.71801],[11.10604,46.7253],[11.09845,46.73037],[11.08798,46.73003],[11.08765,46.73734],[11.10856,46.73997],[11.13928,46.73458],[11.14783,46.74783],[11.13737,46.7468],[11.12744,46.7443],[11.11708,46.74602],[11.11212,46.75237],[11.11447,46.75949],[11.12405,46.76279],[11.1316,46.76802],[11.14102,46.77121],[11.16123,46.776],[11.17049,46.77952],[11.16012,46.78159],[11.14965,46.78057],[11.14172,46.78586],[11.13775,46.79268],[11.13356,46.78589],[11.13404,46.77869],[11.12599,46.77368],[11.11691,46.76992],[11.10866,46.77452],[11.10584,46.78147],[11.09846,46.77636],[11.09778,46.76914],[11.0996,46.76196],[11.09104,46.75774],[11.08181,46.76119],[11.08032,46.76838],[11.07614,46.76147],[11.07929,46.74698],[11.07611,46.74008],[11.06738,46.73609],[11.06338,46.72918],[11.05383,46.73216],[11.04886,46.73874],[11.04637,46.74603],[11.04704,46.76046],[11.03728,46.75783],[11.03,46.76312],[11.03535,46.76947],[11.03502,46.77679],[11.03584,46.78447],[11.03952,46.79126],[11.04707,46.79626],[11.05752,46.79798],[11.0602,46.80511],[11.06606,46.81124],[11.07446,46.81556],[11.08496,46.81545],[11.09335,46.82035],[11.10312,46.8232],[11.11341,46.82503],[11.12751,46.83593],[11.13815,46.8373],[11.12989,46.84179],[11.12774,46.84898],[11.11769,46.85127],[11.1145,46.84437],[11.10609,46.83994],[11.0958,46.83788],[11.09298,46.84494],[11.08851,46.85153],[11.08618,46.85859],[11.08653,46.86581],[11.08938,46.87282],[11.09491,46.87928],[11.10179,46.88496],[11.10448,46.89197],[11.09886,46.89452],[11.09472,46.905],[11.09444,46.90916],[11.09667,46.9125],[11.10885,46.92269],[11.11947,46.92485],[11.12985,46.92336],[11.13658,46.92892],[11.14707,46.93018],[11.15601,46.93416],[11.16358,46.93916],[11.16981,46.94506],[11.18883,46.93781],[11.19446,46.93169],[11.19777,46.92475],[11.18934,46.9202],[11.17937,46.91793],[11.17112,46.91327],[11.16081,46.91167],[11.15543,46.90544],[11.1609,46.89909],[11.16914,46.90409],[11.17603,46.90966],[11.18548,46.91284],[11.19601,46.91249],[11.19465,46.90492],[11.19179,46.89792],[11.19659,46.89144],[11.20287,46.87755],[11.19933,46.87077],[11.20181,46.86347],[11.20859,46.85759],[11.21896,46.8562],[11.21367,46.86256],[11.21003,46.8695],[11.21558,46.87573],[11.21461,46.88293],[11.21163,46.88999],[11.20617,46.89623],[11.20386,46.90342],[11.21127,46.90852],[11.21397,46.91553],[11.2242,46.91345],[11.23127,46.91879],[11.237,46.9249],[11.2382,46.93224],[11.23639,46.93954],[11.22982,46.93387],[11.23079,46.92656],[11.22287,46.92179],[11.21264,46.92432],[11.213,46.93153],[11.21671,46.93832],[11.21173,46.94502],[11.20121,46.9448],[11.1918,46.94814],[11.18808,46.95028],[11.18278,46.95651],[11.18632,46.9633],[11.19682,46.96455],[11.21713,46.95949],[11.23656,46.96551],[11.24727,46.96447],[11.25604,46.96032],[11.26283,46.95455],[11.27208,46.95109],[11.28215,46.94844],[11.29835,46.93898],[11.31653,46.93102],[11.3269,46.92951],[11.33582,46.92559],[11.35674,46.92279],[11.35145,46.92916],[11.34075,46.93021],[11.32307,46.93863],[11.30803,46.94902],[11.29781,46.95076],[11.29036,46.95618],[11.27998,46.95769],[11.27138,46.96195],[11.27091,46.9695],[11.27816,46.97494],[11.28779,46.97846],[11.29829,46.97971],[11.30811,46.98243],[11.31621,46.98707],[11.32603,46.98968],[11.33529,46.9861],[11.34583,46.98505],[11.35582,46.98765],[11.3616,46.98152],[11.37215,46.98013],[11.38075,46.97596],[11.38196,46.98341],[11.37884,46.99048],[11.38442,46.99659],[11.37453,46.99803],[11.48389,47.01416],[11.57714,47.01337],[11.57317,47.0105],[11.57129,47.00325],[11.56068,47.00076],[11.55268,46.9959],[11.56073,46.99125],[11.58186,46.99419],[11.59105,46.99849],[11.59854,47.00378],[11.60794,47.00717],[11.61823,47.00931],[11.62883,47.0078],[11.63611,47.00554],[11.63976,47.00641],[11.64457,47.00966],[11.67975,47.00339],[11.67681,46.99989],[11.68272,46.99393],[11.70448,46.99354],[11.70592,46.98635],[11.67719,46.97666],[11.6854,46.97189],[11.69569,46.96956],[11.70622,46.96941],[11.71263,46.96358],[11.70357,46.95986],[11.69301,46.96081],[11.67197,46.96031],[11.66296,46.96426],[11.65285,46.96636],[11.64519,46.96106],[11.63478,46.96235],[11.62883,46.9564],[11.61801,46.95528],[11.60966,46.95077],[11.59971,46.95309],[11.59085,46.9488],[11.58593,46.94229],[11.59636,46.94055],[11.59999,46.93341],[11.57907,46.93003],[11.56912,46.93246],[11.56025,46.92851],[11.5702,46.92619],[11.5771,46.92071],[11.56718,46.91823],[11.55669,46.91745],[11.54624,46.91564],[11.54184,46.90903],[11.55254,46.90867],[11.55813,46.90248],[11.56861,46.90349],[11.5684,46.89627],[11.55884,46.89311],[11.5546,46.8865],[11.56518,46.88499],[11.57586,46.88497],[11.58145,46.87879],[11.57718,46.86451],[11.58227,46.8582],[11.59236,46.86045],[11.60121,46.86452],[11.59913,46.87902],[11.60627,46.88431],[11.60184,46.89086],[11.59134,46.89031],[11.60101,46.90332],[11.60798,46.90872],[11.60986,46.91597],[11.60134,46.92038],[11.60406,46.92754],[11.61397,46.93047],[11.62233,46.92594],[11.6266,46.91927],[11.62905,46.91222],[11.63414,46.9059],[11.63292,46.89855],[11.63471,46.89126],[11.64192,46.88591],[11.6368,46.87173],[11.63592,46.86438],[11.64133,46.85808],[11.65441,46.86954],[11.65429,46.87675],[11.67372,46.87059],[11.67682,46.86367],[11.68403,46.85842],[11.68896,46.86481],[11.68355,46.87101],[11.67699,46.87684],[11.66929,46.88184],[11.66618,46.88877],[11.67334,46.90252],[11.66278,46.90347],[11.6541,46.89919],[11.64447,46.90209],[11.64519,46.90943],[11.65114,46.91539],[11.64309,46.92038],[11.63932,46.92718],[11.63,46.93067],[11.62131,46.93508],[11.62135,46.94241],[11.63004,46.94669],[11.64033,46.94861],[11.65008,46.95142],[11.66034,46.94956],[11.66939,46.95351],[11.67997,46.95199],[11.69048,46.95264],[11.70023,46.95534],[11.72091,46.95228],[11.72738,46.95801],[11.73808,46.95786],[11.74472,46.96348],[11.74882,46.97019],[11.7584,46.97334],[11.76318,46.97995],[11.76999,46.98568],[11.78065,46.98702],[11.7904,46.99005],[11.80036,46.98748],[11.80643,46.9814],[11.80451,46.97427],[11.79888,46.96811],[11.80264,46.96119],[11.80123,46.95395],[11.80132,46.94674],[11.81128,46.94383],[11.82366,46.92939],[11.83289,46.93287],[11.82881,46.93956],[11.82397,46.95367],[11.81627,46.95868],[11.81318,46.96561],[11.81477,46.97274],[11.81351,46.97992],[11.8161,46.98707],[11.82499,46.991],[11.83317,46.98645],[11.84414,46.97416],[11.84272,46.98135],[11.83963,46.98839],[11.84188,46.99564],[11.85152,46.9926],[11.8556,46.98592],[11.86347,46.98079],[11.86272,46.9881],[11.86079,46.99539],[11.86711,47.00134],[11.87416,46.99562],[11.88268,46.99118],[11.88185,47.00559],[11.89255,47.00577],[11.9009,47.00133],[11.89423,47.01519],[11.90107,47.02091],[11.9112,47.01822],[11.91643,47.01189],[11.927,47.01092],[11.92559,47.01811],[11.91969,47.02442],[11.91861,47.03162],[11.92699,47.03622],[11.93695,47.03387],[11.94465,47.02861],[11.95397,47.02521],[11.95039,47.03214],[11.94882,47.03932],[11.96474,47.04897],[11.97549,47.04777],[11.97839,47.04083],[11.98658,47.03615],[12.07528,47.05944],[12.12914,47.08051],[12.13058,47.07899],[12.13476,47.08271],[12.14013,47.08481],[12.18305,47.09444],[12.18917,47.09472],[12.22167,47.08833],[12.22611,47.08666],[12.22866,47.08369],[12.22017,47.07969],[12.21904,47.07247]],[[13.33272,46.47173],[13.33932,46.47735],[13.34975,46.47624],[13.36018,46.47695],[13.3693,46.47309],[13.37955,46.47449],[13.39015,46.4736],[13.40074,46.47465],[13.41035,46.47147],[13.41911,46.47561],[13.43997,46.47302],[13.45366,46.47619],[13.45426,46.48187],[13.45705,46.48243],[13.45665,46.48407],[13.44589,46.48688],[13.4363,46.484],[13.42636,46.48673],[13.4161,46.48476],[13.40534,46.48519],[13.39507,46.48688],[13.38464,46.4864],[13.37438,46.48454],[13.36479,46.48143],[13.35436,46.48174],[13.34837,46.48779],[13.34057,46.49269],[13.33029,46.49415],[13.32117,46.49778],[13.326,46.49116],[13.32422,46.48383],[13.31746,46.47832],[13.32229,46.47192],[13.33272,46.47173]],[[13.3582,46.53928],[13.35143,46.53377],[13.35327,46.53102],[13.36357,46.52373],[13.37385,46.52204],[13.37366,46.52925],[13.3675,46.5353],[13.3582,46.53928]],[[13.20557,46.47643],[13.20446,46.4691],[13.2149,46.46811],[13.21982,46.47477],[13.22582,46.46884],[13.22818,46.46176],[13.22691,46.45454],[13.22265,46.44789],[13.22881,46.44208],[13.22737,46.43487],[13.22163,46.42878],[13.22349,46.42169],[13.22981,46.41691],[13.23428,46.41647],[13.24235,46.42154],[13.24308,46.43607],[13.25016,46.44136],[13.25681,46.43555],[13.26198,46.42928],[13.27142,46.42622],[13.27626,46.41983],[13.28433,46.42443],[13.28694,46.43142],[13.27996,46.43678],[13.28257,46.44376],[13.28137,46.45097],[13.27868,46.45794],[13.27087,46.46272],[13.26175,46.46635],[13.25724,46.47296],[13.26034,46.48007],[13.26842,46.48468],[13.2659,46.49176],[13.269,46.49864],[13.25858,46.49734],[13.25564,46.49035],[13.24972,46.48426],[13.24546,46.47761],[13.24078,46.48412],[13.24035,46.49922],[13.23009,46.49769],[13.22218,46.49297],[13.21176,46.49064],[13.20486,46.48363],[13.20557,46.47643]],[[13.21278,46.51021],[13.22321,46.51059],[13.22718,46.5121],[13.2258,46.5193],[13.21472,46.51742],[13.21278,46.51021]],[[13.17078,46.5225],[13.18121,46.52335],[13.19165,46.52339],[13.18399,46.52839],[13.17734,46.53065],[13.17303,46.53052],[13.17078,46.5225]],[[13.17877,46.53878],[13.18819,46.54249],[13.17521,46.54884],[13.17068,46.55545],[13.17444,46.56222],[13.1648,46.56504],[13.16094,46.57177],[13.15064,46.57378],[13.13119,46.57919],[13.12394,46.57389],[13.1326,46.56981],[13.13713,46.56331],[13.14628,46.55981],[13.15671,46.561],[13.1619,46.55473],[13.16163,46.54752],[13.17877,46.53878]],[[13.13954,46.49353],[13.1291,46.49462],[13.11512,46.48391],[13.11866,46.47672],[13.11392,46.47018],[13.09945,46.45981],[13.09471,46.45326],[13.09362,46.44582],[13.09963,46.4399],[13.10679,46.43467],[13.1169,46.43266],[13.12347,46.43842],[13.11894,46.44514],[13.11838,46.45235],[13.12346,46.45878],[13.13069,46.46442],[13.13344,46.47153],[13.1429,46.46837],[13.14379,46.46117],[13.13971,46.45451],[13.13828,46.4473],[13.14379,46.44114],[13.1461,46.44218],[13.14674,46.44425],[13.15699,46.44601],[13.16223,46.45256],[13.16128,46.46697],[13.16869,46.47204],[13.16897,46.47924],[13.15888,46.47737],[13.14844,46.47847],[13.14409,46.48508],[13.15166,46.49004],[13.1604,46.49408],[13.16515,46.50051],[13.15536,46.5031],[13.13954,46.49353]],[[13.08529,46.41774],[13.07488,46.41632],[13.06446,46.41695],[13.0564,46.41221],[13.05516,46.40488],[13.06248,46.39955],[13.06451,46.39475],[13.06751,46.39282],[13.08832,46.39419],[13.09637,46.39881],[13.1061,46.40149],[13.11684,46.40234],[13.11397,46.40931],[13.10435,46.41224],[13.09555,46.4162],[13.08529,46.41774]],[[13.07694,46.35683],[13.08031,46.34999],[13.08633,46.34258],[13.08887,46.33527],[13.09782,46.33131],[13.10587,46.33604],[13.11268,46.35004],[13.1075,46.35642],[13.09709,46.35694],[13.087,46.35872],[13.07694,46.35683]],[[13.07076,46.29593],[13.07997,46.2993],[13.08701,46.30494],[13.08332,46.31179],[13.07797,46.31839],[13.0686,46.31503],[13.06949,46.30782],[13.06888,46.30313],[13.07076,46.29593]],[[13.07699,46.52399],[13.06673,46.52268],[13.06099,46.51659],[13.05057,46.5155],[13.02999,46.51848],[13.02193,46.51385],[13.03091,46.51013],[13.03096,46.50578],[13.0358,46.50226],[13.04429,46.49796],[13.05335,46.50224],[13.06343,46.50424],[13.07184,46.50875],[13.08192,46.51109],[13.08367,46.51842],[13.07699,46.52399]],[[13.06818,46.42509],[13.07026,46.43231],[13.05968,46.43203],[13.06057,46.42585],[13.06818,46.42509]],[[12.92631,46.5167],[12.91674,46.51377],[12.9063,46.5137],[12.8964,46.51123],[12.89748,46.50403],[12.90729,46.50147],[12.91201,46.49498],[12.90379,46.49023],[12.89657,46.48492],[12.89667,46.47771],[12.90073,46.47087],[12.8981,46.45655],[12.90249,46.44995],[12.91276,46.44853],[12.92266,46.45111],[12.93325,46.45072],[12.9383,46.45705],[12.93937,46.46449],[12.94721,46.45962],[12.95089,46.45587],[12.95556,46.4527],[12.96429,46.45664],[12.96636,46.46375],[12.97452,46.45922],[12.97873,46.45261],[12.98729,46.4569],[12.9877,46.46411],[12.98316,46.47072],[12.97713,46.47663],[12.97771,46.48384],[12.97316,46.49056],[12.96273,46.49107],[12.95276,46.4933],[12.94541,46.49863],[12.94185,46.50547],[12.95142,46.50851],[12.94506,46.5143],[12.93656,46.51859],[12.92631,46.5167]],[[12.87644,46.381],[12.88476,46.3766],[12.88584,46.3694],[12.8818,46.36262],[12.88239,46.35541],[12.89295,46.35652],[12.90182,46.36035],[12.92537,46.36612],[12.94177,46.37583],[12.94036,46.38315],[12.92258,46.39116],[12.91215,46.39212],[12.90193,46.39022],[12.89206,46.38683],[12.88148,46.38733],[12.87644,46.381]],[[12.67539,46.50344],[12.66634,46.49981],[12.6575,46.50374],[12.64726,46.50193],[12.63973,46.49694],[12.63488,46.49049],[12.63979,46.48412],[12.66066,46.48374],[12.68109,46.48003],[12.70139,46.48364],[12.71198,46.48396],[12.7226,46.48279],[12.73301,46.48368],[12.74156,46.48798],[12.75231,46.4883],[12.7622,46.49124],[12.77262,46.49224],[12.779,46.48645],[12.77045,46.48227],[12.76725,46.47526],[12.7705,46.46831],[12.77474,46.4617],[12.78145,46.45592],[12.79204,46.45589],[12.789,46.44877],[12.79274,46.44205],[12.80106,46.43903],[12.81346,46.45102],[12.81071,46.45809],[12.81891,46.46262],[12.82796,46.46635],[12.81962,46.47098],[12.8177,46.47817],[12.81396,46.48489],[12.81933,46.49111],[12.81889,46.49843],[12.81515,46.50527],[12.80469,46.50679],[12.79462,46.50465],[12.78416,46.5064],[12.77467,46.50976],[12.76437,46.51162],[12.75503,46.51555],[12.74445,46.51467],[12.7343,46.51699],[12.72369,46.51747],[12.71464,46.51373],[12.70891,46.51975],[12.69867,46.5176],[12.69063,46.51295],[12.68159,46.50933],[12.67539,46.50344]],[[12.75601,46.56968],[12.74997,46.56368],[12.74142,46.55938],[12.73168,46.55678],[12.72124,46.55612],[12.7119,46.55971],[12.70145,46.55985],[12.70174,46.55252],[12.70748,46.5464],[12.71778,46.54454],[12.73599,46.54595],[12.74404,46.55059],[12.75412,46.55262],[12.76394,46.55007],[12.77368,46.55278],[12.78398,46.55137],[12.79424,46.55271],[12.78605,46.55722],[12.77654,46.56069],[12.76802,46.5652],[12.76575,46.57239],[12.75601,46.56968]],[[12.7524,46.45134],[12.74319,46.44772],[12.7338,46.43483],[12.72526,46.43064],[12.71486,46.42963],[12.70996,46.43611],[12.69956,46.43465],[12.68912,46.43559],[12.68405,46.44207],[12.674,46.43992],[12.66451,46.44304],[12.66704,46.45004],[12.66246,46.45664],[12.62097,46.46301],[12.61985,46.47021],[12.61411,46.47622],[12.60673,46.48141],[12.59691,46.48418],[12.5879,46.48787],[12.57792,46.49029],[12.56749,46.49008],[12.56281,46.48362],[12.5551,46.4887],[12.54512,46.49089],[12.5347,46.49055],[12.53748,46.4836],[12.53381,46.47658],[12.54426,46.47577],[12.54803,46.46906],[12.54834,46.46185],[12.55343,46.4555],[12.56324,46.45296],[12.56508,46.46019],[12.56561,46.4674],[12.56978,46.47408],[12.57847,46.46993],[12.57795,46.4626],[12.58839,46.46202],[12.59861,46.46372],[12.59991,46.45652],[12.59156,46.45163],[12.58755,46.44496],[12.59132,46.43802],[12.59866,46.44323],[12.60783,46.43966],[12.61438,46.434],[12.61913,46.42752],[12.62223,46.42057],[12.63263,46.42204],[12.64234,46.42465],[12.64954,46.41933],[12.65857,46.42296],[12.66789,46.41961],[12.67575,46.41465],[12.68533,46.41553],[12.68966,46.41328],[12.70058,46.41303],[12.72156,46.4139],[12.7311,46.41707],[12.7348,46.42385],[12.76259,46.4338],[12.76497,46.44092],[12.76155,46.44775],[12.7524,46.45134]],[[12.75023,46.63142],[12.75997,46.63494],[12.74965,46.63657],[12.74007,46.63329],[12.72964,46.6316],[12.7239,46.63761],[12.7134,46.6397],[12.70619,46.63438],[12.71489,46.63033],[12.74217,46.62678],[12.75023,46.63142]],[[12.73683,46.59733],[12.74675,46.59959],[12.73362,46.61115],[12.72607,46.60617],[12.72635,46.59896],[12.73683,46.59733]],[[12.64694,46.59541],[12.65583,46.59926],[12.66582,46.59707],[12.65845,46.59197],[12.66287,46.58537],[12.67126,46.58979],[12.68049,46.59342],[12.68754,46.5881],[12.69431,46.59022],[12.69779,46.59037],[12.7077,46.59285],[12.70576,46.59993],[12.70697,46.60715],[12.68681,46.61201],[12.66594,46.60954],[12.65548,46.60967],[12.64548,46.6121],[12.64012,46.60565],[12.63742,46.59864],[12.64694,46.59541]],[[12.67233,46.54643],[12.65559,46.53736],[12.64906,46.53146],[12.63844,46.5324],[12.62893,46.53563],[12.63379,46.54208],[12.62348,46.54416],[12.61987,46.55111],[12.61069,46.55468],[12.60416,46.5489],[12.60843,46.54207],[12.60608,46.53496],[12.6077,46.52754],[12.61815,46.52706],[12.61163,46.52139],[12.60828,46.5145],[12.62189,46.51268],[12.63179,46.51517],[12.63648,46.52162],[12.65662,46.5257],[12.66704,46.52671],[12.68228,46.53679],[12.68249,46.54412],[12.67233,46.54643]],[[12.61886,46.56117],[12.62414,46.56236],[12.62836,46.56766],[12.62015,46.57228],[12.61278,46.56717],[12.61886,46.56117]],[[12.56126,46.53853],[12.57276,46.52652],[12.56641,46.52073],[12.55804,46.52511],[12.55114,46.53077],[12.54099,46.53261],[12.5456,46.52556],[12.54159,46.51888],[12.53135,46.51752],[12.52104,46.51936],[12.51908,46.52644],[12.51579,46.53338],[12.50994,46.52737],[12.48932,46.53117],[12.48147,46.52616],[12.48903,46.52109],[12.49933,46.5196],[12.5013,46.5123],[12.51065,46.50884],[12.52096,46.50655],[12.55185,46.51132],[12.56151,46.50844],[12.57113,46.5075],[12.57576,46.50824],[12.57728,46.51557],[12.58363,46.52136],[12.58917,46.53526],[12.57934,46.53768],[12.58003,46.54501],[12.57069,46.54835],[12.56096,46.54574],[12.56126,46.53853]],[[12.25159,46.6804],[12.25177,46.67307],[12.2451,46.6675],[12.25188,46.66198],[12.2524,46.65477],[12.24892,46.64786],[12.25878,46.64513],[12.268,46.64856],[12.27848,46.648],[12.28819,46.6448],[12.29676,46.64067],[12.29644,46.63335],[12.28808,46.62878],[12.28342,46.62232],[12.28658,46.61526],[12.28643,46.60782],[12.27847,46.59422],[12.26683,46.58194],[12.26982,46.575],[12.28027,46.57479],[12.28509,46.58137],[12.29242,46.58661],[12.29242,46.59382],[12.29406,46.60826],[12.29571,46.61548],[12.30406,46.62005],[12.31345,46.62325],[12.32392,46.62246],[12.33435,46.62396],[12.34372,46.62064],[12.34389,46.61331],[12.34257,46.60609],[12.3521,46.603],[12.36253,46.60415],[12.37316,46.60335],[12.37716,46.61015],[12.36827,46.61406],[12.36381,46.62064],[12.38259,46.62704],[12.39306,46.62624],[12.39538,46.61906],[12.40571,46.61723],[12.40935,46.61029],[12.40267,46.60461],[12.4035,46.59741],[12.41119,46.6023],[12.41827,46.597],[12.41793,46.58979],[12.41935,46.58642],[12.42577,46.58026],[12.43678,46.57816],[12.44751,46.58211],[12.44781,46.58908],[12.4455,46.59615],[12.44023,46.60239],[12.4424,46.60951],[12.4358,46.61516],[12.42822,46.62022],[12.41837,46.62309],[12.41111,46.62827],[12.40142,46.63102],[12.39351,46.63608],[12.38288,46.63608],[12.37594,46.64184],[12.38584,46.64447],[12.39633,46.64344],[12.39335,46.65062],[12.38285,46.65221],[12.3751,46.65705],[12.36622,46.65305],[12.36222,46.64637],[12.36471,46.63919],[12.37017,46.63296],[12.36315,46.62761],[12.3527,46.62715],[12.34495,46.63221],[12.34494,46.63942],[12.33703,46.64413],[12.32658,46.64343],[12.3161,46.64445],[12.32042,46.65103],[12.32828,46.65581],[12.32216,46.66169],[12.32199,46.6689],[12.32682,46.67548],[12.32931,46.68249],[12.31898,46.68374],[12.30959,46.68042],[12.3001,46.66738],[12.30011,46.66005],[12.2914,46.65606],[12.28099,46.65398],[12.2716,46.6573],[12.26481,46.66305],[12.27233,46.6683],[12.27165,46.6755],[12.26405,46.68055],[12.27431,46.68205],[12.27931,46.68841],[12.28196,46.69553],[12.25443,46.70618],[12.24381,46.70536],[12.26114,46.69711],[12.24644,46.68674],[12.25159,46.6804]],[[12.40805,46.27987],[12.41119,46.2727],[12.41546,46.2668],[12.41917,46.2633],[12.42901,46.26559],[12.42785,46.27279],[12.42488,46.27973],[12.42372,46.28693],[12.41332,46.28726],[12.40294,46.28633],[12.40805,46.27987]],[[12.31463,46.45562],[12.31777,46.46264],[12.30763,46.46446],[12.29929,46.46013],[12.28943,46.45726],[12.29391,46.46384],[12.30308,46.46773],[12.30957,46.47353],[12.29913,46.47375],[12.28962,46.47683],[12.2792,46.47648],[12.2695,46.47384],[12.2616,46.47855],[12.26887,46.49237],[12.27052,46.49948],[12.28038,46.50258],[12.29861,46.49525],[12.30937,46.49573],[12.31822,46.49961],[12.32827,46.5019],[12.33873,46.50088],[12.34662,46.49605],[12.35345,46.50163],[12.36384,46.50335],[12.37338,46.50666],[12.39158,46.51465],[12.39591,46.52122],[12.39277,46.52817],[12.38425,46.52395],[12.37587,46.52832],[12.36769,46.52353],[12.36287,46.51673],[12.35973,46.5096],[12.34942,46.51096],[12.34463,46.51754],[12.34795,46.52445],[12.34927,46.53179],[12.34399,46.53813],[12.33393,46.53596],[12.32439,46.53287],[12.3287,46.51861],[12.30842,46.5146],[12.30068,46.51942],[12.29902,46.52661],[12.28982,46.52318],[12.29314,46.51613],[12.28343,46.51338],[12.27343,46.51588],[12.26879,46.50942],[12.25943,46.50598],[12.25845,46.49876],[12.25414,46.49218],[12.24357,46.49125],[12.23647,46.49665],[12.22678,46.49378],[12.22164,46.50013],[12.22762,46.50615],[12.23562,46.51083],[12.24042,46.51753],[12.23957,46.52473],[12.22971,46.52186],[12.22053,46.51796],[12.21011,46.51726],[12.2001,46.51987],[12.20074,46.52709],[12.20975,46.53121],[12.20807,46.5384],[12.1987,46.53519],[12.18882,46.53289],[12.1782,46.53355],[12.17256,46.52718],[12.18193,46.52387],[12.18822,46.518],[12.1922,46.51119],[12.19881,46.50555],[12.20362,46.49898],[12.21585,46.48712],[12.22505,46.48335],[12.23536,46.48188],[12.24327,46.47671],[12.24362,46.46951],[12.23748,46.46348],[12.23816,46.45617],[12.25909,46.43972],[12.26059,46.43905],[12.26787,46.43937],[12.27807,46.44145],[12.29626,46.44854],[12.30613,46.45106],[12.31463,46.45562]],[[12.29738,46.36634],[12.30782,46.36533],[12.30929,46.37256],[12.30796,46.37895],[12.30061,46.38194],[12.29093,46.3793],[12.28414,46.37348],[12.27996,46.37179],[12.27031,46.36961],[12.26289,46.36438],[12.2526,46.36619],[12.23149,46.36429],[12.22369,46.35949],[12.23304,46.35619],[12.24348,46.35519],[12.25202,46.35096],[12.25386,46.34377],[12.25108,46.33664],[12.25506,46.32994],[12.24828,46.32435],[12.24466,46.31755],[12.23905,46.31141],[12.24758,46.30729],[12.24847,46.29277],[12.26941,46.29351],[12.27575,46.29097],[12.2787,46.29788],[12.28348,46.30435],[12.28594,46.31136],[12.27558,46.30985],[12.26239,46.32146],[12.26918,46.32693],[12.27765,46.33128],[12.2875,46.33359],[12.28847,46.34081],[12.27819,46.34204],[12.26838,46.34443],[12.26621,46.3515],[12.27082,46.3582],[12.28419,46.35737],[12.2891,46.35444],[12.28924,46.36176],[12.29738,46.36634]],[[12.29179,46.08035],[12.28451,46.07521],[12.28381,46.06799],[12.28772,46.06122],[12.28553,46.05401],[12.27484,46.05358],[12.27192,46.06058],[12.26571,46.06644],[12.25363,46.05443],[12.23338,46.05024],[12.23251,46.04303],[12.22427,46.03858],[12.21475,46.04238],[12.20471,46.03976],[12.20829,46.033],[12.20842,46.02555],[12.19904,46.02224],[12.19067,46.0265],[12.18544,46.03304],[12.17524,46.0318],[12.16766,46.02677],[12.1673,46.01955],[12.17464,46.0059],[12.1774,45.99879],[12.17852,45.99157],[12.1854,45.98572],[12.20317,45.9937],[12.2585,46.01581],[12.26724,46.02003],[12.27499,46.02493],[12.29669,46.0502],[12.30041,46.06474],[12.30527,46.07939],[12.3045,46.08684],[12.30128,46.09122],[12.29579,46.08999],[12.29249,46.08768],[12.29179,46.08035]],[[12.27673,46.80006],[12.26679,46.79765],[12.25835,46.80212],[12.25319,46.79565],[12.2507,46.78864],[12.25959,46.79264],[12.27009,46.79231],[12.27077,46.78488],[12.2805,46.78214],[12.28399,46.77578],[12.28781,46.77582],[12.29047,46.78284],[12.29649,46.78875],[12.28724,46.79252],[12.28806,46.79986],[12.29105,46.80688],[12.2867,46.82124],[12.27696,46.82421],[12.26631,46.82397],[12.26599,46.81664],[12.27492,46.81251],[12.28123,46.80664],[12.27673,46.80006]],[[12.21197,46.29375],[12.19066,46.29425],[12.18229,46.29859],[12.17209,46.29718],[12.17937,46.30255],[12.18955,46.30453],[12.19232,46.31167],[12.19211,46.31899],[12.19889,46.32446],[12.18971,46.32799],[12.1867,46.33516],[12.17631,46.33467],[12.17387,46.32754],[12.17539,46.32035],[12.17329,46.31322],[12.16533,46.30853],[12.15653,46.30462],[12.15209,46.29804],[12.14312,46.29436],[12.137,46.30067],[12.1358,46.30787],[12.14448,46.32139],[12.13394,46.32043],[12.12397,46.32268],[12.11883,46.32902],[12.11092,46.33382],[12.10058,46.3316],[12.09931,46.32437],[12.10364,46.3178],[12.10037,46.31088],[12.12018,46.30569],[12.12246,46.28398],[12.11637,46.27782],[12.10603,46.27595],[12.09534,46.2751],[12.07603,46.28064],[12.06876,46.27538],[12.07129,46.26821],[12.0811,46.26561],[12.09169,46.26463],[12.10224,46.2649],[12.11172,46.26791],[12.12049,46.2725],[12.11674,46.26547],[12.11481,46.25823],[12.11929,46.25166],[12.12892,46.25512],[12.13961,46.25608],[12.14909,46.25919],[12.15944,46.2606],[12.1691,46.25743],[12.17683,46.25239],[12.18277,46.24641],[12.17415,46.24228],[12.16377,46.24178],[12.15556,46.24624],[12.14544,46.2485],[12.13579,46.24584],[12.12953,46.23979],[12.13467,46.23334],[12.14503,46.2343],[12.14474,46.22697],[12.15359,46.22321],[12.15446,46.21601],[12.14567,46.2121],[12.13807,46.20719],[12.13827,46.19998],[12.13226,46.18581],[12.14243,46.18745],[12.14652,46.19415],[12.14969,46.18699],[12.16006,46.18714],[12.16034,46.19458],[12.15702,46.2014],[12.16395,46.20676],[12.17217,46.20173],[12.18117,46.19809],[12.18877,46.203],[12.18382,46.20934],[12.1818,46.21641],[12.18209,46.22362],[12.18949,46.21846],[12.19959,46.21678],[12.20941,46.21944],[12.20685,46.20486],[12.21099,46.19817],[12.21773,46.19254],[12.22736,46.18982],[12.23772,46.19076],[12.24753,46.19319],[12.25225,46.19554],[12.25297,46.19922],[12.25924,46.20502],[12.26838,46.20858],[12.2589,46.21154],[12.24833,46.21254],[12.24256,46.21853],[12.24984,46.22366],[12.26038,46.22415],[12.26316,46.23117],[12.25277,46.23126],[12.24242,46.22974],[12.23231,46.23177],[12.22443,46.23659],[12.22604,46.24393],[12.23332,46.24907],[12.2543,46.24799],[12.2643,46.24996],[12.26082,46.25677],[12.25045,46.25595],[12.24113,46.25925],[12.23084,46.2614],[12.22188,46.25761],[12.21594,46.25169],[12.2125,46.24489],[12.20471,46.24008],[12.19555,46.24362],[12.19206,46.25043],[12.18545,46.25663],[12.17692,46.26074],[12.16696,46.26289],[12.16643,46.27009],[12.17661,46.27184],[12.18702,46.27119],[12.18434,46.27836],[12.17469,46.2812],[12.16858,46.28706],[12.15846,46.28897],[12.16829,46.29163],[12.18911,46.29068],[12.1991,46.28761],[12.2052,46.28175],[12.21564,46.28041],[12.21775,46.28765],[12.21197,46.29375]],[[12.26037,46.39685],[12.25542,46.39633],[12.24606,46.39379],[12.23593,46.39548],[12.23248,46.38868],[12.25323,46.38554],[12.26221,46.38967],[12.26037,46.39685]],[[12.21628,46.59939],[12.2081,46.59482],[12.2043,46.5879],[12.19613,46.58322],[12.19032,46.58966],[12.19295,46.59691],[12.19044,46.60408],[12.1809,46.60076],[12.17363,46.60604],[12.17066,46.59913],[12.16299,46.59411],[12.1683,46.58789],[12.17769,46.58423],[12.18168,46.57754],[12.19121,46.57446],[12.19449,46.56981],[12.19851,46.56803],[12.20349,46.57439],[12.21234,46.57851],[12.2153,46.58575],[12.21945,46.59245],[12.21628,46.59939]],[[12.20572,46.38167],[12.21403,46.38614],[12.20367,46.38416],[12.20336,46.38324],[12.20572,46.38167]],[[12.17927,46.66871],[12.18464,46.66683],[12.18979,46.66038],[12.19832,46.66484],[12.19498,46.67178],[12.18851,46.67753],[12.18074,46.68235],[12.1703,46.68129],[12.17248,46.67423],[12.17927,46.66871]],[[12.17635,46.41467],[12.16558,46.4152],[12.1598,46.40905],[12.16445,46.40259],[12.1743,46.40548],[12.1787,46.40761],[12.17635,46.41467]],[[12.12852,46.83534],[12.14752,46.82907],[12.14672,46.82185],[12.15007,46.81492],[12.14307,46.8091],[12.13435,46.80509],[12.13737,46.79815],[12.16592,46.80792],[12.15731,46.81227],[12.15545,46.81945],[12.15629,46.8253],[12.15756,46.8276],[12.1519,46.83371],[12.14392,46.83898],[12.13385,46.84159],[12.12852,46.83534]],[[12.10339,46.66082],[12.10393,46.65361],[12.10744,46.64668],[12.11891,46.63448],[12.12767,46.62991],[12.13552,46.62796],[12.1442,46.63548],[12.15631,46.63911],[12.14968,46.64474],[12.14207,46.64979],[12.13157,46.65125],[12.12314,46.65571],[12.10339,46.66082]],[[12.13627,46.41042],[12.13988,46.41723],[12.14836,46.42147],[12.14827,46.43589],[12.1377,46.43539],[12.12855,46.43137],[12.11853,46.42893],[12.11218,46.42529],[12.1142,46.42406],[12.11755,46.41724],[12.12771,46.41464],[12.13627,46.41042]],[[12.07421,46.48349],[12.06486,46.48015],[12.05445,46.47954],[12.04579,46.47553],[12.04831,46.46835],[12.05846,46.46655],[12.06904,46.46705],[12.06644,46.45946],[12.07596,46.4565],[12.08411,46.4612],[12.08872,46.46778],[12.09619,46.47292],[12.10051,46.46635],[12.10762,46.46084],[12.11577,46.46541],[12.12621,46.46476],[12.13679,46.46547],[12.13941,46.4726],[12.12172,46.47168],[12.1014,46.47609],[12.09144,46.48899],[12.08101,46.48896],[12.07421,46.48349]],[[12.09774,46.69084],[12.0981,46.68363],[12.11518,46.68513],[12.11348,46.69243],[12.10473,46.69643],[12.09774,46.69084]],[[12.09626,46.36015],[12.10204,46.36047],[12.10704,46.35883],[12.10998,46.36574],[12.09969,46.36707],[12.09626,46.36015]],[[12.07143,46.23628],[12.06564,46.24237],[12.05495,46.24152],[12.04737,46.24655],[12.03755,46.24422],[12.03097,46.23839],[12.02098,46.23629],[12.0154,46.23014],[12.00747,46.22543],[12.01049,46.21838],[12.02107,46.21752],[12.03057,46.21424],[12.0375,46.20851],[12.04749,46.21061],[12.05803,46.21078],[12.06268,46.20433],[12.05995,46.19738],[12.05933,46.19288],[12.06019,46.18982],[12.07545,46.17957],[12.0851,46.17663],[12.09084,46.1829],[12.08538,46.18922],[12.09956,46.19986],[12.08734,46.21169],[12.09527,46.2165],[12.0916,46.22354],[12.0899,46.23072],[12.07916,46.23148],[12.07143,46.23628]],[[12.04075,46.53519],[12.05011,46.53842],[12.05623,46.54446],[12.06545,46.54104],[12.07567,46.54302],[12.07812,46.55014],[12.08424,46.55641],[12.08549,46.55929],[12.08407,46.56259],[12.07523,46.55869],[12.0699,46.56502],[12.06904,46.57222],[12.05872,46.57344],[12.05208,46.56786],[12.04746,46.56138],[12.04866,46.55396],[12.03576,46.54176],[12.04075,46.53519]],[[12.05931,46.41178],[12.04875,46.41115],[12.04415,46.40467],[12.0452,46.39748],[12.03656,46.39334],[12.02626,46.39501],[12.01307,46.38324],[12.00322,46.38079],[11.99544,46.37598],[11.98986,46.36971],[11.98976,46.36226],[11.98701,46.35524],[11.98955,46.34818],[11.9939,46.34139],[12.00181,46.33671],[12.01042,46.34119],[12.01202,46.34831],[12.00947,46.35571],[12.01489,46.36221],[12.01764,46.36935],[12.02748,46.37168],[12.0334,46.37795],[12.0417,46.38232],[12.05212,46.38214],[12.05874,46.37652],[12.05962,46.36932],[12.04675,46.3579],[12.0473,46.3507],[12.04653,46.34348],[12.04194,46.337],[12.04085,46.32965],[12.03072,46.33144],[12.02362,46.32606],[12.0212,46.31904],[12.0283,46.31366],[12.03351,46.31077],[12.03763,46.31095],[12.04338,46.3171],[12.0494,46.33093],[12.05871,46.33417],[12.06549,46.32866],[12.07588,46.32905],[12.08131,46.33532],[12.07404,46.34081],[12.06366,46.33997],[12.05737,46.34582],[12.05913,46.35294],[12.07538,46.36212],[12.06828,46.36739],[12.07104,46.37442],[12.06588,46.38098],[12.0645,46.38816],[12.07286,46.40146],[12.06853,46.40803],[12.05931,46.41178]],[[12.00754,46.67192],[12.01787,46.67081],[12.04512,46.68231],[12.05372,46.67808],[12.05847,46.67483],[12.0685,46.67257],[12.07858,46.67455],[12.07556,46.6816],[12.06761,46.68652],[12.05699,46.68591],[12.04664,46.68748],[12.03601,46.6871],[12.02681,46.6833],[12.0162,46.68235],[12.00569,46.68391],[12.00072,46.67754],[12.00754,46.67192]],[[12.06656,46.99345],[12.05602,46.99363],[12.05238,46.98682],[12.03801,46.97596],[12.02771,46.97396],[12.02086,46.96836],[12.01091,46.96603],[12.0002,46.96632],[11.99182,46.96184],[12.00097,46.95809],[11.99734,46.95117],[12.00552,46.94626],[12.01606,46.94597],[12.02324,46.95135],[12.03214,46.95538],[12.03375,46.96261],[12.04213,46.96698],[12.05091,46.96952],[12.0537,46.97665],[12.07255,46.98347],[12.07686,46.99006],[12.07581,46.99725],[12.06656,46.99345]],[[11.98569,46.2054],[11.97844,46.20024],[11.96898,46.197],[11.96872,46.18978],[11.95084,46.18228],[11.94047,46.18222],[11.93225,46.18666],[11.92275,46.18994],[11.91421,46.19403],[11.90387,46.19283],[11.89511,46.18879],[11.88548,46.1861],[11.87926,46.18027],[11.86948,46.17713],[11.87609,46.17152],[11.88501,46.17579],[11.89275,46.18073],[11.90168,46.18455],[11.91038,46.18057],[11.9157,46.17414],[11.90661,46.17021],[11.90071,46.16427],[11.89075,46.16181],[11.88234,46.15721],[11.87544,46.15182],[11.89646,46.15344],[11.90684,46.15327],[11.91102,46.14648],[11.90122,46.14402],[11.89416,46.13864],[11.88351,46.13731],[11.86565,46.12991],[11.85605,46.12688],[11.84552,46.1267],[11.83609,46.12333],[11.82525,46.12291],[11.81735,46.12769],[11.80787,46.13061],[11.79253,46.14075],[11.78258,46.14286],[11.77366,46.13915],[11.77991,46.1253],[11.77968,46.11809],[11.78386,46.11141],[11.78264,46.10418],[11.77322,46.10069],[11.76852,46.09419],[11.77846,46.09208],[11.77839,46.08487],[11.78387,46.07868],[11.79336,46.07553],[11.80388,46.0756],[11.81278,46.07954],[11.82302,46.07823],[11.83139,46.07391],[11.84189,46.07467],[11.85228,46.07371],[11.86017,46.07842],[11.85714,46.08535],[11.86744,46.08702],[11.87739,46.08467],[11.87566,46.09185],[11.87132,46.09865],[11.87372,46.10567],[11.88422,46.10654],[11.89259,46.10199],[11.8953,46.09494],[11.90524,46.0927],[11.91501,46.0955],[11.92541,46.09453],[11.93467,46.09777],[11.92759,46.10303],[11.92342,46.10972],[11.9149,46.11381],[11.92029,46.12008],[11.91498,46.1264],[11.91096,46.1332],[11.92228,46.13431],[11.93155,46.13778],[11.93362,46.14503],[11.92994,46.15183],[11.9274,46.159],[11.93279,46.16516],[11.92682,46.17146],[11.93524,46.17595],[11.9458,46.17533],[11.95544,46.17251],[11.96302,46.16726],[11.96441,46.16007],[11.96142,46.1456],[11.97043,46.14186],[11.97703,46.13613],[11.97163,46.12997],[11.9507,46.13089],[11.94279,46.12618],[11.94237,46.11896],[11.95169,46.1158],[11.96163,46.11356],[11.95857,46.10652],[11.96354,46.10008],[11.97179,46.10445],[11.97189,46.11178],[11.98152,46.10896],[11.99011,46.11299],[11.99466,46.12005],[11.99932,46.12333],[11.99484,46.12989],[12.00462,46.12742],[12.01503,46.12621],[12.02026,46.13247],[12.0292,46.13628],[12.03695,46.14109],[12.04286,46.14702],[12.0511,46.15184],[12.0688,46.16001],[12.05811,46.15962],[12.04814,46.15706],[12.03727,46.15746],[12.01889,46.15008],[12.00821,46.14933],[12.00684,46.15652],[12.0151,46.16089],[12.0106,46.16768],[12.01734,46.17328],[12.02786,46.17414],[12.03612,46.1785],[12.01515,46.18023],[12.01509,46.18744],[12.02234,46.19259],[12.01477,46.19762],[12.00435,46.19871],[11.98569,46.2054]],[[11.99263,46.53723],[11.99483,46.53006],[12.00542,46.53056],[12.01409,46.53457],[12.02069,46.53547],[12.02213,46.53721],[12.02474,46.54434],[12.02238,46.5514],[12.02666,46.55799],[12.02928,46.56501],[12.03283,46.57959],[12.0415,46.58373],[12.05104,46.58684],[12.05349,46.59385],[12.04343,46.59176],[12.03425,46.58797],[12.01339,46.58641],[12.00877,46.57982],[12.00599,46.57279],[12.00071,46.56654],[11.99926,46.5593],[12.00639,46.55392],[12.00211,46.54733],[11.99241,46.54444],[11.99263,46.53723]],[[12.05343,46.8401],[12.04575,46.83517],[12.04904,46.83122],[12.05232,46.83276],[12.05343,46.8401]],[[12.02586,46.43415],[12.03037,46.42746],[12.03862,46.4229],[12.04904,46.42306],[12.05281,46.42427],[12.0457,46.42953],[12.03633,46.43271],[12.02586,46.43415]],[[12.02379,46.71817],[12.02782,46.71136],[12.03797,46.71128],[12.05216,46.71503],[12.04355,46.71925],[12.03318,46.72139],[12.02379,46.71817]],[[12.03599,46.60791],[12.04659,46.60863],[12.05131,46.62323],[12.04315,46.61865],[12.02591,46.61199],[12.02581,46.60982],[12.03599,46.60791]],[[12.02814,46.51292],[12.01755,46.51265],[12.01942,46.50547],[12.0275,46.5009],[12.03672,46.49703],[12.04464,46.49233],[12.04968,46.49561],[12.04913,46.49766],[12.04283,46.50341],[12.03751,46.50974],[12.02814,46.51292]],[[11.93822,46.61892],[11.93927,46.61173],[11.9451,46.60575],[11.94716,46.59835],[11.95167,46.59178],[11.95438,46.58472],[11.96553,46.57253],[11.97598,46.57258],[11.98009,46.57378],[11.98542,46.57295],[11.99461,46.5764],[11.99738,46.58354],[11.98976,46.58857],[11.99287,46.5956],[11.98268,46.59785],[11.97226,46.59678],[11.96255,46.5995],[11.96001,46.60667],[11.955,46.613],[11.96282,46.61804],[11.96626,46.62484],[11.97563,46.62819],[11.98552,46.63063],[12.0066,46.63071],[12.01597,46.63394],[12.00561,46.63596],[11.99848,46.64135],[11.98766,46.64222],[11.97706,46.64126],[11.9694,46.63634],[11.95896,46.63561],[11.94333,46.62564],[11.93822,46.61892]],[[12.01071,46.48623],[12.00172,46.48221],[12.00442,46.47492],[12.01216,46.47618],[12.01071,46.48623]],[[11.97574,46.7178],[11.97994,46.711],[11.98843,46.71066],[11.99179,46.70957],[11.98579,46.71555],[11.97574,46.7178]],[[11.87239,46.3341],[11.87964,46.33926],[11.88154,46.34662],[11.86294,46.33966],[11.85125,46.31932],[11.84434,46.31393],[11.83949,46.32037],[11.84123,46.3275],[11.83265,46.33204],[11.82224,46.33186],[11.81224,46.33443],[11.81529,46.3275],[11.82242,46.32213],[11.82318,46.3147],[11.82524,46.30764],[11.81766,46.30247],[11.80723,46.30321],[11.805,46.31026],[11.78754,46.31831],[11.78879,46.31112],[11.79656,46.30622],[11.8001,46.29942],[11.80835,46.29498],[11.80893,46.28778],[11.81766,46.28359],[11.81874,46.2764],[11.8244,46.2702],[11.83185,46.26484],[11.83571,46.25815],[11.83331,46.25113],[11.83717,46.24444],[11.83094,46.23861],[11.83285,46.23132],[11.84282,46.22909],[11.84749,46.22265],[11.85789,46.22225],[11.86128,46.22907],[11.85628,46.23539],[11.84805,46.23983],[11.84962,46.24695],[11.8469,46.254],[11.85347,46.25972],[11.85961,46.25388],[11.86265,46.24695],[11.86895,46.24122],[11.8715,46.23416],[11.88131,46.23159],[11.88923,46.23641],[11.89346,46.24301],[11.90233,46.23893],[11.8966,46.23288],[11.89204,46.22627],[11.88513,46.22089],[11.88555,46.21357],[11.88032,46.2073],[11.89013,46.20472],[11.90011,46.20684],[11.90837,46.21121],[11.91466,46.22528],[11.92522,46.225],[11.93281,46.22994],[11.93566,46.23353],[11.95977,46.24744],[11.95641,46.25436],[11.9575,46.26159],[11.96748,46.26404],[11.97447,46.27778],[11.98105,46.28361],[11.97216,46.28781],[11.96172,46.28913],[11.95259,46.28566],[11.94293,46.28836],[11.93293,46.28625],[11.93235,46.27892],[11.92878,46.27199],[11.92844,46.25745],[11.92736,46.2501],[11.9196,46.24528],[11.91363,46.25148],[11.90878,46.25815],[11.90887,46.26536],[11.90492,46.27994],[11.89835,46.27422],[11.89545,46.26731],[11.88854,46.26158],[11.878,46.26129],[11.86973,46.25691],[11.86343,46.26275],[11.87305,46.27562],[11.88233,46.27933],[11.90325,46.29548],[11.89268,46.29542],[11.88493,46.29048],[11.86444,46.28624],[11.85804,46.28052],[11.85994,46.27322],[11.85336,46.26762],[11.84303,46.26572],[11.83672,46.27179],[11.83188,46.27823],[11.83443,46.28537],[11.83933,46.29175],[11.83432,46.29819],[11.83854,46.3049],[11.85852,46.3096],[11.86408,46.31599],[11.85973,46.32255],[11.86815,46.32751],[11.87239,46.3341]],[[11.71002,46.38706],[11.7204,46.38794],[11.73022,46.39087],[11.75126,46.38965],[11.75537,46.3914],[11.76904,46.39172],[11.77678,46.39763],[11.78617,46.39841],[11.79541,46.39457],[11.80489,46.3976],[11.81526,46.39904],[11.81933,46.40575],[11.82972,46.40639],[11.83925,46.40347],[11.84247,46.39654],[11.85266,46.39832],[11.86309,46.39827],[11.87309,46.40084],[11.88338,46.39965],[11.89275,46.39649],[11.9012,46.40098],[11.92207,46.40007],[11.93191,46.39749],[11.94098,46.3934],[11.95044,46.39745],[11.9507,46.40466],[11.9702,46.41025],[11.9808,46.40996],[11.97384,46.41534],[11.969,46.42179],[11.9586,46.42105],[11.94963,46.41712],[11.94042,46.42052],[11.93382,46.41492],[11.92654,46.42006],[11.9179,46.41602],[11.90841,46.413],[11.89887,46.41628],[11.88025,46.40921],[11.87023,46.40698],[11.86022,46.40944],[11.86782,46.41472],[11.87005,46.42197],[11.86108,46.41804],[11.85036,46.41728],[11.84435,46.42336],[11.84859,46.42995],[11.85603,46.43512],[11.86624,46.43655],[11.87672,46.43502],[11.88654,46.43827],[11.89263,46.44433],[11.89122,46.45152],[11.8831,46.44691],[11.87308,46.44468],[11.86307,46.44692],[11.85287,46.44525],[11.83473,46.45272],[11.82488,46.45026],[11.81442,46.4511],[11.80918,46.44472],[11.81904,46.44214],[11.8295,46.4413],[11.83777,46.43675],[11.83769,46.42942],[11.83009,46.42448],[11.80925,46.424],[11.79953,46.42749],[11.79516,46.43405],[11.78516,46.43616],[11.78374,46.44335],[11.77425,46.4402],[11.76409,46.44208],[11.75743,46.44768],[11.764,46.45364],[11.76126,46.4608],[11.75636,46.4543],[11.74728,46.45826],[11.72654,46.4549],[11.73027,46.44787],[11.72805,46.44073],[11.73649,46.43642],[11.74687,46.43753],[11.75626,46.43427],[11.76669,46.43423],[11.77638,46.43154],[11.78513,46.42758],[11.79048,46.42138],[11.79795,46.41602],[11.7883,46.41298],[11.75693,46.41127],[11.74865,46.40677],[11.74411,46.39982],[11.73393,46.39769],[11.72598,46.40258],[11.71931,46.40852],[11.70948,46.40594],[11.70396,46.41213],[11.69974,46.40553],[11.69885,46.39818],[11.70127,46.39113],[11.71002,46.38706]],[[11.95323,46.51375],[11.9658,46.52539],[11.94545,46.52966],[11.94518,46.52221],[11.94739,46.51504],[11.94162,46.50888],[11.95293,46.49658],[11.96277,46.49959],[11.95438,46.50862],[11.95323,46.51375]],[[11.93658,46.44678],[11.94006,46.44661],[11.95407,46.44329],[11.96034,46.44912],[11.95647,46.45592],[11.93755,46.46236],[11.93213,46.45609],[11.91099,46.45437],[11.91715,46.44852],[11.91805,46.44132],[11.92845,46.44218],[11.93658,46.44678]],[[11.9111,46.46604],[11.92149,46.46748],[11.91794,46.47463],[11.90753,46.47388],[11.89749,46.47188],[11.88778,46.47492],[11.88244,46.48113],[11.87227,46.48301],[11.86167,46.48306],[11.85165,46.48518],[11.84128,46.48351],[11.8103,46.48812],[11.815,46.48168],[11.82562,46.48106],[11.84536,46.47557],[11.85579,46.47563],[11.8766,46.47256],[11.88568,46.46871],[11.89569,46.46636],[11.90492,46.46285],[11.90501,46.45999],[11.9111,46.46604]],[[11.7445,46.93795],[11.74289,46.94513],[11.75173,46.94117],[11.75812,46.93545],[11.75852,46.94278],[11.75278,46.94897],[11.74252,46.95062],[11.73434,46.946],[11.73545,46.9387],[11.73034,46.9322],[11.73211,46.9249],[11.73105,46.91767],[11.73282,46.91026],[11.73692,46.90324],[11.74655,46.90021],[11.75491,46.89544],[11.76654,46.88305],[11.77705,46.88336],[11.78699,46.88079],[11.80764,46.87737],[11.81565,46.87271],[11.81256,46.86567],[11.83349,46.86832],[11.84199,46.86378],[11.85103,46.8676],[11.85904,46.86293],[11.86877,46.86618],[11.87926,46.86659],[11.88695,46.86145],[11.89718,46.85979],[11.904,46.86529],[11.896,46.86996],[11.88576,46.87185],[11.87514,46.87018],[11.86457,46.87172],[11.85413,46.86971],[11.84337,46.87204],[11.84013,46.87393],[11.8296,46.87455],[11.82224,46.87969],[11.81246,46.88249],[11.80314,46.88634],[11.79463,46.89099],[11.78988,46.89778],[11.7805,46.89418],[11.77002,46.89308],[11.7666,46.89988],[11.77358,46.90527],[11.76308,46.90474],[11.75254,46.90547],[11.74384,46.91035],[11.73992,46.91714],[11.7452,46.92342],[11.7445,46.93795]],[[11.84035,46.57701],[11.8456,46.58328],[11.85194,46.57756],[11.8615,46.57463],[11.86777,46.58046],[11.86512,46.59484],[11.86074,46.60152],[11.86349,46.60866],[11.85302,46.60871],[11.84573,46.60355],[11.8357,46.60566],[11.82617,46.60263],[11.8241,46.60969],[11.83397,46.61238],[11.82408,46.61484],[11.80468,46.60935],[11.79448,46.61135],[11.78538,46.61519],[11.78761,46.62233],[11.77697,46.62271],[11.7493,46.61179],[11.73884,46.61183],[11.72862,46.60981],[11.72253,46.60386],[11.73303,46.6028],[11.76449,46.60509],[11.77365,46.6088],[11.78195,46.60437],[11.78304,46.59718],[11.7737,46.59369],[11.76794,46.58764],[11.782,46.58445],[11.79591,46.58516],[11.81339,46.59314],[11.83236,46.58706],[11.82794,46.58046],[11.82101,46.57484],[11.81051,46.57615],[11.79882,46.56415],[11.80901,46.56215],[11.81944,46.56291],[11.82587,46.56863],[11.8361,46.5703],[11.84035,46.57701]],[[11.80333,46.53985],[11.78532,46.52877],[11.78142,46.52206],[11.78284,46.51476],[11.79182,46.51847],[11.80228,46.51808],[11.81075,46.52235],[11.8187,46.51768],[11.8183,46.51024],[11.80881,46.50675],[11.80052,46.50237],[11.80571,46.49605],[11.8263,46.4995],[11.83341,46.50489],[11.84222,46.50882],[11.84536,46.5233],[11.85163,46.52913],[11.85121,46.53634],[11.8415,46.53903],[11.83285,46.52549],[11.82557,46.52032],[11.82005,46.52652],[11.81897,46.53383],[11.81938,46.54105],[11.81648,46.54798],[11.80606,46.54711],[11.80333,46.53985]],[[11.80077,46.03766],[11.8056,46.03122],[11.81412,46.02714],[11.83884,46.03422],[11.83916,46.04887],[11.82419,46.05879],[11.81529,46.05474],[11.80587,46.0516],[11.80101,46.04499],[11.80077,46.03766]],[[11.81019,46.64596],[11.81428,46.65268],[11.82276,46.65729],[11.82667,46.66411],[11.81617,46.66496],[11.8082,46.65989],[11.80529,46.65298],[11.79524,46.65532],[11.78613,46.65905],[11.77561,46.66046],[11.76517,46.65959],[11.76552,46.65444],[11.77122,46.65306],[11.7817,46.65279],[11.79049,46.64882],[11.80117,46.64729],[11.80638,46.64098],[11.79791,46.63636],[11.79651,46.62912],[11.80517,46.63317],[11.81178,46.63878],[11.81019,46.64596]],[[11.81987,46.71092],[11.8119,46.70586],[11.80831,46.69904],[11.81549,46.69368],[11.82269,46.69701],[11.82443,46.70425],[11.81987,46.71092]],[[11.67048,46.33492],[11.68797,46.34429],[11.70887,46.34675],[11.71519,46.34103],[11.72409,46.3373],[11.73371,46.34057],[11.7443,46.34019],[11.75414,46.33773],[11.76673,46.3367],[11.77431,46.34188],[11.77987,46.34804],[11.78831,46.35232],[11.79873,46.35204],[11.80734,46.35632],[11.81786,46.35788],[11.81122,46.36348],[11.81279,46.37061],[11.80246,46.37271],[11.79205,46.37264],[11.78176,46.37372],[11.77383,46.369],[11.76322,46.36984],[11.75563,46.36489],[11.74507,46.36447],[11.73544,46.3612],[11.72922,46.35502],[11.71908,46.35666],[11.70926,46.35385],[11.70032,46.35002],[11.69001,46.35166],[11.67958,46.35215],[11.67147,46.35692],[11.66271,46.35252],[11.6575,46.34624],[11.66464,46.34099],[11.67048,46.33492]],[[11.79948,46.22375],[11.78979,46.22724],[11.78219,46.23236],[11.78242,46.23969],[11.77936,46.24696],[11.77096,46.25128],[11.76423,46.24578],[11.75851,46.2396],[11.75724,46.2247],[11.75303,46.2181],[11.74342,46.21483],[11.74053,46.22188],[11.73011,46.22283],[11.72254,46.21788],[11.71239,46.21598],[11.70901,46.20916],[11.69975,46.20578],[11.69687,46.19886],[11.70335,46.19303],[11.70772,46.18636],[11.71733,46.18929],[11.71908,46.18211],[11.72262,46.1753],[11.73293,46.1771],[11.73498,46.18423],[11.74321,46.17969],[11.753,46.18239],[11.7625,46.17947],[11.76718,46.1728],[11.76777,46.16549],[11.77289,46.16512],[11.77761,46.1667],[11.78586,46.17108],[11.79207,46.17703],[11.80031,46.18141],[11.80469,46.18813],[11.80533,46.20279],[11.80416,46.21719],[11.79948,46.22375]],[[11.78063,46.29002],[11.77724,46.28321],[11.78482,46.28827],[11.78063,46.29002]],[[11.78387,46.68957],[11.77365,46.69167],[11.77206,46.69886],[11.77597,46.70568],[11.76766,46.71011],[11.75848,46.70628],[11.7505,46.71095],[11.74337,46.70567],[11.73831,46.71198],[11.7349,46.71879],[11.72881,46.71261],[11.71945,46.70924],[11.72039,46.7017],[11.71736,46.69821],[11.72094,46.69141],[11.73143,46.69103],[11.74102,46.688],[11.75123,46.68635],[11.75857,46.68099],[11.76892,46.67991],[11.77844,46.68329],[11.78387,46.68957]],[[11.74889,46.00959],[11.7592,46.01058],[11.76456,46.01675],[11.75714,46.02211],[11.74677,46.02283],[11.74555,46.01549],[11.74889,46.00959]],[[11.74925,46.88137],[11.75018,46.87418],[11.75624,46.8681],[11.76071,46.86921],[11.76164,46.87106],[11.75871,46.87811],[11.74925,46.88137]],[[11.35495,46.06565],[11.36332,46.06996],[11.36482,46.07709],[11.37266,46.08195],[11.39346,46.08401],[11.40081,46.08909],[11.41128,46.09034],[11.4095,46.09751],[11.40349,46.10345],[11.3851,46.11027],[11.40356,46.11708],[11.41369,46.11889],[11.41718,46.12584],[11.42638,46.12237],[11.43159,46.11596],[11.45255,46.11445],[11.46359,46.10209],[11.47385,46.10059],[11.47968,46.10678],[11.47626,46.11392],[11.46676,46.11681],[11.459,46.12157],[11.45027,46.12551],[11.43974,46.12551],[11.43006,46.12886],[11.4281,46.13614],[11.43776,46.13349],[11.44833,46.13268],[11.45434,46.13864],[11.44622,46.14374],[11.43781,46.14802],[11.42745,46.14769],[11.41808,46.15116],[11.40953,46.14697],[11.39913,46.14766],[11.38902,46.1455],[11.38723,46.15267],[11.38009,46.1579],[11.37764,46.16494],[11.38636,46.16914],[11.39525,46.16521],[11.4059,46.1628],[11.41514,46.1662],[11.42543,46.16814],[11.43212,46.17366],[11.44227,46.17525],[11.44453,46.16064],[11.45485,46.16178],[11.46437,46.15866],[11.46925,46.15223],[11.47961,46.15245],[11.48547,46.14616],[11.49181,46.15201],[11.49502,46.16627],[11.48598,46.16986],[11.48354,46.17703],[11.48671,46.18396],[11.49529,46.17979],[11.51099,46.17038],[11.51904,46.17501],[11.52234,46.18929],[11.52732,46.18616],[11.53204,46.17951],[11.54202,46.17696],[11.55155,46.17349],[11.5561,46.16683],[11.54702,46.16321],[11.53659,46.16449],[11.53886,46.15732],[11.56024,46.14138],[11.56445,46.13471],[11.55503,46.13166],[11.54492,46.13329],[11.53811,46.13911],[11.5334,46.14565],[11.52305,46.14498],[11.51312,46.14226],[11.50494,46.12882],[11.51175,46.12323],[11.51597,46.11657],[11.51247,46.10963],[11.51522,46.10258],[11.53586,46.10083],[11.54492,46.10468],[11.55425,46.10154],[11.56421,46.10357],[11.58472,46.10066],[11.59431,46.1036],[11.59881,46.11044],[11.60183,46.11737],[11.5968,46.12414],[11.59422,46.13118],[11.58919,46.13784],[11.57735,46.15832],[11.58922,46.17058],[11.5966,46.17564],[11.59574,46.16819],[11.59603,46.16075],[11.59779,46.15358],[11.60651,46.1494],[11.60647,46.14218],[11.611,46.13563],[11.61854,46.1407],[11.61595,46.14798],[11.61814,46.15535],[11.61918,46.16258],[11.62969,46.16313],[11.63455,46.1567],[11.63351,46.14946],[11.62946,46.13508],[11.62627,46.12792],[11.62672,46.12072],[11.63728,46.11989],[11.63871,46.11271],[11.62447,46.10202],[11.62721,46.09497],[11.6376,46.09426],[11.6523,46.08401],[11.66296,46.08467],[11.67,46.09007],[11.67038,46.09729],[11.67657,46.10325],[11.68543,46.09952],[11.68752,46.09212],[11.68762,46.08491],[11.70183,46.07419],[11.7094,46.06506],[11.71614,46.06061],[11.72647,46.06137],[11.73369,46.07513],[11.74383,46.07669],[11.74537,46.08393],[11.74445,46.09124],[11.74238,46.09852],[11.73576,46.10412],[11.73451,46.11143],[11.72804,46.11726],[11.72777,46.12458],[11.71875,46.12819],[11.71701,46.13537],[11.70669,46.13392],[11.69659,46.13567],[11.69272,46.14235],[11.69163,46.14954],[11.70002,46.15405],[11.69064,46.16727],[11.68052,46.16479],[11.67179,46.1605],[11.66559,46.15466],[11.66586,46.14745],[11.65966,46.14161],[11.65303,46.14721],[11.65822,46.1536],[11.65368,46.16027],[11.65738,46.16709],[11.67129,46.178],[11.67003,46.18519],[11.65989,46.18328],[11.65309,46.18887],[11.65545,46.19613],[11.63753,46.20368],[11.6394,46.1893],[11.63235,46.18401],[11.63015,46.17687],[11.62255,46.18187],[11.61866,46.18867],[11.62403,46.19484],[11.62226,46.20224],[11.6161,46.20808],[11.60553,46.20856],[11.60067,46.20217],[11.58989,46.20401],[11.58166,46.1995],[11.5793,46.19247],[11.58303,46.18568],[11.58331,46.17836],[11.57294,46.17815],[11.56646,46.18386],[11.55577,46.1833],[11.55317,46.19058],[11.54781,46.19711],[11.549,46.20435],[11.55826,46.20774],[11.5684,46.20565],[11.5751,46.21128],[11.56748,46.21628],[11.56538,46.22345],[11.56658,46.23068],[11.5696,46.23772],[11.57975,46.23953],[11.59037,46.23802],[11.6002,46.23547],[11.60758,46.24053],[11.61931,46.25278],[11.62401,46.25928],[11.63323,46.25545],[11.64374,46.25669],[11.65295,46.2532],[11.66309,46.25534],[11.66567,46.24829],[11.65845,46.24312],[11.64248,46.23366],[11.65184,46.23029],[11.65835,46.224],[11.66723,46.22028],[11.67721,46.2223],[11.68107,46.22901],[11.67801,46.23594],[11.68839,46.23625],[11.69259,46.24285],[11.69216,46.25005],[11.68311,46.25377],[11.68333,46.2611],[11.69386,46.26187],[11.69905,46.25556],[11.70904,46.25312],[11.71258,46.25994],[11.71879,46.26589],[11.72932,46.26666],[11.73945,46.26501],[11.7407,46.25771],[11.71426,46.24566],[11.71106,46.23862],[11.7018,46.2349],[11.70058,46.22766],[11.71089,46.22969],[11.71948,46.23374],[11.73003,46.23382],[11.73878,46.23821],[11.74232,46.24503],[11.74803,46.25132],[11.75527,46.25649],[11.75748,46.26362],[11.75703,46.28525],[11.75005,46.29107],[11.74068,46.29456],[11.73294,46.28961],[11.73518,46.28256],[11.72535,46.2849],[11.71761,46.28006],[11.70793,46.28297],[11.69812,46.2805],[11.68827,46.28352],[11.68003,46.27878],[11.66961,46.27939],[11.6654,46.27278],[11.66403,46.26555],[11.65376,46.26661],[11.64393,46.26894],[11.63826,46.27501],[11.62916,46.27117],[11.61879,46.27051],[11.60953,46.26678],[11.6075,46.25953],[11.60147,46.25346],[11.59828,46.24653],[11.58837,46.24256],[11.5822,46.24851],[11.57491,46.25363],[11.56438,46.25284],[11.55401,46.23993],[11.54418,46.24237],[11.53672,46.24748],[11.53052,46.24163],[11.53652,46.22779],[11.53167,46.22128],[11.52215,46.22441],[11.51759,46.23095],[11.51714,46.23816],[11.50686,46.23944],[11.50673,46.24676],[11.50299,46.25355],[11.49813,46.24715],[11.48869,46.2441],[11.49455,46.23804],[11.49435,46.23082],[11.50068,46.22511],[11.50605,46.21881],[11.51276,46.2047],[11.50381,46.20904],[11.49048,46.22067],[11.48511,46.22685],[11.47829,46.23232],[11.46814,46.23452],[11.46513,46.22758],[11.46412,46.22012],[11.44791,46.22929],[11.43849,46.226],[11.44418,46.21993],[11.458,46.20878],[11.48931,46.20897],[11.49548,46.20314],[11.48571,46.20031],[11.48287,46.19338],[11.47319,46.19616],[11.45382,46.19049],[11.44412,46.19383],[11.43415,46.19591],[11.43805,46.18924],[11.4377,46.18202],[11.42845,46.17862],[11.41831,46.17692],[11.41027,46.17217],[11.40329,46.17763],[11.40232,46.18482],[11.4002,46.19198],[11.39289,46.19721],[11.39739,46.20383],[11.40644,46.20803],[11.40415,46.21531],[11.39447,46.21819],[11.38558,46.21411],[11.38208,46.20728],[11.37336,46.20297],[11.35325,46.20677],[11.3501,46.19983],[11.35613,46.19378],[11.35989,46.18676],[11.36055,46.17934],[11.35087,46.1821],[11.34537,46.17591],[11.34437,46.16868],[11.33904,46.1625],[11.33589,46.15556],[11.32769,46.15103],[11.33516,46.14593],[11.3453,46.14741],[11.35523,46.15003],[11.36361,46.15433],[11.3739,46.1525],[11.37601,46.14544],[11.3727,46.13828],[11.3789,46.132],[11.37275,46.12568],[11.36248,46.12718],[11.3659,46.12038],[11.37063,46.11385],[11.36897,46.10648],[11.35902,46.10444],[11.35201,46.11813],[11.34242,46.11541],[11.3391,46.10858],[11.34334,46.10192],[11.34316,46.0947],[11.33515,46.08995],[11.32504,46.08789],[11.32354,46.08076],[11.33005,46.07495],[11.33168,46.06778],[11.32903,46.06073],[11.29869,46.05537],[11.30805,46.0518],[11.31819,46.04939],[11.32892,46.04825],[11.34839,46.05395],[11.35659,46.05836],[11.35495,46.06565]],[[11.74215,46.134],[11.74846,46.12763],[11.75764,46.13099],[11.75692,46.13831],[11.75422,46.14527],[11.74401,46.14671],[11.73946,46.14016],[11.74215,46.134]],[[11.70876,46.52337],[11.69679,46.51101],[11.68695,46.50819],[11.67651,46.50811],[11.66737,46.50451],[11.67517,46.49973],[11.6852,46.50187],[11.69417,46.5057],[11.70464,46.50486],[11.72583,46.50537],[11.72867,46.50496],[11.73355,46.50276],[11.7434,46.50546],[11.74762,46.51241],[11.74295,46.52674],[11.7384,46.5333],[11.72962,46.53749],[11.72606,46.53067],[11.71914,46.52516],[11.70876,46.52337]],[[11.67611,46.02804],[11.66695,46.03141],[11.65952,46.03653],[11.6502,46.03967],[11.64916,46.03244],[11.65369,46.02578],[11.66094,46.02065],[11.66546,46.0141],[11.67387,46.00899],[11.6808,46.00352],[11.69067,45.98985],[11.70061,45.98752],[11.70462,45.99447],[11.71523,45.99604],[11.72293,46.00099],[11.73287,46.003],[11.73441,46.01024],[11.73365,46.01756],[11.72371,46.02012],[11.71309,46.01843],[11.68208,46.02208],[11.67611,46.02804]],[[11.63947,46.44124],[11.62258,46.45008],[11.62114,46.45726],[11.62569,46.46376],[11.63557,46.46086],[11.6437,46.45609],[11.65163,46.46105],[11.66223,46.46091],[11.67421,46.45815],[11.6709,46.47116],[11.67447,46.47442],[11.67344,46.47967],[11.68002,46.4854],[11.67351,46.49111],[11.65267,46.49015],[11.64248,46.49236],[11.64021,46.49952],[11.64577,46.50593],[11.64565,46.51336],[11.63832,46.51849],[11.62348,46.5079],[11.61307,46.50701],[11.6032,46.50934],[11.58439,46.51561],[11.57641,46.52049],[11.56596,46.52063],[11.55555,46.51962],[11.55849,46.51247],[11.56323,46.50604],[11.57399,46.50636],[11.59154,46.49835],[11.6021,46.49936],[11.61259,46.49819],[11.62199,46.49505],[11.61979,46.4878],[11.61389,46.48185],[11.60475,46.47835],[11.61337,46.47394],[11.6125,46.46659],[11.60946,46.45955],[11.61007,46.45235],[11.6057,46.44551],[11.60796,46.43846],[11.60643,46.43122],[11.61245,46.42527],[11.61684,46.41871],[11.62057,46.4165],[11.62389,46.41622],[11.63319,46.41949],[11.62848,46.42592],[11.63387,46.43209],[11.6437,46.43457],[11.63947,46.44124]],[[11.54899,46.36117],[11.55208,46.35425],[11.55319,46.34706],[11.55034,46.33991],[11.53992,46.34027],[11.53372,46.33408],[11.5248,46.33012],[11.51842,46.31625],[11.52233,46.30958],[11.5309,46.3141],[11.53609,46.32039],[11.53762,46.32763],[11.54796,46.32521],[11.54739,46.31043],[11.55064,46.30351],[11.55871,46.30814],[11.56025,46.31526],[11.56962,46.31202],[11.576,46.31775],[11.57063,46.32417],[11.5664,46.33084],[11.5666,46.33828],[11.56285,46.34519],[11.56688,46.35191],[11.58706,46.35575],[11.58876,46.36288],[11.58209,46.36858],[11.57172,46.36758],[11.56125,46.36886],[11.55735,46.37553],[11.56373,46.38127],[11.57411,46.38216],[11.58334,46.3788],[11.59264,46.38207],[11.60249,46.37951],[11.62242,46.38162],[11.60651,46.39093],[11.60048,46.39722],[11.5912,46.39337],[11.57067,46.38965],[11.56113,46.39255],[11.55131,46.39006],[11.54725,46.37567],[11.54705,46.36846],[11.54899,46.36117]],[[11.60628,46.0877],[11.59604,46.08887],[11.59421,46.08505],[11.59724,46.0834],[11.60628,46.0877]],[[11.59023,46.06483],[11.57365,46.05592],[11.57311,46.04892],[11.57536,46.04599],[11.585,46.04309],[11.5955,46.04353],[11.59313,46.05791],[11.59023,46.06483]],[[11.53049,46.78837],[11.52206,46.78396],[11.51176,46.78194],[11.50386,46.78726],[11.49531,46.79143],[11.48829,46.80522],[11.48802,46.81254],[11.47753,46.812],[11.4803,46.80493],[11.48123,46.79773],[11.48317,46.79066],[11.45136,46.79041],[11.44496,46.78453],[11.44357,46.7772],[11.43666,46.77165],[11.42874,46.7669],[11.42469,46.76023],[11.41712,46.76532],[11.41139,46.75921],[11.40817,46.7522],[11.39752,46.75189],[11.3938,46.74511],[11.38808,46.73899],[11.38336,46.73232],[11.37108,46.72043],[11.37004,46.7131],[11.37348,46.70627],[11.38324,46.70887],[11.38362,46.71619],[11.38667,46.7232],[11.39122,46.72976],[11.39694,46.73609],[11.40552,46.74051],[11.42051,46.7507],[11.42674,46.75659],[11.43432,46.76156],[11.44662,46.77367],[11.45437,46.77854],[11.46416,46.78113],[11.47466,46.78041],[11.47991,46.77393],[11.47417,46.76782],[11.46558,46.76364],[11.483,46.75553],[11.48941,46.74975],[11.49366,46.74303],[11.49686,46.72841],[11.50293,46.72251],[11.50536,46.71532],[11.51521,46.7123],[11.53649,46.7128],[11.54698,46.71207],[11.5532,46.70628],[11.56353,46.70486],[11.58325,46.71037],[11.58703,46.71383],[11.57866,46.71846],[11.56956,46.71463],[11.55971,46.71742],[11.53861,46.7159],[11.52828,46.71754],[11.5135,46.72819],[11.5134,46.73551],[11.51131,46.74259],[11.51354,46.7497],[11.52247,46.75365],[11.53277,46.75498],[11.54343,46.75414],[11.5527,46.7581],[11.57363,46.76098],[11.57088,46.76806],[11.56086,46.77028],[11.55037,46.77055],[11.53098,46.76424],[11.52238,46.75994],[11.50145,46.75727],[11.49225,46.76075],[11.49481,46.76786],[11.4889,46.774],[11.48946,46.78121],[11.49996,46.78048],[11.5067,46.77493],[11.51736,46.77421],[11.52749,46.77634],[11.53156,46.78334],[11.54083,46.78684],[11.53049,46.78837]],[[11.52058,46.34457],[11.52594,46.35098],[11.53611,46.35278],[11.52992,46.35861],[11.51947,46.35966],[11.51054,46.3557],[11.50022,46.35343],[11.49786,46.3464],[11.52058,46.34457]],[[11.50914,46.95668],[11.50396,46.95681],[11.49837,46.95051],[11.48898,46.94723],[11.49924,46.94561],[11.50451,46.9393],[11.50488,46.94664],[11.51236,46.95171],[11.50914,46.95668]],[[11.50033,46.70659],[11.49807,46.71378],[11.48953,46.71806],[11.48345,46.72397],[11.47311,46.72595],[11.46473,46.73034],[11.46667,46.72327],[11.46411,46.71627],[11.45653,46.71129],[11.44607,46.71018],[11.44335,46.70318],[11.44777,46.69658],[11.45841,46.69689],[11.46732,46.70108],[11.47726,46.70378],[11.48415,46.69835],[11.47976,46.69179],[11.49023,46.6921],[11.49999,46.69526],[11.49945,46.69835],[11.4971,46.69959],[11.50033,46.70659]],[[11.45963,46.62506],[11.44886,46.62349],[11.45228,46.61688],[11.4575,46.612],[11.46812,46.61197],[11.46569,46.61916],[11.45963,46.62506]],[[11.43047,46.33401],[11.42528,46.32772],[11.43543,46.32598],[11.4454,46.32848],[11.45194,46.33411],[11.46119,46.33419],[11.46637,46.34083],[11.46294,46.34762],[11.45237,46.34763],[11.44378,46.34356],[11.44045,46.33639],[11.43047,46.33401]],[[11.43949,46.36705],[11.43497,46.36055],[11.42927,46.35447],[11.43971,46.35378],[11.44265,46.35475],[11.44924,46.35524],[11.44761,46.36253],[11.43949,46.36705]],[[11.42455,46.65018],[11.43337,46.64888],[11.44383,46.6493],[11.4404,46.65614],[11.44129,46.66335],[11.43177,46.6666],[11.42112,46.66765],[11.40398,46.65893],[11.40194,46.65171],[11.40933,46.64617],[11.41996,46.64648],[11.42455,46.65018]],[[11.43154,46.83487],[11.4258,46.82853],[11.41545,46.82994],[11.3991,46.82054],[11.38965,46.81737],[11.37946,46.81934],[11.38522,46.81321],[11.37492,46.81164],[11.36635,46.81614],[11.36025,46.82204],[11.35697,46.82899],[11.35004,46.83488],[11.32979,46.83951],[11.3354,46.83338],[11.34446,46.82945],[11.35073,46.82356],[11.35418,46.8165],[11.35879,46.80956],[11.34831,46.80878],[11.33844,46.81133],[11.33773,46.80388],[11.32931,46.79946],[11.31943,46.80246],[11.30706,46.81448],[11.29658,46.81393],[11.30069,46.80721],[11.3063,46.80109],[11.30259,46.79407],[11.30505,46.787],[11.29579,46.78349],[11.28705,46.78764],[11.28029,46.79318],[11.27608,46.78651],[11.28994,46.77531],[11.2919,46.76812],[11.28501,46.76257],[11.27449,46.76407],[11.26495,46.76719],[11.27004,46.75293],[11.26214,46.74783],[11.26444,46.74075],[11.2562,46.73621],[11.26181,46.73009],[11.27004,46.72548],[11.27183,46.71829],[11.2673,46.71172],[11.2656,46.70461],[11.2555,46.70257],[11.25046,46.69623],[11.26048,46.6937],[11.27024,46.69631],[11.28057,46.69492],[11.2916,46.68244],[11.30096,46.6792],[11.31004,46.68295],[11.3205,46.68327],[11.32005,46.69047],[11.31709,46.69777],[11.3074,46.70054],[11.29694,46.69999],[11.28627,46.70161],[11.281,46.70785],[11.2889,46.71261],[11.28495,46.71932],[11.28266,46.7264],[11.28888,46.73229],[11.29953,46.73227],[11.28717,46.74428],[11.28654,46.75149],[11.30728,46.75488],[11.31617,46.75095],[11.32289,46.75651],[11.33495,46.76176],[11.34034,46.7681],[11.34405,46.77511],[11.33445,46.77171],[11.3289,46.76525],[11.31896,46.76253],[11.30867,46.76073],[11.30208,46.76639],[11.30797,46.77262],[11.31522,46.78618],[11.32212,46.79162],[11.36123,46.80306],[11.37169,46.80544],[11.38217,46.80633],[11.38743,46.80008],[11.39791,46.80074],[11.40331,46.80707],[11.40737,46.81374],[11.41394,46.81963],[11.42356,46.82268],[11.43404,46.82391],[11.43911,46.83024],[11.43683,46.83743],[11.44307,46.84354],[11.43276,46.8422],[11.43154,46.83487]],[[11.20177,46.3523],[11.19682,46.36639],[11.19664,46.37371],[11.18608,46.37335],[11.17787,46.36847],[11.17424,46.3614],[11.18382,46.35807],[11.19134,46.35264],[11.20177,46.3523]],[[11.10456,45.82446],[11.11557,45.81148],[11.12302,45.80593],[11.13352,45.80463],[11.14114,45.81007],[11.14185,45.81741],[11.13749,45.82414],[11.13036,45.8297],[11.11368,45.83885],[11.10549,45.83856],[11.10249,45.83155],[11.10456,45.82446]],[[11.09103,46.54301],[11.08131,46.54004],[11.07981,46.53282],[11.09041,46.53317],[11.09151,46.5357],[11.09103,46.54301]],[[11.06723,45.7121],[11.07633,45.71561],[11.07523,45.72293],[11.06723,45.7121]],[[11.06707,45.7121],[11.07515,45.723],[11.07254,45.72784],[11.05266,45.7334],[11.04289,45.73114],[11.04383,45.72393],[11.04737,45.71709],[11.05642,45.7135],[11.06707,45.7121]],[[11.05659,46.02578],[11.06573,46.02817],[11.06722,46.0354],[11.06329,46.0421],[11.05501,46.03777],[11.0499,46.03142],[11.05659,46.02578]],[[11.04188,46.00822],[11.03344,46.00378],[11.03229,46.01109],[11.03016,46.01815],[11.03066,46.02548],[11.02926,46.0289],[11.02058,46.02811],[11.02336,46.02116],[11.02106,46.01404],[11.02597,46.0077],[11.02432,46.00047],[11.02153,45.99346],[11.02465,45.97885],[11.03342,45.98285],[11.04808,46.00235],[11.04188,46.00822]],[[11.03202,46.1551],[11.01977,46.14341],[11.01182,46.13874],[11.00269,46.1352],[10.9974,46.12884],[10.99823,46.12142],[11.00879,46.12006],[11.01843,46.1228],[11.02074,46.12992],[11.02718,46.13617],[11.04316,46.14231],[11.04663,46.1491],[11.04237,46.1558],[11.03202,46.1551]],[[10.85661,46.10259],[10.86622,46.09974],[10.87365,46.10487],[10.87297,46.11207],[10.86919,46.11877],[10.86021,46.12254],[10.86547,46.1289],[10.8628,46.1434],[10.86311,46.15061],[10.87206,46.15439],[10.88089,46.15038],[10.89206,46.13783],[10.89077,46.13049],[10.89194,46.12307],[10.89605,46.11638],[10.89656,46.10917],[10.90535,46.11306],[10.90797,46.12019],[10.91507,46.12543],[10.91391,46.13262],[10.90356,46.1453],[10.8949,46.14931],[10.89029,46.15588],[10.90096,46.15728],[10.90914,46.15246],[10.91938,46.15111],[10.91592,46.15793],[10.90742,46.16217],[10.9074,46.1696],[10.90525,46.17667],[10.90015,46.18324],[10.90409,46.19015],[10.91443,46.19154],[10.92245,46.18684],[10.93269,46.18559],[10.94124,46.17243],[10.95055,46.17575],[10.96072,46.17713],[10.96884,46.18181],[10.96343,46.18803],[10.95334,46.18974],[10.95515,46.19685],[10.9655,46.1979],[10.97062,46.20436],[10.98856,46.21202],[10.98484,46.21665],[10.98247,46.21833],[10.98823,46.22261],[10.98382,46.22907],[10.97971,46.23253],[10.97467,46.23507],[10.97456,46.23857],[10.97191,46.241],[10.97482,46.2496],[10.96442,46.25039],[10.95679,46.24526],[10.94732,46.24847],[10.94136,46.24256],[10.94384,46.2355],[10.94038,46.22859],[10.94039,46.22138],[10.94352,46.21433],[10.94089,46.20732],[10.93478,46.20141],[10.92442,46.20048],[10.91404,46.2008],[10.91467,46.21534],[10.90859,46.22132],[10.90398,46.22779],[10.90594,46.2349],[10.90378,46.2422],[10.90393,46.24952],[10.90293,46.25672],[10.90621,46.26385],[10.91267,46.26954],[10.91513,46.27666],[10.92075,46.2828],[10.92956,46.2868],[10.93602,46.29248],[10.93882,46.2995],[10.9398,46.30672],[10.94294,46.31362],[10.95108,46.31818],[10.94305,46.32277],[10.93407,46.31866],[10.92927,46.31208],[10.91943,46.30978],[10.90281,46.3011],[10.89786,46.29452],[10.8904,46.28939],[10.88959,46.28217],[10.88447,46.27581],[10.88334,46.26848],[10.87311,46.25553],[10.88642,46.24438],[10.88594,46.23716],[10.89615,46.22448],[10.89781,46.21718],[10.90112,46.21013],[10.90311,46.20307],[10.89999,46.19605],[10.89222,46.1908],[10.88167,46.19101],[10.87542,46.1971],[10.86517,46.19857],[10.86831,46.19163],[10.87325,46.18529],[10.87689,46.17836],[10.88635,46.17539],[10.89161,46.16917],[10.88533,46.16337],[10.87497,46.16312],[10.86519,46.16562],[10.86123,46.17232],[10.85385,46.1776],[10.84908,46.17113],[10.83978,46.16792],[10.8403,46.1606],[10.8337,46.15502],[10.82433,46.14209],[10.82813,46.13539],[10.83711,46.13173],[10.83992,46.12479],[10.83299,46.11944],[10.83418,46.10504],[10.82942,46.09845],[10.82731,46.09133],[10.83372,46.08513],[10.84386,46.08709],[10.8517,46.08239],[10.86099,46.0792],[10.86875,46.0841],[10.86074,46.0888],[10.85532,46.09525],[10.85661,46.10259]],[[10.88678,46.66814],[10.89738,46.66919],[10.8972,46.67662],[10.88676,46.67546],[10.87754,46.67179],[10.85667,46.66912],[10.84621,46.6691],[10.83633,46.67183],[10.84165,46.67808],[10.85017,46.68265],[10.86334,46.69426],[10.85524,46.69885],[10.84497,46.69746],[10.83711,46.69266],[10.82772,46.68945],[10.81724,46.68988],[10.81307,46.69657],[10.82176,46.70104],[10.8229,46.70837],[10.82704,46.71507],[10.81668,46.71687],[10.8062,46.71685],[10.79577,46.71533],[10.78977,46.72166],[10.78107,46.71765],[10.77642,46.71118],[10.78208,46.70508],[10.78045,46.69785],[10.78131,46.69065],[10.78631,46.6842],[10.79425,46.67939],[10.79145,46.67225],[10.79955,46.66767],[10.80651,46.66228],[10.81712,46.66322],[10.82684,46.66621],[10.83746,46.66669],[10.87004,46.65968],[10.87688,46.66538],[10.88678,46.66814]],[[10.79265,46.02908],[10.78797,46.03234],[10.7814,46.03225],[10.78324,46.02506],[10.79252,46.02188],[10.79265,46.02908]],[[10.78121,46.11804],[10.78108,46.11072],[10.78472,46.10391],[10.79131,46.10972],[10.78984,46.1153],[10.79159,46.11761],[10.78121,46.11804]],[[10.5662,46.28349],[10.57768,46.29614],[10.58783,46.29355],[10.59621,46.28922],[10.59857,46.3039],[10.60718,46.30827],[10.61684,46.30556],[10.62586,46.30192],[10.63045,46.3084],[10.62694,46.31532],[10.6366,46.31798],[10.64136,46.32458],[10.64999,46.32871],[10.64289,46.3341],[10.63731,46.32761],[10.62659,46.3271],[10.61965,46.32173],[10.6091,46.32134],[10.59928,46.31856],[10.5915,46.31375],[10.58185,46.31085],[10.57167,46.30909],[10.57239,46.30189],[10.56613,46.29607],[10.56125,46.29394],[10.55717,46.28712],[10.5662,46.28349]],[[10.56921,46.33514],[10.56525,46.33507],[10.55557,46.33275],[10.55976,46.32572],[10.57033,46.32566],[10.5776,46.33081],[10.56921,46.33514]],[[10.3597,46.28142],[10.37012,46.28068],[10.38028,46.28269],[10.38752,46.28785],[10.39125,46.29467],[10.38738,46.30147],[10.39615,46.30562],[10.40022,46.31233],[10.40628,46.31838],[10.40735,46.32572],[10.41631,46.32943],[10.42356,46.33481],[10.4318,46.33026],[10.43353,46.32308],[10.42846,46.3167],[10.421,46.30307],[10.42141,46.29587],[10.41785,46.28906],[10.4176,46.28185],[10.41536,46.27472],[10.42552,46.27672],[10.43627,46.27599],[10.4395,46.28291],[10.43352,46.28899],[10.43081,46.29603],[10.43024,46.30323],[10.43681,46.30895],[10.44679,46.30672],[10.45245,46.30052],[10.45499,46.29335],[10.45934,46.28679],[10.4679,46.28247],[10.47617,46.28684],[10.48705,46.28702],[10.48806,46.28646],[10.49262,46.28837],[10.49189,46.29557],[10.48364,46.30035],[10.47323,46.30086],[10.46677,46.30659],[10.46439,46.31365],[10.45567,46.31762],[10.4551,46.32493],[10.44233,46.33639],[10.4464,46.34321],[10.45569,46.34702],[10.45993,46.35362],[10.46866,46.3493],[10.47894,46.3481],[10.4893,46.34964],[10.48011,46.36276],[10.48553,46.36892],[10.475,46.3676],[10.4662,46.36368],[10.45826,46.35897],[10.44768,46.35925],[10.43906,46.35498],[10.43483,46.34816],[10.42519,46.34514],[10.41928,46.3392],[10.41152,46.33438],[10.40109,46.33488],[10.39317,46.33006],[10.39309,46.32285],[10.3855,46.31791],[10.38492,46.31058],[10.37751,46.3053],[10.35679,46.30311],[10.34604,46.30372],[10.33605,46.30148],[10.32578,46.30267],[10.31973,46.2965],[10.31619,46.28934],[10.31381,46.28197],[10.32418,46.28273],[10.33259,46.2783],[10.33069,46.27118],[10.33959,46.26699],[10.34956,46.26934],[10.35939,46.26677],[10.35748,46.27406],[10.3597,46.28142]],[[10.38559,46.42032],[10.38152,46.4135],[10.38194,46.40618],[10.38541,46.39194],[10.39431,46.38797],[10.38924,46.38159],[10.39098,46.37441],[10.38941,46.36729],[10.39846,46.36356],[10.40487,46.36928],[10.40628,46.37651],[10.41438,46.38111],[10.43318,46.38738],[10.44361,46.3871],[10.45186,46.38254],[10.45997,46.38714],[10.4672,46.38829],[10.476,46.39221],[10.47149,46.39878],[10.46197,46.40171],[10.45355,46.40603],[10.44418,46.40953],[10.43364,46.4081],[10.42553,46.4035],[10.41515,46.40218],[10.40932,46.40837],[10.41007,46.41559],[10.41991,46.41805],[10.42364,46.42486],[10.42257,46.43205],[10.41463,46.43706],[10.40423,46.4362],[10.40183,46.42906],[10.39268,46.42559],[10.38559,46.42032]],[[10.3935,46.18613],[10.40713,46.18702],[10.40453,46.19415],[10.40358,46.20133],[10.38612,46.19322],[10.38293,46.18636],[10.3935,46.18613]],[[10.2807,46.33023],[10.28241,46.34533],[10.2844,46.34911],[10.28571,46.35138],[10.29243,46.35733],[10.30107,46.35714],[10.3126,46.36005],[10.31946,46.36632],[10.32674,46.3711],[10.32895,46.379],[10.32164,46.38419],[10.31688,46.3897],[10.30941,46.39529],[10.30849,46.40248],[10.29818,46.40401],[10.28974,46.40866],[10.29263,46.41558],[10.29753,46.42196],[10.31888,46.42166],[10.32377,46.42815],[10.31696,46.43364],[10.31412,46.44812],[10.29985,46.45407],[10.29471,46.45383],[10.29729,46.44679],[10.2965,46.43213],[10.27553,46.43083],[10.26522,46.43224],[10.26466,46.42502],[10.27357,46.42107],[10.27746,46.41427],[10.26815,46.41101],[10.26777,46.40357],[10.27603,46.39914],[10.28638,46.39658],[10.29059,46.38991],[10.30075,46.38769],[10.30789,46.38244],[10.29927,46.3784],[10.28874,46.37718],[10.27961,46.37369],[10.27473,46.36708],[10.27959,46.36065],[10.27952,46.35344],[10.27092,46.34023],[10.27087,46.33268],[10.2807,46.33023]],[[10.29615,46.22991],[10.28936,46.22801],[10.284,46.2234],[10.27957,46.2177],[10.27673,46.2108],[10.27732,46.20355],[10.28253,46.20537],[10.28831,46.20975],[10.29486,46.21228],[10.29981,46.21758],[10.3012,46.22492],[10.29615,46.22991]],[[10.26398,46.52789],[10.25961,46.52134],[10.27363,46.51526],[10.28428,46.51229],[10.29509,46.51184],[10.29181,46.51883],[10.28144,46.51999],[10.27225,46.52347],[10.26398,46.52789]],[[10.24238,46.18905],[10.23831,46.19503],[10.23177,46.19785],[10.2267,46.19289],[10.22601,46.18579],[10.2369,46.18467],[10.24238,46.18905]],[[10.23596,46.54473],[10.21509,46.54633],[10.21773,46.54172],[10.23277,46.53787],[10.23596,46.54473]],[[10.2104,46.36208],[10.20001,46.36151],[10.19023,46.36427],[10.18957,46.37147],[10.18215,46.3663],[10.18331,46.359],[10.17393,46.35582],[10.18028,46.35008],[10.18771,46.35514],[10.19719,46.35202],[10.20285,46.349],[10.21318,46.34786],[10.22297,46.34497],[10.22733,46.35153],[10.23049,46.35851],[10.22017,46.35943],[10.2104,46.36208]],[[10.20147,46.60477],[10.19574,46.59862],[10.19524,46.59139],[10.19007,46.57712],[10.18658,46.56979],[10.19687,46.5675],[10.20374,46.56188],[10.21434,46.55983],[10.204,46.57266],[10.20617,46.57972],[10.21019,46.5865],[10.20175,46.59091],[10.20558,46.59814],[10.20147,46.60477]],[[10.20276,46.46447],[10.21037,46.46954],[10.20321,46.4748],[10.20206,46.48198],[10.19192,46.47992],[10.19226,46.47249],[10.19815,46.46638],[10.20276,46.46447]],[[10.13991,46.43854],[10.1576,46.44624],[10.16195,46.4528],[10.16974,46.45764],[10.17007,46.46487],[10.16181,46.46929],[10.15763,46.46262],[10.15497,46.45554],[10.1445,46.45588],[10.13547,46.45947],[10.13004,46.46604],[10.12654,46.45916],[10.13049,46.45242],[10.12782,46.44546],[10.1188,46.44183],[10.10886,46.44413],[10.09883,46.43118],[10.10229,46.42431],[10.10898,46.4187],[10.11461,46.41637],[10.12083,46.42219],[10.12585,46.42855],[10.13488,46.43218],[10.13991,46.43854]],[[10.15751,46.48358],[10.156,46.49098],[10.14994,46.49707],[10.14654,46.491],[10.14941,46.48549],[10.15041,46.4783],[10.15751,46.48358]],[[9.85693,46.09664],[9.85443,46.08213],[9.84293,46.06412],[9.83492,46.06662],[9.83042,46.08513],[9.82892,46.09914],[9.82442,46.11014],[9.81792,46.10614],[9.81542,46.09163],[9.81492,46.07212],[9.80841,46.05712],[9.79641,46.06812],[9.7914,46.08663],[9.7904,46.09714],[9.7879,46.10064],[9.7849,46.09714],[9.7844,46.07262],[9.7779,46.06462],[9.76389,46.06962],[9.74888,46.09263],[9.73738,46.10514],[9.73088,46.10814],[9.72737,46.10414],[9.73338,46.09413],[9.74338,46.08413],[9.75189,46.07162],[9.74888,46.05712],[9.75289,46.05111],[9.75889,46.04961],[9.76889,46.04961],[9.7734,46.04861],[9.7754,46.04361],[9.7764,46.0311],[9.7834,46.0251],[9.80491,46.04611],[9.83442,46.04061],[9.85994,46.03911],[9.87394,46.04161],[9.89145,46.06562],[9.89345,46.07312],[9.89195,46.07963],[9.88795,46.08863],[9.88245,46.08463],[9.88095,46.07262],[9.87644,46.06412],[9.87094,46.06412],[9.86994,46.07663],[9.87044,46.08763],[9.87594,46.09563],[9.88295,46.10164],[9.88845,46.11064],[9.88445,46.11564],[9.87594,46.11164],[9.85693,46.09664]],[[9.79288,46.23664],[9.79452,46.24375],[9.78741,46.25195],[9.7978,46.26726],[9.81694,46.27765],[9.82788,46.29242],[9.81366,46.2957],[9.80163,46.2968],[9.79069,46.28914],[9.7803,46.28805],[9.77046,46.28805],[9.7628,46.29297],[9.75296,46.28859],[9.74257,46.29023],[9.73436,46.2875],[9.73327,46.28203],[9.73928,46.27492],[9.72561,46.26398],[9.71632,46.25414],[9.69882,46.24594],[9.68241,46.23992],[9.67858,46.23445],[9.69553,46.235],[9.70975,46.24047],[9.71741,46.24101],[9.71522,46.23062],[9.72288,46.2257],[9.72889,46.23008],[9.74967,46.23008],[9.76225,46.22734],[9.771,46.23062],[9.78194,46.22133],[9.79725,46.21969],[9.80655,46.21641],[9.80764,46.2257],[9.79725,46.23062],[9.79288,46.23664]]],[[[9.52139,46.31972],[9.5425,46.30694],[9.54727,46.30554],[9.53858,46.30172],[9.5178,46.30062],[9.50796,46.29515],[9.5,46.29491],[9.5,46.34186],[9.52139,46.31972]]],[[[9.51069,46.27711],[9.5446,46.28969],[9.55991,46.29187],[9.56757,46.28969],[9.56976,46.28476],[9.56757,46.27492],[9.5539,46.26453],[9.54569,46.25141],[9.54581,46.25003],[9.53806,46.24521],[9.53102,46.24523],[9.52387,46.24402],[9.52333,46.23685],[9.52895,46.23234],[9.53019,46.2253],[9.54418,46.22177],[9.54957,46.21702],[9.54781,46.2102],[9.54409,46.20423],[9.53938,46.19902],[9.53386,46.19456],[9.51991,46.19116],[9.50559,46.19125],[9.5,46.19034],[9.5,46.27804],[9.51069,46.27711]]],[[[12.57389,46.12733],[12.56351,46.12773],[12.5598,46.13451],[12.55873,46.14184],[12.55882,46.14906],[12.56433,46.15545],[12.58335,46.16131],[12.58823,46.15972],[12.59251,46.1561],[12.59276,46.14888],[12.58906,46.14489],[12.5812,46.13267],[12.57389,46.12733]]],[[[11.82306,45.90089],[11.82848,45.89414],[11.82719,45.88669],[11.81834,45.88244],[11.81639,45.87533],[11.81248,45.86845],[11.8061,45.86271],[11.79627,45.86029],[11.79248,45.86705],[11.78642,45.86738],[11.77713,45.86249],[11.76792,45.86047],[11.76675,45.86769],[11.77591,45.87183],[11.76794,45.87453],[11.75802,45.87913],[11.76555,45.88407],[11.76964,45.88465],[11.77766,45.88948],[11.77404,45.89405],[11.76763,45.89977],[11.77006,45.90699],[11.78402,45.90175],[11.78789,45.9031],[11.79793,45.913],[11.80185,45.91977],[11.80741,45.92596],[11.81758,45.9277],[11.82137,45.92094],[11.81599,45.90661],[11.82306,45.90089]]],[[[10.46451,45.8879],[10.45758,45.8889],[10.45386,45.89513],[10.44784,45.89905],[10.4462,45.90589],[10.45021,45.91978],[10.44741,45.92659],[10.44932,45.93371],[10.45234,45.94026],[10.45402,45.94714],[10.46805,45.95281],[10.47442,45.94935],[10.47733,45.94271],[10.47048,45.92192],[10.47137,45.90764],[10.47092,45.90002],[10.46929,45.89302],[10.46451,45.8879]]],[[[10.41282,45.98184],[10.40606,45.98389],[10.40288,45.98815],[10.40613,45.99476],[10.41114,46.00012],[10.41715,46.00404],[10.42399,46.0064],[10.43672,46.01356],[10.44365,46.0125],[10.44899,46.00786],[10.44998,46.00073],[10.44661,45.99429],[10.44025,45.99036],[10.42681,45.98529],[10.41997,45.98281],[10.41282,45.98184]]],[[[10.34447,45.86405],[10.33988,45.87015],[10.33772,45.87698],[10.33825,45.88884],[10.34542,45.88743],[10.35471,45.87617],[10.35663,45.8694],[10.3515,45.86439],[10.34447,45.86405]]],[[[10.23938,46.01553],[10.22473,46.01567],[10.2178,46.01673],[10.21014,46.02127],[10.21591,46.026],[10.23035,46.03062],[10.24433,46.03355],[10.25132,46.03261],[10.25545,46.02691],[10.25283,46.02025],[10.24659,46.01644],[10.23938,46.01553]]],[[[10.17276,45.77915],[10.16881,45.78496],[10.16845,45.79199],[10.16868,45.79903],[10.17221,45.80721],[10.17914,45.80597],[10.18159,45.79938],[10.1864,45.79416],[10.18449,45.78722],[10.17913,45.78244],[10.17276,45.77915]]],[[[10.1642,45.97622],[10.15797,45.97671],[10.15347,45.97897],[10.15597,45.98557],[10.16169,45.99007],[10.16878,45.99081],[10.17365,45.98565],[10.17104,45.97905],[10.1642,45.97622]]],[[[10.1444,46.04236],[10.15143,46.04281],[10.15686,46.0476],[10.16358,46.04996],[10.16822,46.04456],[10.16777,46.03706],[10.16545,46.03023],[10.15967,46.02567],[10.15336,46.0225],[10.142,46.01304],[10.13533,46.01016],[10.1308,46.01573],[10.13074,46.02305],[10.12788,46.02981],[10.12393,46.03597],[10.12184,46.04146],[10.12001,46.05097],[10.12321,46.05735],[10.12911,46.06133],[10.13614,46.06154],[10.14079,46.05591],[10.14172,46.04895],[10.1444,46.04236]]],[[[10.14796,45.74428],[10.14264,45.74664],[10.14438,45.75347],[10.14974,45.75854],[10.15641,45.76084],[10.16232,45.75674],[10.16047,45.7498],[10.15493,45.74525],[10.14796,45.74428]]],[[[10.08364,45.99629],[10.0767,45.9984],[10.06443,46.00555],[10.06301,46.00785],[10.06209,46.01243],[10.06523,46.01898],[10.07007,46.02411],[10.07626,46.02797],[10.09212,46.04197],[10.09784,46.04612],[10.10352,46.04184],[10.10196,46.03479],[10.09882,46.02794],[10.08909,46.01764],[10.08776,46.01041],[10.09108,46.00389],[10.09073,45.9968],[10.08364,45.99629]]],[[[10.09453,46.07734],[10.0879,46.06458],[10.081,46.06274],[10.07397,46.06229],[10.06813,46.05808],[10.06412,46.05192],[10.05769,46.04892],[10.05065,46.04929],[10.03944,46.04076],[10.02048,46.03154],[10.0208,46.03028],[10.01205,46.02552],[10.00542,46.0228],[9.98383,46.02232],[9.9768,46.02042],[9.97087,46.01654],[9.96588,46.01115],[9.96198,46.00513],[9.95982,45.9983],[9.95571,45.97678],[9.95361,45.96983],[9.94599,45.95791],[9.94139,45.95246],[9.94079,45.94547],[9.94434,45.93926],[9.94008,45.92548],[9.94165,45.91145],[9.94001,45.90445],[9.93408,45.90046],[9.92726,45.90217],[9.92538,45.90897],[9.92491,45.92306],[9.92323,45.93744],[9.91881,45.94336],[9.91895,45.95047],[9.9218,45.95695],[9.92073,45.96405],[9.91684,45.97003],[9.91888,45.97685],[9.92417,45.98149],[9.93115,45.98228],[9.93719,45.98628],[9.93837,45.99345],[9.93741,46.00044],[9.93856,46.01472],[9.94612,46.02699],[9.94735,46.03417],[9.9449,46.04085],[9.94043,46.04642],[9.93981,46.05358],[9.94528,46.05804],[9.95255,46.05756],[9.96282,46.04765],[9.9769,46.04814],[9.98376,46.04958],[9.99017,46.05167],[9.9963,46.06537],[10.00321,46.06686],[10.00992,46.06452],[10.02433,46.06554],[10.03571,46.07395],[10.04269,46.07306],[10.05466,46.08067],[10.06132,46.08373],[10.0758,46.08399],[10.0899,46.08739],[10.09633,46.08411],[10.09453,46.07734]]],[[[10.07098,45.94433],[10.05847,45.95136],[10.05664,45.95424],[10.06248,45.95839],[10.06951,45.95837],[10.07404,45.95285],[10.07776,45.94669],[10.07098,45.94433]]],[[[10.06728,45.97731],[10.07591,45.97979],[10.07718,45.976],[10.0752,45.97139],[10.06561,45.96584],[10.05902,45.96646],[10.05346,45.96863],[10.05001,45.97236],[10.04878,45.97538],[10.03874,45.97974],[10.03198,45.98416],[10.02166,45.9946],[10.03245,45.99789],[10.04331,45.99965],[10.05642,45.99994],[10.05881,45.99542],[10.05676,45.99233],[10.05686,45.99004],[10.0669,45.98569],[10.0638,45.98181],[10.06393,45.97876],[10.06728,45.97731]]],[[[10.01519,46.01002],[10.01331,46.01127],[10.01563,46.01822],[10.02578,46.02819],[10.03208,46.03217],[10.03868,46.03488],[10.04572,46.0355],[10.05076,46.03063],[10.04803,46.02397],[10.0422,46.01947],[10.0353,46.01734],[10.02245,46.01041],[10.01519,46.01002]]],[[[10.03927,45.95881],[10.02501,45.95989],[10.0187,45.95649],[10.01363,45.95159],[10.0044,45.94937],[10.00265,45.95638],[10.00392,45.9636],[10.00911,45.9685],[10.01536,45.97219],[10.01856,45.97857],[10.02433,45.98266],[10.02886,45.97709],[10.03495,45.97305],[10.04195,45.97111],[10.0478,45.96724],[10.04629,45.96037],[10.03927,45.95881]]],[[[10.02002,45.9457],[10.02264,45.95236],[10.03645,45.95511],[10.03477,45.94829],[10.02002,45.9457]]],[[[9.99078,45.969],[9.98391,45.97083],[9.97823,45.97505],[9.97906,45.98204],[9.98117,45.98881],[9.98477,45.99495],[9.99082,45.9986],[10.00512,46.00054],[10.00624,45.97265],[9.99788,45.96922],[9.99078,45.969]]],[[[9.89451,45.9791],[9.88798,45.98174],[9.87725,45.991],[9.87026,45.99271],[9.86304,45.9929],[9.85668,45.99583],[9.85632,45.99886],[9.86108,46.00407],[9.86789,46.00603],[9.87277,46.01119],[9.8798,46.01268],[9.88703,46.01139],[9.89339,46.00828],[9.89832,46.00318],[9.90173,45.98939],[9.90079,45.9824],[9.89451,45.9791]]],[[[9.8791,45.96695],[9.87182,45.96726],[9.85807,45.97067],[9.83903,45.98064],[9.83769,45.98407],[9.84425,45.98679],[9.8509,45.9845],[9.85698,45.9808],[9.86381,45.97805],[9.8779,45.97545],[9.88415,45.97211],[9.8791,45.96695]]],[[[9.84194,45.96452],[9.84876,45.96264],[9.8703,45.96096],[9.86611,45.95517],[9.85872,45.95472],[9.84451,45.95725],[9.82973,45.95723],[9.82247,45.95613],[9.81565,45.95778],[9.80838,45.95722],[9.8019,45.96009],[9.79486,45.95842],[9.78835,45.95564],[9.78147,45.95811],[9.77572,45.95388],[9.76924,45.95705],[9.7622,45.95642],[9.75937,45.95746],[9.7635,45.9622],[9.76937,45.96619],[9.78386,45.96645],[9.79007,45.96987],[9.79536,45.97491],[9.79984,45.9807],[9.80547,45.98493],[9.81144,45.98118],[9.81671,45.97591],[9.82268,45.97221],[9.82972,45.97185],[9.83614,45.96891],[9.84194,45.96452]]],[[[9.81188,45.92462],[9.81306,45.93179],[9.81771,45.93735],[9.82317,45.94181],[9.83009,45.94301],[9.83525,45.93798],[9.83147,45.9319],[9.82549,45.92819],[9.81874,45.92553],[9.81188,45.92462]]],[[[9.79416,45.9364],[9.79058,45.93673],[9.79055,45.94383],[9.79398,45.95003],[9.80078,45.95228],[9.80777,45.95098],[9.81264,45.94588],[9.80689,45.94142],[9.79416,45.9364]]],[[[9.77711,45.94096],[9.7723,45.94524],[9.77113,45.9482],[9.77811,45.94923],[9.78333,45.94443],[9.77711,45.94096]]],[[[9.65333,45.96959],[9.64782,45.97428],[9.65016,45.98117],[9.66161,45.99929],[9.66285,46.00623],[9.66201,46.01327],[9.6571,46.02676],[9.6532,46.03268],[9.64167,46.04106],[9.64149,46.04222],[9.64263,46.04631],[9.64664,46.05221],[9.65245,46.05632],[9.65931,46.05875],[9.66676,46.05862],[9.67301,46.05528],[9.67627,46.04901],[9.67336,46.04252],[9.66876,46.03702],[9.67064,46.03028],[9.67374,46.02354],[9.68439,46.00443],[9.68546,45.99739],[9.68238,45.99108],[9.67732,45.98564],[9.65984,45.97272],[9.65333,45.96959]]],[[[9.63105,46.00529],[9.62491,46.0091],[9.62271,46.02318],[9.61818,46.02863],[9.61549,46.03502],[9.61777,46.04179],[9.6244,46.04445],[9.63127,46.04274],[9.63615,46.03771],[9.63733,46.03078],[9.63856,46.01628],[9.63686,46.00934],[9.63105,46.00529]]],[[[9.60822,45.99968],[9.60863,45.98494],[9.60503,45.9788],[9.59798,45.98028],[9.59207,45.98438],[9.57246,45.99329],[9.56747,45.99851],[9.56415,46.00495],[9.56262,46.011],[9.56971,46.01308],[9.58106,46.0043],[9.59321,46.01176],[9.59312,46.01893],[9.60016,46.0188],[9.60532,46.01376],[9.60822,45.99968]]],[[[9.56838,45.96612],[9.55425,45.96202],[9.56067,45.95891],[9.56765,45.96006],[9.57299,45.95543],[9.56816,45.94999],[9.54062,45.93998],[9.53328,45.94105],[9.52726,45.94491],[9.52925,45.95174],[9.5293,45.96601],[9.52261,45.9637],[9.51686,45.95971],[9.50963,45.96147],[9.50764,45.96857],[9.51055,45.97522],[9.51011,45.98221],[9.50576,45.99972],[9.51122,46.00412],[9.51821,46.0027],[9.52435,45.99901],[9.53139,45.99818],[9.53787,45.9949],[9.5522,45.99288],[9.55971,45.99089],[9.56591,45.98749],[9.57153,45.98286],[9.57554,45.97712],[9.5743,45.96995],[9.56838,45.96612]]],[[[9.5003,46.0178],[9.5,46.01659],[9.5,46.01786],[9.5003,46.0178]]]]},"properties":{"mid":"216","pid":"586","source_citation":"Castiglioni, 2004","source_reference":"Castiglioni, G. B. Quaternary glaciations in the eastern sector of the Italian Alps. in Developments in Quaternary Sciences vol. 2 209\u2013214 (Elsevier, 2004)","source_doi":"10.1016/S1571-0866(04)80072-1","source_year":2004,"range":"Central European Highlands","sub_range":"Eastern Alps, Western Alps","deglaciation_upper_yr":29300,"deglaciation_lower_yr":17700,"area_km2":22185.8830917,"paleo_ela_m":0.0}},{"type":"Feature","geometry":{"type":"Polygon","coordinates":[[[9.5,45.74112],[9.50408,45.73443],[9.504,45.72738],[9.5,45.7254],[9.5,45.74112]]]},"properties":{"mid":"214","pid":"584","source_citation":"Bini et al., 2004","source_reference":"Bini, A. et al. Glacial history of the southern side of the central Alps, Italy. in Developments in Quaternary Sciences vol. 2 195\u2013200 (Elsevier, 2004)","source_doi":"10.1016/S1571-0866(04)80070-8\n","source_year":2004,"range":"Central European Highlands","sub_range":"Eastern Alps, Western Alps","deglaciation_upper_yr":25000,"deglaciation_lower_yr":15000,"area_km2":3401.3112905,"paleo_ela_m":0.0}},{"type":"Feature","geometry":{"type":"Polygon","coordinates":[[[13.5,46.32066],[13.49269,46.31439],[13.4912,46.31007],[13.49074,46.30526],[13.49264,46.30054],[13.49106,46.29901],[13.4883,46.29812],[13.48164,46.2996],[13.47032,46.30522],[13.44689,46.30351],[13.4342,46.30355],[13.39684,46.30657],[13.39699,46.30808],[13.39604,46.30827],[13.44083,46.34638],[13.5,46.37853],[13.5,46.32066]]]},"properties":{"mid":"217","pid":"587","source_citation":"Bavec and Verbi\u010d, 2004","source_reference":"Bavec, M. & Verbi\u010d, T. The extent of Quaternary glaciations in Slovenia. in Developments in Quaternary Sciences vol. 2 385\u2013388 (Elsevier, 2004)","source_doi":"10.1016/S1571-0866(04)80088-5","source_year":2004,"range":"Central European Highlands","sub_range":"Eastern Alps","deglaciation_upper_yr":0,"deglaciation_lower_yr":0,"area_km2":996.618204168,"paleo_ela_m":0.0}}]}